[0.153s] DEBUG:colcon:Command line arguments: ['/home/zzy/.local/bin/colcon', 'build', '--symlink-install']
[0.153s] DEBUG:colcon:Parsed command line arguments: Namespace(log_base=None, log_level=None, verb_name='build', build_base='build', install_base='install', merge_install=False, symlink_install=True, test_result_base=None, continue_on_error=False, executor='parallel', parallel_workers=24, event_handlers=None, ignore_user_meta=False, metas=['./colcon.meta'], base_paths=['.'], packages_ignore=None, packages_ignore_regex=None, paths=None, packages_up_to=None, packages_up_to_regex=None, packages_above=None, packages_above_and_dependencies=None, packages_above_depth=None, packages_select_by_dep=None, packages_skip_by_dep=None, packages_skip_up_to=None, packages_select_build_failed=False, packages_skip_build_finished=False, packages_select_test_failures=False, packages_skip_test_passed=False, packages_select=None, packages_skip=None, packages_select_regex=None, packages_skip_regex=None, packages_start=None, packages_end=None, allow_overriding=[], cmake_args=None, cmake_target=None, cmake_target_skip_unavailable=False, cmake_clean_cache=False, cmake_clean_first=False, cmake_force_configure=False, ament_cmake_args=None, catkin_cmake_args=None, catkin_skip_building_tests=False, mixin_files=None, mixin=None, verb_parser=<colcon_mixin.mixin.mixin_argument.MixinArgumentDecorator object at 0x7f3a115317e0>, verb_extension=<colcon_core.verb.build.BuildVerb object at 0x7f3a11676650>, main=<bound method BuildVerb.main of <colcon_core.verb.build.BuildVerb object at 0x7f3a11676650>>, mixin_verb=('build',))
[0.201s] Level 1:colcon.colcon_core.package_discovery:discover_packages(colcon_meta) check parameters
[0.201s] Level 1:colcon.colcon_core.package_discovery:discover_packages(recursive) check parameters
[0.201s] Level 1:colcon.colcon_core.package_discovery:discover_packages(ignore) check parameters
[0.201s] Level 1:colcon.colcon_core.package_discovery:discover_packages(path) check parameters
[0.201s] Level 1:colcon.colcon_core.package_discovery:discover_packages(colcon_meta) discover
[0.201s] Level 1:colcon.colcon_core.package_discovery:discover_packages(recursive) discover
[0.201s] INFO:colcon.colcon_core.package_discovery:Crawling recursively for packages in '/home/zzy/ur_real'
[0.201s] Level 1:colcon.colcon_core.package_identification:_identify(.) by extensions ['ignore', 'ignore_ament_install']
[0.201s] Level 1:colcon.colcon_core.package_identification:_identify(.) by extension 'ignore'
[0.201s] Level 1:colcon.colcon_core.package_identification:_identify(.) by extension 'ignore_ament_install'
[0.201s] Level 1:colcon.colcon_core.package_identification:_identify(.) by extensions ['colcon_pkg']
[0.201s] Level 1:colcon.colcon_core.package_identification:_identify(.) by extension 'colcon_pkg'
[0.201s] Level 1:colcon.colcon_core.package_identification:_identify(.) by extensions ['colcon_meta']
[0.201s] Level 1:colcon.colcon_core.package_identification:_identify(.) by extension 'colcon_meta'
[0.201s] Level 1:colcon.colcon_core.package_identification:_identify(.) by extensions ['ros']
[0.201s] Level 1:colcon.colcon_core.package_identification:_identify(.) by extension 'ros'
[0.211s] Level 1:colcon.colcon_core.package_identification:_identify(.) by extensions ['cmake', 'python']
[0.211s] Level 1:colcon.colcon_core.package_identification:_identify(.) by extension 'cmake'
[0.212s] Level 1:colcon.colcon_core.package_identification:_identify(.) by extension 'python'
[0.212s] Level 1:colcon.colcon_core.package_identification:_identify(.) by extensions ['python_setup_py']
[0.212s] Level 1:colcon.colcon_core.package_identification:_identify(.) by extension 'python_setup_py'
[0.212s] Level 1:colcon.colcon_core.package_identification:_identify(Documents) by extensions ['ignore', 'ignore_ament_install']
[0.212s] Level 1:colcon.colcon_core.package_identification:_identify(Documents) by extension 'ignore'
[0.212s] Level 1:colcon.colcon_core.package_identification:_identify(Documents) by extension 'ignore_ament_install'
[0.212s] Level 1:colcon.colcon_core.package_identification:_identify(Documents) by extensions ['colcon_pkg']
[0.212s] Level 1:colcon.colcon_core.package_identification:_identify(Documents) by extension 'colcon_pkg'
[0.212s] Level 1:colcon.colcon_core.package_identification:_identify(Documents) by extensions ['colcon_meta']
[0.212s] Level 1:colcon.colcon_core.package_identification:_identify(Documents) by extension 'colcon_meta'
[0.212s] Level 1:colcon.colcon_core.package_identification:_identify(Documents) by extensions ['ros']
[0.212s] Level 1:colcon.colcon_core.package_identification:_identify(Documents) by extension 'ros'
[0.212s] Level 1:colcon.colcon_core.package_identification:_identify(Documents) by extensions ['cmake', 'python']
[0.212s] Level 1:colcon.colcon_core.package_identification:_identify(Documents) by extension 'cmake'
[0.212s] Level 1:colcon.colcon_core.package_identification:_identify(Documents) by extension 'python'
[0.212s] Level 1:colcon.colcon_core.package_identification:_identify(Documents) by extensions ['python_setup_py']
[0.212s] Level 1:colcon.colcon_core.package_identification:_identify(Documents) by extension 'python_setup_py'
[0.212s] Level 1:colcon.colcon_core.package_identification:_identify(Documents/10-29 平滑路径规划) by extensions ['ignore', 'ignore_ament_install']
[0.212s] Level 1:colcon.colcon_core.package_identification:_identify(Documents/10-29 平滑路径规划) by extension 'ignore'
[0.212s] Level 1:colcon.colcon_core.package_identification:_identify(Documents/10-29 平滑路径规划) by extension 'ignore_ament_install'
[0.212s] Level 1:colcon.colcon_core.package_identification:_identify(Documents/10-29 平滑路径规划) by extensions ['colcon_pkg']
[0.212s] Level 1:colcon.colcon_core.package_identification:_identify(Documents/10-29 平滑路径规划) by extension 'colcon_pkg'
[0.212s] Level 1:colcon.colcon_core.package_identification:_identify(Documents/10-29 平滑路径规划) by extensions ['colcon_meta']
[0.213s] Level 1:colcon.colcon_core.package_identification:_identify(Documents/10-29 平滑路径规划) by extension 'colcon_meta'
[0.213s] Level 1:colcon.colcon_core.package_identification:_identify(Documents/10-29 平滑路径规划) by extensions ['ros']
[0.213s] Level 1:colcon.colcon_core.package_identification:_identify(Documents/10-29 平滑路径规划) by extension 'ros'
[0.213s] Level 1:colcon.colcon_core.package_identification:_identify(Documents/10-29 平滑路径规划) by extensions ['cmake', 'python']
[0.213s] Level 1:colcon.colcon_core.package_identification:_identify(Documents/10-29 平滑路径规划) by extension 'cmake'
[0.213s] Level 1:colcon.colcon_core.package_identification:_identify(Documents/10-29 平滑路径规划) by extension 'python'
[0.213s] Level 1:colcon.colcon_core.package_identification:_identify(Documents/10-29 平滑路径规划) by extensions ['python_setup_py']
[0.213s] Level 1:colcon.colcon_core.package_identification:_identify(Documents/10-29 平滑路径规划) by extension 'python_setup_py'
[0.213s] Level 1:colcon.colcon_core.package_identification:_identify(Documents/11-22 push box) by extensions ['ignore', 'ignore_ament_install']
[0.213s] Level 1:colcon.colcon_core.package_identification:_identify(Documents/11-22 push box) by extension 'ignore'
[0.213s] Level 1:colcon.colcon_core.package_identification:_identify(Documents/11-22 push box) by extension 'ignore_ament_install'
[0.213s] Level 1:colcon.colcon_core.package_identification:_identify(Documents/11-22 push box) by extensions ['colcon_pkg']
[0.213s] Level 1:colcon.colcon_core.package_identification:_identify(Documents/11-22 push box) by extension 'colcon_pkg'
[0.213s] Level 1:colcon.colcon_core.package_identification:_identify(Documents/11-22 push box) by extensions ['colcon_meta']
[0.213s] Level 1:colcon.colcon_core.package_identification:_identify(Documents/11-22 push box) by extension 'colcon_meta'
[0.213s] Level 1:colcon.colcon_core.package_identification:_identify(Documents/11-22 push box) by extensions ['ros']
[0.213s] Level 1:colcon.colcon_core.package_identification:_identify(Documents/11-22 push box) by extension 'ros'
[0.213s] Level 1:colcon.colcon_core.package_identification:_identify(Documents/11-22 push box) by extensions ['cmake', 'python']
[0.213s] Level 1:colcon.colcon_core.package_identification:_identify(Documents/11-22 push box) by extension 'cmake'
[0.213s] Level 1:colcon.colcon_core.package_identification:_identify(Documents/11-22 push box) by extension 'python'
[0.213s] Level 1:colcon.colcon_core.package_identification:_identify(Documents/11-22 push box) by extensions ['python_setup_py']
[0.213s] Level 1:colcon.colcon_core.package_identification:_identify(Documents/11-22 push box) by extension 'python_setup_py'
[0.213s] Level 1:colcon.colcon_core.package_identification:_identify(Documents/12-16 UR10打磨加速度-位置-力) by extensions ['ignore', 'ignore_ament_install']
[0.213s] Level 1:colcon.colcon_core.package_identification:_identify(Documents/12-16 UR10打磨加速度-位置-力) by extension 'ignore'
[0.213s] Level 1:colcon.colcon_core.package_identification:_identify(Documents/12-16 UR10打磨加速度-位置-力) by extension 'ignore_ament_install'
[0.213s] Level 1:colcon.colcon_core.package_identification:_identify(Documents/12-16 UR10打磨加速度-位置-力) by extensions ['colcon_pkg']
[0.214s] Level 1:colcon.colcon_core.package_identification:_identify(Documents/12-16 UR10打磨加速度-位置-力) by extension 'colcon_pkg'
[0.214s] Level 1:colcon.colcon_core.package_identification:_identify(Documents/12-16 UR10打磨加速度-位置-力) by extensions ['colcon_meta']
[0.214s] Level 1:colcon.colcon_core.package_identification:_identify(Documents/12-16 UR10打磨加速度-位置-力) by extension 'colcon_meta'
[0.214s] Level 1:colcon.colcon_core.package_identification:_identify(Documents/12-16 UR10打磨加速度-位置-力) by extensions ['ros']
[0.214s] Level 1:colcon.colcon_core.package_identification:_identify(Documents/12-16 UR10打磨加速度-位置-力) by extension 'ros'
[0.214s] Level 1:colcon.colcon_core.package_identification:_identify(Documents/12-16 UR10打磨加速度-位置-力) by extensions ['cmake', 'python']
[0.214s] Level 1:colcon.colcon_core.package_identification:_identify(Documents/12-16 UR10打磨加速度-位置-力) by extension 'cmake'
[0.214s] Level 1:colcon.colcon_core.package_identification:_identify(Documents/12-16 UR10打磨加速度-位置-力) by extension 'python'
[0.214s] Level 1:colcon.colcon_core.package_identification:_identify(Documents/12-16 UR10打磨加速度-位置-力) by extensions ['python_setup_py']
[0.214s] Level 1:colcon.colcon_core.package_identification:_identify(Documents/12-16 UR10打磨加速度-位置-力) by extension 'python_setup_py'
[0.214s] Level 1:colcon.colcon_core.package_identification:_identify(Documents/12-9 IMU测试) by extensions ['ignore', 'ignore_ament_install']
[0.214s] Level 1:colcon.colcon_core.package_identification:_identify(Documents/12-9 IMU测试) by extension 'ignore'
[0.214s] Level 1:colcon.colcon_core.package_identification:_identify(Documents/12-9 IMU测试) by extension 'ignore_ament_install'
[0.214s] Level 1:colcon.colcon_core.package_identification:_identify(Documents/12-9 IMU测试) by extensions ['colcon_pkg']
[0.214s] Level 1:colcon.colcon_core.package_identification:_identify(Documents/12-9 IMU测试) by extension 'colcon_pkg'
[0.214s] Level 1:colcon.colcon_core.package_identification:_identify(Documents/12-9 IMU测试) by extensions ['colcon_meta']
[0.214s] Level 1:colcon.colcon_core.package_identification:_identify(Documents/12-9 IMU测试) by extension 'colcon_meta'
[0.214s] Level 1:colcon.colcon_core.package_identification:_identify(Documents/12-9 IMU测试) by extensions ['ros']
[0.214s] Level 1:colcon.colcon_core.package_identification:_identify(Documents/12-9 IMU测试) by extension 'ros'
[0.214s] Level 1:colcon.colcon_core.package_identification:_identify(Documents/12-9 IMU测试) by extensions ['cmake', 'python']
[0.214s] Level 1:colcon.colcon_core.package_identification:_identify(Documents/12-9 IMU测试) by extension 'cmake'
[0.214s] Level 1:colcon.colcon_core.package_identification:_identify(Documents/12-9 IMU测试) by extension 'python'
[0.214s] Level 1:colcon.colcon_core.package_identification:_identify(Documents/12-9 IMU测试) by extensions ['python_setup_py']
[0.214s] Level 1:colcon.colcon_core.package_identification:_identify(Documents/12-9 IMU测试) by extension 'python_setup_py'
[0.215s] Level 1:colcon.colcon_core.package_identification:_identify(Documents/force_z_axis) by extensions ['ignore', 'ignore_ament_install']
[0.215s] Level 1:colcon.colcon_core.package_identification:_identify(Documents/force_z_axis) by extension 'ignore'
[0.215s] Level 1:colcon.colcon_core.package_identification:_identify(Documents/force_z_axis) by extension 'ignore_ament_install'
[0.215s] Level 1:colcon.colcon_core.package_identification:_identify(Documents/force_z_axis) by extensions ['colcon_pkg']
[0.215s] Level 1:colcon.colcon_core.package_identification:_identify(Documents/force_z_axis) by extension 'colcon_pkg'
[0.215s] Level 1:colcon.colcon_core.package_identification:_identify(Documents/force_z_axis) by extensions ['colcon_meta']
[0.215s] Level 1:colcon.colcon_core.package_identification:_identify(Documents/force_z_axis) by extension 'colcon_meta'
[0.215s] Level 1:colcon.colcon_core.package_identification:_identify(Documents/force_z_axis) by extensions ['ros']
[0.215s] Level 1:colcon.colcon_core.package_identification:_identify(Documents/force_z_axis) by extension 'ros'
[0.215s] Level 1:colcon.colcon_core.package_identification:_identify(Documents/force_z_axis) by extensions ['cmake', 'python']
[0.215s] Level 1:colcon.colcon_core.package_identification:_identify(Documents/force_z_axis) by extension 'cmake'
[0.215s] Level 1:colcon.colcon_core.package_identification:_identify(Documents/force_z_axis) by extension 'python'
[0.215s] Level 1:colcon.colcon_core.package_identification:_identify(Documents/force_z_axis) by extensions ['python_setup_py']
[0.215s] Level 1:colcon.colcon_core.package_identification:_identify(Documents/force_z_axis) by extension 'python_setup_py'
[0.215s] Level 1:colcon.colcon_core.package_identification:_identify(build) by extensions ['ignore', 'ignore_ament_install']
[0.215s] Level 1:colcon.colcon_core.package_identification:_identify(build) by extension 'ignore'
[0.215s] Level 1:colcon.colcon_core.package_identification:_identify(build) ignored
[0.215s] Level 1:colcon.colcon_core.package_identification:_identify(install) by extensions ['ignore', 'ignore_ament_install']
[0.215s] Level 1:colcon.colcon_core.package_identification:_identify(install) by extension 'ignore'
[0.215s] Level 1:colcon.colcon_core.package_identification:_identify(install) ignored
[0.215s] Level 1:colcon.colcon_core.package_identification:_identify(log) by extensions ['ignore', 'ignore_ament_install']
[0.215s] Level 1:colcon.colcon_core.package_identification:_identify(log) by extension 'ignore'
[0.215s] Level 1:colcon.colcon_core.package_identification:_identify(log) ignored
[0.215s] Level 1:colcon.colcon_core.package_identification:_identify(src) by extensions ['ignore', 'ignore_ament_install']
[0.215s] Level 1:colcon.colcon_core.package_identification:_identify(src) by extension 'ignore'
[0.215s] Level 1:colcon.colcon_core.package_identification:_identify(src) by extension 'ignore_ament_install'
[0.216s] Level 1:colcon.colcon_core.package_identification:_identify(src) by extensions ['colcon_pkg']
[0.216s] Level 1:colcon.colcon_core.package_identification:_identify(src) by extension 'colcon_pkg'
[0.216s] Level 1:colcon.colcon_core.package_identification:_identify(src) by extensions ['colcon_meta']
[0.216s] Level 1:colcon.colcon_core.package_identification:_identify(src) by extension 'colcon_meta'
[0.216s] Level 1:colcon.colcon_core.package_identification:_identify(src) by extensions ['ros']
[0.216s] Level 1:colcon.colcon_core.package_identification:_identify(src) by extension 'ros'
[0.216s] Level 1:colcon.colcon_core.package_identification:_identify(src) by extensions ['cmake', 'python']
[0.216s] Level 1:colcon.colcon_core.package_identification:_identify(src) by extension 'cmake'
[0.216s] Level 1:colcon.colcon_core.package_identification:_identify(src) by extension 'python'
[0.216s] Level 1:colcon.colcon_core.package_identification:_identify(src) by extensions ['python_setup_py']
[0.216s] Level 1:colcon.colcon_core.package_identification:_identify(src) by extension 'python_setup_py'
[0.216s] Level 1:colcon.colcon_core.package_identification:_identify(src/ati_sensor) by extensions ['ignore', 'ignore_ament_install']
[0.216s] Level 1:colcon.colcon_core.package_identification:_identify(src/ati_sensor) by extension 'ignore'
[0.216s] Level 1:colcon.colcon_core.package_identification:_identify(src/ati_sensor) by extension 'ignore_ament_install'
[0.216s] Level 1:colcon.colcon_core.package_identification:_identify(src/ati_sensor) by extensions ['colcon_pkg']
[0.216s] Level 1:colcon.colcon_core.package_identification:_identify(src/ati_sensor) by extension 'colcon_pkg'
[0.216s] Level 1:colcon.colcon_core.package_identification:_identify(src/ati_sensor) by extensions ['colcon_meta']
[0.216s] Level 1:colcon.colcon_core.package_identification:_identify(src/ati_sensor) by extension 'colcon_meta'
[0.216s] Level 1:colcon.colcon_core.package_identification:_identify(src/ati_sensor) by extensions ['ros']
[0.216s] Level 1:colcon.colcon_core.package_identification:_identify(src/ati_sensor) by extension 'ros'
[0.218s] DEBUG:colcon.colcon_core.package_identification:Package 'src/ati_sensor' with type 'ros.ament_python' and name 'ati_sensor'
[0.218s] Level 1:colcon.colcon_core.package_identification:_identify(src/camera) by extensions ['ignore', 'ignore_ament_install']
[0.218s] Level 1:colcon.colcon_core.package_identification:_identify(src/camera) by extension 'ignore'
[0.218s] Level 1:colcon.colcon_core.package_identification:_identify(src/camera) by extension 'ignore_ament_install'
[0.218s] Level 1:colcon.colcon_core.package_identification:_identify(src/camera) by extensions ['colcon_pkg']
[0.218s] Level 1:colcon.colcon_core.package_identification:_identify(src/camera) by extension 'colcon_pkg'
[0.218s] Level 1:colcon.colcon_core.package_identification:_identify(src/camera) by extensions ['colcon_meta']
[0.218s] Level 1:colcon.colcon_core.package_identification:_identify(src/camera) by extension 'colcon_meta'
[0.218s] Level 1:colcon.colcon_core.package_identification:_identify(src/camera) by extensions ['ros']
[0.218s] Level 1:colcon.colcon_core.package_identification:_identify(src/camera) by extension 'ros'
[0.220s] DEBUG:colcon.colcon_core.package_identification:Package 'src/camera' with type 'ros.ament_python' and name 'camera'
[0.220s] Level 1:colcon.colcon_core.package_identification:_identify(src/easy_handeye2) by extensions ['ignore', 'ignore_ament_install']
[0.220s] Level 1:colcon.colcon_core.package_identification:_identify(src/easy_handeye2) by extension 'ignore'
[0.220s] Level 1:colcon.colcon_core.package_identification:_identify(src/easy_handeye2) by extension 'ignore_ament_install'
[0.220s] Level 1:colcon.colcon_core.package_identification:_identify(src/easy_handeye2) by extensions ['colcon_pkg']
[0.220s] Level 1:colcon.colcon_core.package_identification:_identify(src/easy_handeye2) by extension 'colcon_pkg'
[0.220s] Level 1:colcon.colcon_core.package_identification:_identify(src/easy_handeye2) by extensions ['colcon_meta']
[0.220s] Level 1:colcon.colcon_core.package_identification:_identify(src/easy_handeye2) by extension 'colcon_meta'
[0.220s] Level 1:colcon.colcon_core.package_identification:_identify(src/easy_handeye2) by extensions ['ros']
[0.220s] Level 1:colcon.colcon_core.package_identification:_identify(src/easy_handeye2) by extension 'ros'
[0.220s] Level 1:colcon.colcon_core.package_identification:_identify(src/easy_handeye2) by extensions ['cmake', 'python']
[0.220s] Level 1:colcon.colcon_core.package_identification:_identify(src/easy_handeye2) by extension 'cmake'
[0.220s] Level 1:colcon.colcon_core.package_identification:_identify(src/easy_handeye2) by extension 'python'
[0.220s] Level 1:colcon.colcon_core.package_identification:_identify(src/easy_handeye2) by extensions ['python_setup_py']
[0.220s] Level 1:colcon.colcon_core.package_identification:_identify(src/easy_handeye2) by extension 'python_setup_py'
[0.220s] Level 1:colcon.colcon_core.package_identification:_identify(src/easy_handeye2/docs) by extensions ['ignore', 'ignore_ament_install']
[0.220s] Level 1:colcon.colcon_core.package_identification:_identify(src/easy_handeye2/docs) by extension 'ignore'
[0.220s] Level 1:colcon.colcon_core.package_identification:_identify(src/easy_handeye2/docs) by extension 'ignore_ament_install'
[0.220s] Level 1:colcon.colcon_core.package_identification:_identify(src/easy_handeye2/docs) by extensions ['colcon_pkg']
[0.220s] Level 1:colcon.colcon_core.package_identification:_identify(src/easy_handeye2/docs) by extension 'colcon_pkg'
[0.220s] Level 1:colcon.colcon_core.package_identification:_identify(src/easy_handeye2/docs) by extensions ['colcon_meta']
[0.220s] Level 1:colcon.colcon_core.package_identification:_identify(src/easy_handeye2/docs) by extension 'colcon_meta'
[0.220s] Level 1:colcon.colcon_core.package_identification:_identify(src/easy_handeye2/docs) by extensions ['ros']
[0.220s] Level 1:colcon.colcon_core.package_identification:_identify(src/easy_handeye2/docs) by extension 'ros'
[0.220s] Level 1:colcon.colcon_core.package_identification:_identify(src/easy_handeye2/docs) by extensions ['cmake', 'python']
[0.220s] Level 1:colcon.colcon_core.package_identification:_identify(src/easy_handeye2/docs) by extension 'cmake'
[0.220s] Level 1:colcon.colcon_core.package_identification:_identify(src/easy_handeye2/docs) by extension 'python'
[0.220s] Level 1:colcon.colcon_core.package_identification:_identify(src/easy_handeye2/docs) by extensions ['python_setup_py']
[0.220s] Level 1:colcon.colcon_core.package_identification:_identify(src/easy_handeye2/docs) by extension 'python_setup_py'
[0.221s] Level 1:colcon.colcon_core.package_identification:_identify(src/easy_handeye2/docs/img) by extensions ['ignore', 'ignore_ament_install']
[0.221s] Level 1:colcon.colcon_core.package_identification:_identify(src/easy_handeye2/docs/img) by extension 'ignore'
[0.221s] Level 1:colcon.colcon_core.package_identification:_identify(src/easy_handeye2/docs/img) by extension 'ignore_ament_install'
[0.221s] Level 1:colcon.colcon_core.package_identification:_identify(src/easy_handeye2/docs/img) by extensions ['colcon_pkg']
[0.221s] Level 1:colcon.colcon_core.package_identification:_identify(src/easy_handeye2/docs/img) by extension 'colcon_pkg'
[0.221s] Level 1:colcon.colcon_core.package_identification:_identify(src/easy_handeye2/docs/img) by extensions ['colcon_meta']
[0.221s] Level 1:colcon.colcon_core.package_identification:_identify(src/easy_handeye2/docs/img) by extension 'colcon_meta'
[0.221s] Level 1:colcon.colcon_core.package_identification:_identify(src/easy_handeye2/docs/img) by extensions ['ros']
[0.221s] Level 1:colcon.colcon_core.package_identification:_identify(src/easy_handeye2/docs/img) by extension 'ros'
[0.221s] Level 1:colcon.colcon_core.package_identification:_identify(src/easy_handeye2/docs/img) by extensions ['cmake', 'python']
[0.221s] Level 1:colcon.colcon_core.package_identification:_identify(src/easy_handeye2/docs/img) by extension 'cmake'
[0.221s] Level 1:colcon.colcon_core.package_identification:_identify(src/easy_handeye2/docs/img) by extension 'python'
[0.221s] Level 1:colcon.colcon_core.package_identification:_identify(src/easy_handeye2/docs/img) by extensions ['python_setup_py']
[0.221s] Level 1:colcon.colcon_core.package_identification:_identify(src/easy_handeye2/docs/img) by extension 'python_setup_py'
[0.221s] Level 1:colcon.colcon_core.package_identification:_identify(src/easy_handeye2/easy_handeye2) by extensions ['ignore', 'ignore_ament_install']
[0.221s] Level 1:colcon.colcon_core.package_identification:_identify(src/easy_handeye2/easy_handeye2) by extension 'ignore'
[0.221s] Level 1:colcon.colcon_core.package_identification:_identify(src/easy_handeye2/easy_handeye2) by extension 'ignore_ament_install'
[0.221s] Level 1:colcon.colcon_core.package_identification:_identify(src/easy_handeye2/easy_handeye2) by extensions ['colcon_pkg']
[0.221s] Level 1:colcon.colcon_core.package_identification:_identify(src/easy_handeye2/easy_handeye2) by extension 'colcon_pkg'
[0.221s] Level 1:colcon.colcon_core.package_identification:_identify(src/easy_handeye2/easy_handeye2) by extensions ['colcon_meta']
[0.221s] Level 1:colcon.colcon_core.package_identification:_identify(src/easy_handeye2/easy_handeye2) by extension 'colcon_meta'
[0.221s] Level 1:colcon.colcon_core.package_identification:_identify(src/easy_handeye2/easy_handeye2) by extensions ['ros']
[0.221s] Level 1:colcon.colcon_core.package_identification:_identify(src/easy_handeye2/easy_handeye2) by extension 'ros'
[0.222s] DEBUG:colcon.colcon_core.package_identification:Package 'src/easy_handeye2/easy_handeye2' with type 'ros.ament_python' and name 'easy_handeye2'
[0.222s] Level 1:colcon.colcon_core.package_identification:_identify(src/easy_handeye2/easy_handeye2_msgs) by extensions ['ignore', 'ignore_ament_install']
[0.222s] Level 1:colcon.colcon_core.package_identification:_identify(src/easy_handeye2/easy_handeye2_msgs) by extension 'ignore'
[0.222s] Level 1:colcon.colcon_core.package_identification:_identify(src/easy_handeye2/easy_handeye2_msgs) by extension 'ignore_ament_install'
[0.222s] Level 1:colcon.colcon_core.package_identification:_identify(src/easy_handeye2/easy_handeye2_msgs) by extensions ['colcon_pkg']
[0.222s] Level 1:colcon.colcon_core.package_identification:_identify(src/easy_handeye2/easy_handeye2_msgs) by extension 'colcon_pkg'
[0.222s] Level 1:colcon.colcon_core.package_identification:_identify(src/easy_handeye2/easy_handeye2_msgs) by extensions ['colcon_meta']
[0.222s] Level 1:colcon.colcon_core.package_identification:_identify(src/easy_handeye2/easy_handeye2_msgs) by extension 'colcon_meta'
[0.222s] Level 1:colcon.colcon_core.package_identification:_identify(src/easy_handeye2/easy_handeye2_msgs) by extensions ['ros']
[0.222s] Level 1:colcon.colcon_core.package_identification:_identify(src/easy_handeye2/easy_handeye2_msgs) by extension 'ros'
[0.223s] DEBUG:colcon.colcon_core.package_identification:Package 'src/easy_handeye2/easy_handeye2_msgs' with type 'ros.ament_cmake' and name 'easy_handeye2_msgs'
[0.223s] Level 1:colcon.colcon_core.package_identification:_identify(src/ferrobotics) by extensions ['ignore', 'ignore_ament_install']
[0.223s] Level 1:colcon.colcon_core.package_identification:_identify(src/ferrobotics) by extension 'ignore'
[0.223s] Level 1:colcon.colcon_core.package_identification:_identify(src/ferrobotics) by extension 'ignore_ament_install'
[0.223s] Level 1:colcon.colcon_core.package_identification:_identify(src/ferrobotics) by extensions ['colcon_pkg']
[0.223s] Level 1:colcon.colcon_core.package_identification:_identify(src/ferrobotics) by extension 'colcon_pkg'
[0.223s] Level 1:colcon.colcon_core.package_identification:_identify(src/ferrobotics) by extensions ['colcon_meta']
[0.223s] Level 1:colcon.colcon_core.package_identification:_identify(src/ferrobotics) by extension 'colcon_meta'
[0.223s] Level 1:colcon.colcon_core.package_identification:_identify(src/ferrobotics) by extensions ['ros']
[0.223s] Level 1:colcon.colcon_core.package_identification:_identify(src/ferrobotics) by extension 'ros'
[0.224s] DEBUG:colcon.colcon_core.package_identification:Package 'src/ferrobotics' with type 'ros.ament_cmake' and name 'ferrobotics'
[0.224s] Level 1:colcon.colcon_core.package_identification:_identify(src/ferrobotics_acf) by extensions ['ignore', 'ignore_ament_install']
[0.224s] Level 1:colcon.colcon_core.package_identification:_identify(src/ferrobotics_acf) by extension 'ignore'
[0.224s] Level 1:colcon.colcon_core.package_identification:_identify(src/ferrobotics_acf) by extension 'ignore_ament_install'
[0.224s] Level 1:colcon.colcon_core.package_identification:_identify(src/ferrobotics_acf) by extensions ['colcon_pkg']
[0.224s] Level 1:colcon.colcon_core.package_identification:_identify(src/ferrobotics_acf) by extension 'colcon_pkg'
[0.224s] Level 1:colcon.colcon_core.package_identification:_identify(src/ferrobotics_acf) by extensions ['colcon_meta']
[0.224s] Level 1:colcon.colcon_core.package_identification:_identify(src/ferrobotics_acf) by extension 'colcon_meta'
[0.224s] Level 1:colcon.colcon_core.package_identification:_identify(src/ferrobotics_acf) by extensions ['ros']
[0.224s] Level 1:colcon.colcon_core.package_identification:_identify(src/ferrobotics_acf) by extension 'ros'
[0.224s] DEBUG:colcon.colcon_core.package_identification:Package 'src/ferrobotics_acf' with type 'ros.ament_python' and name 'ferrobotics_acf'
[0.224s] Level 1:colcon.colcon_core.package_identification:_identify(src/gravity_compensation) by extensions ['ignore', 'ignore_ament_install']
[0.225s] Level 1:colcon.colcon_core.package_identification:_identify(src/gravity_compensation) by extension 'ignore'
[0.225s] Level 1:colcon.colcon_core.package_identification:_identify(src/gravity_compensation) by extension 'ignore_ament_install'
[0.225s] Level 1:colcon.colcon_core.package_identification:_identify(src/gravity_compensation) by extensions ['colcon_pkg']
[0.225s] Level 1:colcon.colcon_core.package_identification:_identify(src/gravity_compensation) by extension 'colcon_pkg'
[0.225s] Level 1:colcon.colcon_core.package_identification:_identify(src/gravity_compensation) by extensions ['colcon_meta']
[0.225s] Level 1:colcon.colcon_core.package_identification:_identify(src/gravity_compensation) by extension 'colcon_meta'
[0.225s] Level 1:colcon.colcon_core.package_identification:_identify(src/gravity_compensation) by extensions ['ros']
[0.225s] Level 1:colcon.colcon_core.package_identification:_identify(src/gravity_compensation) by extension 'ros'
[0.225s] DEBUG:colcon.colcon_core.package_identification:Package 'src/gravity_compensation' with type 'ros.ament_python' and name 'gravity_compensation'
[0.225s] Level 1:colcon.colcon_core.package_identification:_identify(src/pymoveit2) by extensions ['ignore', 'ignore_ament_install']
[0.225s] Level 1:colcon.colcon_core.package_identification:_identify(src/pymoveit2) by extension 'ignore'
[0.225s] Level 1:colcon.colcon_core.package_identification:_identify(src/pymoveit2) by extension 'ignore_ament_install'
[0.225s] Level 1:colcon.colcon_core.package_identification:_identify(src/pymoveit2) by extensions ['colcon_pkg']
[0.225s] Level 1:colcon.colcon_core.package_identification:_identify(src/pymoveit2) by extension 'colcon_pkg'
[0.225s] Level 1:colcon.colcon_core.package_identification:_identify(src/pymoveit2) by extensions ['colcon_meta']
[0.225s] Level 1:colcon.colcon_core.package_identification:_identify(src/pymoveit2) by extension 'colcon_meta'
[0.225s] Level 1:colcon.colcon_core.package_identification:_identify(src/pymoveit2) by extensions ['ros']
[0.225s] Level 1:colcon.colcon_core.package_identification:_identify(src/pymoveit2) by extension 'ros'
[0.226s] DEBUG:colcon.colcon_core.package_identification:Package 'src/pymoveit2' with type 'ros.ament_cmake' and name 'pymoveit2'
[0.226s] Level 1:colcon.colcon_core.package_identification:_identify(src/ur10_moveit_config) by extensions ['ignore', 'ignore_ament_install']
[0.226s] Level 1:colcon.colcon_core.package_identification:_identify(src/ur10_moveit_config) by extension 'ignore'
[0.226s] Level 1:colcon.colcon_core.package_identification:_identify(src/ur10_moveit_config) by extension 'ignore_ament_install'
[0.226s] Level 1:colcon.colcon_core.package_identification:_identify(src/ur10_moveit_config) by extensions ['colcon_pkg']
[0.226s] Level 1:colcon.colcon_core.package_identification:_identify(src/ur10_moveit_config) by extension 'colcon_pkg'
[0.226s] Level 1:colcon.colcon_core.package_identification:_identify(src/ur10_moveit_config) by extensions ['colcon_meta']
[0.226s] Level 1:colcon.colcon_core.package_identification:_identify(src/ur10_moveit_config) by extension 'colcon_meta'
[0.226s] Level 1:colcon.colcon_core.package_identification:_identify(src/ur10_moveit_config) by extensions ['ros']
[0.226s] Level 1:colcon.colcon_core.package_identification:_identify(src/ur10_moveit_config) by extension 'ros'
[0.227s] DEBUG:colcon.colcon_core.package_identification:Package 'src/ur10_moveit_config' with type 'ros.ament_cmake' and name 'ur10_moveit_config'
[0.227s] Level 1:colcon.colcon_core.package_identification:_identify(src/ur10_vel) by extensions ['ignore', 'ignore_ament_install']
[0.227s] Level 1:colcon.colcon_core.package_identification:_identify(src/ur10_vel) by extension 'ignore'
[0.227s] Level 1:colcon.colcon_core.package_identification:_identify(src/ur10_vel) by extension 'ignore_ament_install'
[0.227s] Level 1:colcon.colcon_core.package_identification:_identify(src/ur10_vel) by extensions ['colcon_pkg']
[0.227s] Level 1:colcon.colcon_core.package_identification:_identify(src/ur10_vel) by extension 'colcon_pkg'
[0.227s] Level 1:colcon.colcon_core.package_identification:_identify(src/ur10_vel) by extensions ['colcon_meta']
[0.227s] Level 1:colcon.colcon_core.package_identification:_identify(src/ur10_vel) by extension 'colcon_meta'
[0.227s] Level 1:colcon.colcon_core.package_identification:_identify(src/ur10_vel) by extensions ['ros']
[0.227s] Level 1:colcon.colcon_core.package_identification:_identify(src/ur10_vel) by extension 'ros'
[0.228s] DEBUG:colcon.colcon_core.package_identification:Package 'src/ur10_vel' with type 'ros.ament_python' and name 'ur10_vel'
[0.228s] Level 1:colcon.colcon_core.package_identification:_identify(src/ur_bringup) by extensions ['ignore', 'ignore_ament_install']
[0.228s] Level 1:colcon.colcon_core.package_identification:_identify(src/ur_bringup) by extension 'ignore'
[0.228s] Level 1:colcon.colcon_core.package_identification:_identify(src/ur_bringup) by extension 'ignore_ament_install'
[0.228s] Level 1:colcon.colcon_core.package_identification:_identify(src/ur_bringup) by extensions ['colcon_pkg']
[0.228s] Level 1:colcon.colcon_core.package_identification:_identify(src/ur_bringup) by extension 'colcon_pkg'
[0.228s] Level 1:colcon.colcon_core.package_identification:_identify(src/ur_bringup) by extensions ['colcon_meta']
[0.228s] Level 1:colcon.colcon_core.package_identification:_identify(src/ur_bringup) by extension 'colcon_meta'
[0.228s] Level 1:colcon.colcon_core.package_identification:_identify(src/ur_bringup) by extensions ['ros']
[0.228s] Level 1:colcon.colcon_core.package_identification:_identify(src/ur_bringup) by extension 'ros'
[0.228s] DEBUG:colcon.colcon_core.package_identification:Package 'src/ur_bringup' with type 'ros.ament_cmake' and name 'ur_bringup'
[0.228s] Level 1:colcon.colcon_core.package_discovery:discover_packages(recursive) using defaults
[0.228s] Level 1:colcon.colcon_core.package_discovery:discover_packages(ignore) discover
[0.228s] Level 1:colcon.colcon_core.package_discovery:discover_packages(ignore) using defaults
[0.228s] Level 1:colcon.colcon_core.package_discovery:discover_packages(path) discover
[0.228s] Level 1:colcon.colcon_core.package_discovery:discover_packages(path) using defaults
[0.248s] Level 1:colcon.colcon_core.package_discovery:discover_packages(prefix_path) check parameters
[0.248s] Level 1:colcon.colcon_core.package_discovery:discover_packages(prefix_path) discover
[0.251s] DEBUG:colcon.colcon_installed_package_information.package_discovery:Found 12 installed packages in /home/zzy/ur_real/install
[0.252s] DEBUG:colcon.colcon_installed_package_information.package_discovery:Found 400 installed packages in /opt/ros/humble
[0.253s] Level 1:colcon.colcon_core.package_discovery:discover_packages(prefix_path) using defaults
[0.285s] Level 5:colcon.colcon_core.verb:set package 'ati_sensor' build argument 'cmake_args' from command line to 'None'
[0.285s] Level 5:colcon.colcon_core.verb:set package 'ati_sensor' build argument 'cmake_target' from command line to 'None'
[0.285s] Level 5:colcon.colcon_core.verb:set package 'ati_sensor' build argument 'cmake_target_skip_unavailable' from command line to 'False'
[0.285s] Level 5:colcon.colcon_core.verb:set package 'ati_sensor' build argument 'cmake_clean_cache' from command line to 'False'
[0.285s] Level 5:colcon.colcon_core.verb:set package 'ati_sensor' build argument 'cmake_clean_first' from command line to 'False'
[0.285s] Level 5:colcon.colcon_core.verb:set package 'ati_sensor' build argument 'cmake_force_configure' from command line to 'False'
[0.285s] Level 5:colcon.colcon_core.verb:set package 'ati_sensor' build argument 'ament_cmake_args' from command line to 'None'
[0.285s] Level 5:colcon.colcon_core.verb:set package 'ati_sensor' build argument 'catkin_cmake_args' from command line to 'None'
[0.285s] Level 5:colcon.colcon_core.verb:set package 'ati_sensor' build argument 'catkin_skip_building_tests' from command line to 'False'
[0.285s] DEBUG:colcon.colcon_core.verb:Building package 'ati_sensor' with the following arguments: {'ament_cmake_args': None, 'build_base': '/home/zzy/ur_real/build/ati_sensor', 'catkin_cmake_args': None, 'catkin_skip_building_tests': False, 'cmake_args': None, 'cmake_clean_cache': False, 'cmake_clean_first': False, 'cmake_force_configure': False, 'cmake_target': None, 'cmake_target_skip_unavailable': False, 'install_base': '/home/zzy/ur_real/install/ati_sensor', 'merge_install': False, 'path': '/home/zzy/ur_real/src/ati_sensor', 'symlink_install': True, 'test_result_base': None}
[0.285s] Level 5:colcon.colcon_core.verb:set package 'camera' build argument 'cmake_args' from command line to 'None'
[0.285s] Level 5:colcon.colcon_core.verb:set package 'camera' build argument 'cmake_target' from command line to 'None'
[0.285s] Level 5:colcon.colcon_core.verb:set package 'camera' build argument 'cmake_target_skip_unavailable' from command line to 'False'
[0.285s] Level 5:colcon.colcon_core.verb:set package 'camera' build argument 'cmake_clean_cache' from command line to 'False'
[0.285s] Level 5:colcon.colcon_core.verb:set package 'camera' build argument 'cmake_clean_first' from command line to 'False'
[0.285s] Level 5:colcon.colcon_core.verb:set package 'camera' build argument 'cmake_force_configure' from command line to 'False'
[0.285s] Level 5:colcon.colcon_core.verb:set package 'camera' build argument 'ament_cmake_args' from command line to 'None'
[0.285s] Level 5:colcon.colcon_core.verb:set package 'camera' build argument 'catkin_cmake_args' from command line to 'None'
[0.285s] Level 5:colcon.colcon_core.verb:set package 'camera' build argument 'catkin_skip_building_tests' from command line to 'False'
[0.285s] DEBUG:colcon.colcon_core.verb:Building package 'camera' with the following arguments: {'ament_cmake_args': None, 'build_base': '/home/zzy/ur_real/build/camera', 'catkin_cmake_args': None, 'catkin_skip_building_tests': False, 'cmake_args': None, 'cmake_clean_cache': False, 'cmake_clean_first': False, 'cmake_force_configure': False, 'cmake_target': None, 'cmake_target_skip_unavailable': False, 'install_base': '/home/zzy/ur_real/install/camera', 'merge_install': False, 'path': '/home/zzy/ur_real/src/camera', 'symlink_install': True, 'test_result_base': None}
[0.285s] Level 5:colcon.colcon_core.verb:set package 'easy_handeye2_msgs' build argument 'cmake_args' from command line to 'None'
[0.285s] Level 5:colcon.colcon_core.verb:set package 'easy_handeye2_msgs' build argument 'cmake_target' from command line to 'None'
[0.285s] Level 5:colcon.colcon_core.verb:set package 'easy_handeye2_msgs' build argument 'cmake_target_skip_unavailable' from command line to 'False'
[0.285s] Level 5:colcon.colcon_core.verb:set package 'easy_handeye2_msgs' build argument 'cmake_clean_cache' from command line to 'False'
[0.285s] Level 5:colcon.colcon_core.verb:set package 'easy_handeye2_msgs' build argument 'cmake_clean_first' from command line to 'False'
[0.285s] Level 5:colcon.colcon_core.verb:set package 'easy_handeye2_msgs' build argument 'cmake_force_configure' from command line to 'False'
[0.285s] Level 5:colcon.colcon_core.verb:set package 'easy_handeye2_msgs' build argument 'ament_cmake_args' from command line to 'None'
[0.285s] Level 5:colcon.colcon_core.verb:set package 'easy_handeye2_msgs' build argument 'catkin_cmake_args' from command line to 'None'
[0.285s] Level 5:colcon.colcon_core.verb:set package 'easy_handeye2_msgs' build argument 'catkin_skip_building_tests' from command line to 'False'
[0.285s] DEBUG:colcon.colcon_core.verb:Building package 'easy_handeye2_msgs' with the following arguments: {'ament_cmake_args': None, 'build_base': '/home/zzy/ur_real/build/easy_handeye2_msgs', 'catkin_cmake_args': None, 'catkin_skip_building_tests': False, 'cmake_args': None, 'cmake_clean_cache': False, 'cmake_clean_first': False, 'cmake_force_configure': False, 'cmake_target': None, 'cmake_target_skip_unavailable': False, 'install_base': '/home/zzy/ur_real/install/easy_handeye2_msgs', 'merge_install': False, 'path': '/home/zzy/ur_real/src/easy_handeye2/easy_handeye2_msgs', 'symlink_install': True, 'test_result_base': None}
[0.286s] Level 5:colcon.colcon_core.verb:set package 'ferrobotics' build argument 'cmake_args' from command line to 'None'
[0.286s] Level 5:colcon.colcon_core.verb:set package 'ferrobotics' build argument 'cmake_target' from command line to 'None'
[0.286s] Level 5:colcon.colcon_core.verb:set package 'ferrobotics' build argument 'cmake_target_skip_unavailable' from command line to 'False'
[0.286s] Level 5:colcon.colcon_core.verb:set package 'ferrobotics' build argument 'cmake_clean_cache' from command line to 'False'
[0.286s] Level 5:colcon.colcon_core.verb:set package 'ferrobotics' build argument 'cmake_clean_first' from command line to 'False'
[0.286s] Level 5:colcon.colcon_core.verb:set package 'ferrobotics' build argument 'cmake_force_configure' from command line to 'False'
[0.286s] Level 5:colcon.colcon_core.verb:set package 'ferrobotics' build argument 'ament_cmake_args' from command line to 'None'
[0.286s] Level 5:colcon.colcon_core.verb:set package 'ferrobotics' build argument 'catkin_cmake_args' from command line to 'None'
[0.286s] Level 5:colcon.colcon_core.verb:set package 'ferrobotics' build argument 'catkin_skip_building_tests' from command line to 'False'
[0.286s] DEBUG:colcon.colcon_core.verb:Building package 'ferrobotics' with the following arguments: {'ament_cmake_args': None, 'build_base': '/home/zzy/ur_real/build/ferrobotics', 'catkin_cmake_args': None, 'catkin_skip_building_tests': False, 'cmake_args': None, 'cmake_clean_cache': False, 'cmake_clean_first': False, 'cmake_force_configure': False, 'cmake_target': None, 'cmake_target_skip_unavailable': False, 'install_base': '/home/zzy/ur_real/install/ferrobotics', 'merge_install': False, 'path': '/home/zzy/ur_real/src/ferrobotics', 'symlink_install': True, 'test_result_base': None}
[0.286s] Level 5:colcon.colcon_core.verb:set package 'ferrobotics_acf' build argument 'cmake_args' from command line to 'None'
[0.286s] Level 5:colcon.colcon_core.verb:set package 'ferrobotics_acf' build argument 'cmake_target' from command line to 'None'
[0.286s] Level 5:colcon.colcon_core.verb:set package 'ferrobotics_acf' build argument 'cmake_target_skip_unavailable' from command line to 'False'
[0.286s] Level 5:colcon.colcon_core.verb:set package 'ferrobotics_acf' build argument 'cmake_clean_cache' from command line to 'False'
[0.286s] Level 5:colcon.colcon_core.verb:set package 'ferrobotics_acf' build argument 'cmake_clean_first' from command line to 'False'
[0.286s] Level 5:colcon.colcon_core.verb:set package 'ferrobotics_acf' build argument 'cmake_force_configure' from command line to 'False'
[0.286s] Level 5:colcon.colcon_core.verb:set package 'ferrobotics_acf' build argument 'ament_cmake_args' from command line to 'None'
[0.286s] Level 5:colcon.colcon_core.verb:set package 'ferrobotics_acf' build argument 'catkin_cmake_args' from command line to 'None'
[0.286s] Level 5:colcon.colcon_core.verb:set package 'ferrobotics_acf' build argument 'catkin_skip_building_tests' from command line to 'False'
[0.286s] DEBUG:colcon.colcon_core.verb:Building package 'ferrobotics_acf' with the following arguments: {'ament_cmake_args': None, 'build_base': '/home/zzy/ur_real/build/ferrobotics_acf', 'catkin_cmake_args': None, 'catkin_skip_building_tests': False, 'cmake_args': None, 'cmake_clean_cache': False, 'cmake_clean_first': False, 'cmake_force_configure': False, 'cmake_target': None, 'cmake_target_skip_unavailable': False, 'install_base': '/home/zzy/ur_real/install/ferrobotics_acf', 'merge_install': False, 'path': '/home/zzy/ur_real/src/ferrobotics_acf', 'symlink_install': True, 'test_result_base': None}
[0.286s] Level 5:colcon.colcon_core.verb:set package 'gravity_compensation' build argument 'cmake_args' from command line to 'None'
[0.286s] Level 5:colcon.colcon_core.verb:set package 'gravity_compensation' build argument 'cmake_target' from command line to 'None'
[0.286s] Level 5:colcon.colcon_core.verb:set package 'gravity_compensation' build argument 'cmake_target_skip_unavailable' from command line to 'False'
[0.286s] Level 5:colcon.colcon_core.verb:set package 'gravity_compensation' build argument 'cmake_clean_cache' from command line to 'False'
[0.286s] Level 5:colcon.colcon_core.verb:set package 'gravity_compensation' build argument 'cmake_clean_first' from command line to 'False'
[0.286s] Level 5:colcon.colcon_core.verb:set package 'gravity_compensation' build argument 'cmake_force_configure' from command line to 'False'
[0.286s] Level 5:colcon.colcon_core.verb:set package 'gravity_compensation' build argument 'ament_cmake_args' from command line to 'None'
[0.286s] Level 5:colcon.colcon_core.verb:set package 'gravity_compensation' build argument 'catkin_cmake_args' from command line to 'None'
[0.286s] Level 5:colcon.colcon_core.verb:set package 'gravity_compensation' build argument 'catkin_skip_building_tests' from command line to 'False'
[0.286s] DEBUG:colcon.colcon_core.verb:Building package 'gravity_compensation' with the following arguments: {'ament_cmake_args': None, 'build_base': '/home/zzy/ur_real/build/gravity_compensation', 'catkin_cmake_args': None, 'catkin_skip_building_tests': False, 'cmake_args': None, 'cmake_clean_cache': False, 'cmake_clean_first': False, 'cmake_force_configure': False, 'cmake_target': None, 'cmake_target_skip_unavailable': False, 'install_base': '/home/zzy/ur_real/install/gravity_compensation', 'merge_install': False, 'path': '/home/zzy/ur_real/src/gravity_compensation', 'symlink_install': True, 'test_result_base': None}
[0.287s] Level 5:colcon.colcon_core.verb:set package 'pymoveit2' build argument 'cmake_args' from command line to 'None'
[0.287s] Level 5:colcon.colcon_core.verb:set package 'pymoveit2' build argument 'cmake_target' from command line to 'None'
[0.287s] Level 5:colcon.colcon_core.verb:set package 'pymoveit2' build argument 'cmake_target_skip_unavailable' from command line to 'False'
[0.287s] Level 5:colcon.colcon_core.verb:set package 'pymoveit2' build argument 'cmake_clean_cache' from command line to 'False'
[0.287s] Level 5:colcon.colcon_core.verb:set package 'pymoveit2' build argument 'cmake_clean_first' from command line to 'False'
[0.287s] Level 5:colcon.colcon_core.verb:set package 'pymoveit2' build argument 'cmake_force_configure' from command line to 'False'
[0.287s] Level 5:colcon.colcon_core.verb:set package 'pymoveit2' build argument 'ament_cmake_args' from command line to 'None'
[0.287s] Level 5:colcon.colcon_core.verb:set package 'pymoveit2' build argument 'catkin_cmake_args' from command line to 'None'
[0.287s] Level 5:colcon.colcon_core.verb:set package 'pymoveit2' build argument 'catkin_skip_building_tests' from command line to 'False'
[0.287s] DEBUG:colcon.colcon_core.verb:Building package 'pymoveit2' with the following arguments: {'ament_cmake_args': None, 'build_base': '/home/zzy/ur_real/build/pymoveit2', 'catkin_cmake_args': None, 'catkin_skip_building_tests': False, 'cmake_args': None, 'cmake_clean_cache': False, 'cmake_clean_first': False, 'cmake_force_configure': False, 'cmake_target': None, 'cmake_target_skip_unavailable': False, 'install_base': '/home/zzy/ur_real/install/pymoveit2', 'merge_install': False, 'path': '/home/zzy/ur_real/src/pymoveit2', 'symlink_install': True, 'test_result_base': None}
[0.287s] Level 5:colcon.colcon_core.verb:set package 'ur10_moveit_config' build argument 'cmake_args' from command line to 'None'
[0.287s] Level 5:colcon.colcon_core.verb:set package 'ur10_moveit_config' build argument 'cmake_target' from command line to 'None'
[0.287s] Level 5:colcon.colcon_core.verb:set package 'ur10_moveit_config' build argument 'cmake_target_skip_unavailable' from command line to 'False'
[0.287s] Level 5:colcon.colcon_core.verb:set package 'ur10_moveit_config' build argument 'cmake_clean_cache' from command line to 'False'
[0.287s] Level 5:colcon.colcon_core.verb:set package 'ur10_moveit_config' build argument 'cmake_clean_first' from command line to 'False'
[0.287s] Level 5:colcon.colcon_core.verb:set package 'ur10_moveit_config' build argument 'cmake_force_configure' from command line to 'False'
[0.287s] Level 5:colcon.colcon_core.verb:set package 'ur10_moveit_config' build argument 'ament_cmake_args' from command line to 'None'
[0.287s] Level 5:colcon.colcon_core.verb:set package 'ur10_moveit_config' build argument 'catkin_cmake_args' from command line to 'None'
[0.287s] Level 5:colcon.colcon_core.verb:set package 'ur10_moveit_config' build argument 'catkin_skip_building_tests' from command line to 'False'
[0.287s] DEBUG:colcon.colcon_core.verb:Building package 'ur10_moveit_config' with the following arguments: {'ament_cmake_args': None, 'build_base': '/home/zzy/ur_real/build/ur10_moveit_config', 'catkin_cmake_args': None, 'catkin_skip_building_tests': False, 'cmake_args': None, 'cmake_clean_cache': False, 'cmake_clean_first': False, 'cmake_force_configure': False, 'cmake_target': None, 'cmake_target_skip_unavailable': False, 'install_base': '/home/zzy/ur_real/install/ur10_moveit_config', 'merge_install': False, 'path': '/home/zzy/ur_real/src/ur10_moveit_config', 'symlink_install': True, 'test_result_base': None}
[0.287s] Level 5:colcon.colcon_core.verb:set package 'ur10_vel' build argument 'cmake_args' from command line to 'None'
[0.287s] Level 5:colcon.colcon_core.verb:set package 'ur10_vel' build argument 'cmake_target' from command line to 'None'
[0.287s] Level 5:colcon.colcon_core.verb:set package 'ur10_vel' build argument 'cmake_target_skip_unavailable' from command line to 'False'
[0.287s] Level 5:colcon.colcon_core.verb:set package 'ur10_vel' build argument 'cmake_clean_cache' from command line to 'False'
[0.287s] Level 5:colcon.colcon_core.verb:set package 'ur10_vel' build argument 'cmake_clean_first' from command line to 'False'
[0.287s] Level 5:colcon.colcon_core.verb:set package 'ur10_vel' build argument 'cmake_force_configure' from command line to 'False'
[0.287s] Level 5:colcon.colcon_core.verb:set package 'ur10_vel' build argument 'ament_cmake_args' from command line to 'None'
[0.287s] Level 5:colcon.colcon_core.verb:set package 'ur10_vel' build argument 'catkin_cmake_args' from command line to 'None'
[0.287s] Level 5:colcon.colcon_core.verb:set package 'ur10_vel' build argument 'catkin_skip_building_tests' from command line to 'False'
[0.287s] DEBUG:colcon.colcon_core.verb:Building package 'ur10_vel' with the following arguments: {'ament_cmake_args': None, 'build_base': '/home/zzy/ur_real/build/ur10_vel', 'catkin_cmake_args': None, 'catkin_skip_building_tests': False, 'cmake_args': None, 'cmake_clean_cache': False, 'cmake_clean_first': False, 'cmake_force_configure': False, 'cmake_target': None, 'cmake_target_skip_unavailable': False, 'install_base': '/home/zzy/ur_real/install/ur10_vel', 'merge_install': False, 'path': '/home/zzy/ur_real/src/ur10_vel', 'symlink_install': True, 'test_result_base': None}
[0.288s] Level 5:colcon.colcon_core.verb:set package 'ur_bringup' build argument 'cmake_args' from command line to 'None'
[0.288s] Level 5:colcon.colcon_core.verb:set package 'ur_bringup' build argument 'cmake_target' from command line to 'None'
[0.288s] Level 5:colcon.colcon_core.verb:set package 'ur_bringup' build argument 'cmake_target_skip_unavailable' from command line to 'False'
[0.288s] Level 5:colcon.colcon_core.verb:set package 'ur_bringup' build argument 'cmake_clean_cache' from command line to 'False'
[0.288s] Level 5:colcon.colcon_core.verb:set package 'ur_bringup' build argument 'cmake_clean_first' from command line to 'False'
[0.288s] Level 5:colcon.colcon_core.verb:set package 'ur_bringup' build argument 'cmake_force_configure' from command line to 'False'
[0.288s] Level 5:colcon.colcon_core.verb:set package 'ur_bringup' build argument 'ament_cmake_args' from command line to 'None'
[0.288s] Level 5:colcon.colcon_core.verb:set package 'ur_bringup' build argument 'catkin_cmake_args' from command line to 'None'
[0.288s] Level 5:colcon.colcon_core.verb:set package 'ur_bringup' build argument 'catkin_skip_building_tests' from command line to 'False'
[0.288s] DEBUG:colcon.colcon_core.verb:Building package 'ur_bringup' with the following arguments: {'ament_cmake_args': None, 'build_base': '/home/zzy/ur_real/build/ur_bringup', 'catkin_cmake_args': None, 'catkin_skip_building_tests': False, 'cmake_args': None, 'cmake_clean_cache': False, 'cmake_clean_first': False, 'cmake_force_configure': False, 'cmake_target': None, 'cmake_target_skip_unavailable': False, 'install_base': '/home/zzy/ur_real/install/ur_bringup', 'merge_install': False, 'path': '/home/zzy/ur_real/src/ur_bringup', 'symlink_install': True, 'test_result_base': None}
[0.288s] Level 5:colcon.colcon_core.verb:set package 'easy_handeye2' build argument 'cmake_args' from command line to 'None'
[0.288s] Level 5:colcon.colcon_core.verb:set package 'easy_handeye2' build argument 'cmake_target' from command line to 'None'
[0.288s] Level 5:colcon.colcon_core.verb:set package 'easy_handeye2' build argument 'cmake_target_skip_unavailable' from command line to 'False'
[0.288s] Level 5:colcon.colcon_core.verb:set package 'easy_handeye2' build argument 'cmake_clean_cache' from command line to 'False'
[0.288s] Level 5:colcon.colcon_core.verb:set package 'easy_handeye2' build argument 'cmake_clean_first' from command line to 'False'
[0.288s] Level 5:colcon.colcon_core.verb:set package 'easy_handeye2' build argument 'cmake_force_configure' from command line to 'False'
[0.288s] Level 5:colcon.colcon_core.verb:set package 'easy_handeye2' build argument 'ament_cmake_args' from command line to 'None'
[0.288s] Level 5:colcon.colcon_core.verb:set package 'easy_handeye2' build argument 'catkin_cmake_args' from command line to 'None'
[0.288s] Level 5:colcon.colcon_core.verb:set package 'easy_handeye2' build argument 'catkin_skip_building_tests' from command line to 'False'
[0.288s] DEBUG:colcon.colcon_core.verb:Building package 'easy_handeye2' with the following arguments: {'ament_cmake_args': None, 'build_base': '/home/zzy/ur_real/build/easy_handeye2', 'catkin_cmake_args': None, 'catkin_skip_building_tests': False, 'cmake_args': None, 'cmake_clean_cache': False, 'cmake_clean_first': False, 'cmake_force_configure': False, 'cmake_target': None, 'cmake_target_skip_unavailable': False, 'install_base': '/home/zzy/ur_real/install/easy_handeye2', 'merge_install': False, 'path': '/home/zzy/ur_real/src/easy_handeye2/easy_handeye2', 'symlink_install': True, 'test_result_base': None}
[0.288s] INFO:colcon.colcon_core.executor:Executing jobs using 'parallel' executor
[0.289s] DEBUG:colcon.colcon_parallel_executor.executor.parallel:run_until_complete
[0.289s] INFO:colcon.colcon_ros.task.ament_cmake.build:Building ROS package in '/home/zzy/ur_real/src/easy_handeye2/easy_handeye2_msgs' with build type 'ament_cmake'
[0.289s] INFO:colcon.colcon_cmake.task.cmake.build:Building CMake package in '/home/zzy/ur_real/src/easy_handeye2/easy_handeye2_msgs'
[0.299s] INFO:colcon.colcon_core.plugin_system:Skipping extension 'colcon_core.shell.bat': Not used on non-Windows systems
[0.299s] INFO:colcon.colcon_core.shell:Skip shell extension 'powershell' for command environment: Not usable outside of PowerShell
[0.299s] DEBUG:colcon.colcon_core.shell:Skip shell extension 'dsv' for command environment
[0.302s] INFO:colcon.colcon_ros.task.ament_python.build:Building ROS package in '/home/zzy/ur_real/src/ati_sensor' with build type 'ament_python'
[0.302s] Level 1:colcon.colcon_core.shell:create_environment_hook('ati_sensor', 'ament_prefix_path')
[0.302s] INFO:colcon.colcon_core.shell:Creating environment hook '/home/zzy/ur_real/install/ati_sensor/share/ati_sensor/hook/ament_prefix_path.ps1'
[0.303s] INFO:colcon.colcon_core.shell:Creating environment descriptor '/home/zzy/ur_real/install/ati_sensor/share/ati_sensor/hook/ament_prefix_path.dsv'
[0.303s] INFO:colcon.colcon_core.shell:Creating environment hook '/home/zzy/ur_real/install/ati_sensor/share/ati_sensor/hook/ament_prefix_path.sh'
[0.303s] INFO:colcon.colcon_core.shell:Skip shell extension 'powershell' for command environment: Not usable outside of PowerShell
[0.303s] DEBUG:colcon.colcon_core.shell:Skip shell extension 'dsv' for command environment
[0.306s] INFO:colcon.colcon_ros.task.ament_python.build:Building ROS package in '/home/zzy/ur_real/src/camera' with build type 'ament_python'
[0.306s] Level 1:colcon.colcon_core.shell:create_environment_hook('camera', 'ament_prefix_path')
[0.306s] INFO:colcon.colcon_core.shell:Creating environment hook '/home/zzy/ur_real/install/camera/share/camera/hook/ament_prefix_path.ps1'
[0.306s] INFO:colcon.colcon_core.shell:Creating environment descriptor '/home/zzy/ur_real/install/camera/share/camera/hook/ament_prefix_path.dsv'
[0.306s] INFO:colcon.colcon_core.shell:Creating environment hook '/home/zzy/ur_real/install/camera/share/camera/hook/ament_prefix_path.sh'
[0.307s] INFO:colcon.colcon_core.shell:Skip shell extension 'powershell' for command environment: Not usable outside of PowerShell
[0.307s] DEBUG:colcon.colcon_core.shell:Skip shell extension 'dsv' for command environment
[0.309s] INFO:colcon.colcon_ros.task.ament_cmake.build:Building ROS package in '/home/zzy/ur_real/src/ferrobotics' with build type 'ament_cmake'
[0.309s] INFO:colcon.colcon_cmake.task.cmake.build:Building CMake package in '/home/zzy/ur_real/src/ferrobotics'
[0.309s] INFO:colcon.colcon_core.shell:Skip shell extension 'powershell' for command environment: Not usable outside of PowerShell
[0.309s] DEBUG:colcon.colcon_core.shell:Skip shell extension 'dsv' for command environment
[0.311s] INFO:colcon.colcon_ros.task.ament_python.build:Building ROS package in '/home/zzy/ur_real/src/ferrobotics_acf' with build type 'ament_python'
[0.311s] Level 1:colcon.colcon_core.shell:create_environment_hook('ferrobotics_acf', 'ament_prefix_path')
[0.311s] INFO:colcon.colcon_core.shell:Creating environment hook '/home/zzy/ur_real/install/ferrobotics_acf/share/ferrobotics_acf/hook/ament_prefix_path.ps1'
[0.312s] INFO:colcon.colcon_core.shell:Creating environment descriptor '/home/zzy/ur_real/install/ferrobotics_acf/share/ferrobotics_acf/hook/ament_prefix_path.dsv'
[0.312s] INFO:colcon.colcon_core.shell:Creating environment hook '/home/zzy/ur_real/install/ferrobotics_acf/share/ferrobotics_acf/hook/ament_prefix_path.sh'
[0.312s] INFO:colcon.colcon_core.shell:Skip shell extension 'powershell' for command environment: Not usable outside of PowerShell
[0.312s] DEBUG:colcon.colcon_core.shell:Skip shell extension 'dsv' for command environment
[0.314s] INFO:colcon.colcon_ros.task.ament_python.build:Building ROS package in '/home/zzy/ur_real/src/gravity_compensation' with build type 'ament_python'
[0.314s] Level 1:colcon.colcon_core.shell:create_environment_hook('gravity_compensation', 'ament_prefix_path')
[0.315s] INFO:colcon.colcon_core.shell:Creating environment hook '/home/zzy/ur_real/install/gravity_compensation/share/gravity_compensation/hook/ament_prefix_path.ps1'
[0.315s] INFO:colcon.colcon_core.shell:Creating environment descriptor '/home/zzy/ur_real/install/gravity_compensation/share/gravity_compensation/hook/ament_prefix_path.dsv'
[0.315s] INFO:colcon.colcon_core.shell:Creating environment hook '/home/zzy/ur_real/install/gravity_compensation/share/gravity_compensation/hook/ament_prefix_path.sh'
[0.315s] INFO:colcon.colcon_core.shell:Skip shell extension 'powershell' for command environment: Not usable outside of PowerShell
[0.315s] DEBUG:colcon.colcon_core.shell:Skip shell extension 'dsv' for command environment
[0.317s] INFO:colcon.colcon_ros.task.ament_cmake.build:Building ROS package in '/home/zzy/ur_real/src/pymoveit2' with build type 'ament_cmake'
[0.318s] INFO:colcon.colcon_cmake.task.cmake.build:Building CMake package in '/home/zzy/ur_real/src/pymoveit2'
[0.318s] INFO:colcon.colcon_core.shell:Skip shell extension 'powershell' for command environment: Not usable outside of PowerShell
[0.318s] DEBUG:colcon.colcon_core.shell:Skip shell extension 'dsv' for command environment
[0.320s] INFO:colcon.colcon_ros.task.ament_cmake.build:Building ROS package in '/home/zzy/ur_real/src/ur10_moveit_config' with build type 'ament_cmake'
[0.320s] INFO:colcon.colcon_cmake.task.cmake.build:Building CMake package in '/home/zzy/ur_real/src/ur10_moveit_config'
[0.320s] INFO:colcon.colcon_core.shell:Skip shell extension 'powershell' for command environment: Not usable outside of PowerShell
[0.320s] DEBUG:colcon.colcon_core.shell:Skip shell extension 'dsv' for command environment
[0.322s] INFO:colcon.colcon_ros.task.ament_python.build:Building ROS package in '/home/zzy/ur_real/src/ur10_vel' with build type 'ament_python'
[0.322s] Level 1:colcon.colcon_core.shell:create_environment_hook('ur10_vel', 'ament_prefix_path')
[0.322s] INFO:colcon.colcon_core.shell:Creating environment hook '/home/zzy/ur_real/install/ur10_vel/share/ur10_vel/hook/ament_prefix_path.ps1'
[0.323s] INFO:colcon.colcon_core.shell:Creating environment descriptor '/home/zzy/ur_real/install/ur10_vel/share/ur10_vel/hook/ament_prefix_path.dsv'
[0.323s] INFO:colcon.colcon_core.shell:Creating environment hook '/home/zzy/ur_real/install/ur10_vel/share/ur10_vel/hook/ament_prefix_path.sh'
[0.323s] INFO:colcon.colcon_core.shell:Skip shell extension 'powershell' for command environment: Not usable outside of PowerShell
[0.323s] DEBUG:colcon.colcon_core.shell:Skip shell extension 'dsv' for command environment
[0.325s] INFO:colcon.colcon_ros.task.ament_cmake.build:Building ROS package in '/home/zzy/ur_real/src/ur_bringup' with build type 'ament_cmake'
[0.325s] INFO:colcon.colcon_cmake.task.cmake.build:Building CMake package in '/home/zzy/ur_real/src/ur_bringup'
[0.325s] INFO:colcon.colcon_core.shell:Skip shell extension 'powershell' for command environment: Not usable outside of PowerShell
[0.326s] DEBUG:colcon.colcon_core.shell:Skip shell extension 'dsv' for command environment
[0.333s] DEBUG:colcon.colcon_core.event_handler.log_command:Invoking command in '/home/zzy/ur_real/build/easy_handeye2_msgs': CMAKE_PREFIX_PATH=${CMAKE_PREFIX_PATH}:/home/zzy/ur_real/install/ur10_vel:/home/zzy/ur_real/install/gravity_compensation:/home/zzy/ur_real/install/ferrobotics_acf:/home/zzy/ur_real/install/easy_handeye2:/home/zzy/ur_real/install/camera:/home/zzy/ur_real/install/ati_sensor:/opt/ros/humble /usr/bin/cmake --build /home/zzy/ur_real/build/easy_handeye2_msgs -- -j24 -l24
[0.523s] INFO:colcon.colcon_core.task.python.build:Building Python package in '/home/zzy/ur_real/src/ati_sensor'
[0.523s] INFO:colcon.colcon_core.shell:Skip shell extension 'powershell' for command environment: Not usable outside of PowerShell
[0.523s] DEBUG:colcon.colcon_core.shell:Skip shell extension 'dsv' for command environment
[0.881s] INFO:colcon.colcon_core.task.python.build:Building Python package in '/home/zzy/ur_real/src/camera'
[0.882s] INFO:colcon.colcon_core.shell:Skip shell extension 'powershell' for command environment: Not usable outside of PowerShell
[0.882s] DEBUG:colcon.colcon_core.shell:Skip shell extension 'dsv' for command environment
[0.900s] DEBUG:colcon.colcon_core.event_handler.log_command:Invoking command in '/home/zzy/ur_real/build/ferrobotics': CMAKE_PREFIX_PATH=${CMAKE_PREFIX_PATH}:/home/zzy/ur_real/install/ur10_vel:/home/zzy/ur_real/install/gravity_compensation:/home/zzy/ur_real/install/ferrobotics_acf:/home/zzy/ur_real/install/easy_handeye2:/home/zzy/ur_real/install/camera:/home/zzy/ur_real/install/ati_sensor:/opt/ros/humble /usr/bin/cmake --build /home/zzy/ur_real/build/ferrobotics -- -j24 -l24
[1.374s] INFO:colcon.colcon_core.task.python.build:Building Python package in '/home/zzy/ur_real/src/ferrobotics_acf'
[1.375s] INFO:colcon.colcon_core.shell:Skip shell extension 'powershell' for command environment: Not usable outside of PowerShell
[1.375s] DEBUG:colcon.colcon_core.shell:Skip shell extension 'dsv' for command environment
[1.697s] INFO:colcon.colcon_core.task.python.build:Building Python package in '/home/zzy/ur_real/src/gravity_compensation'
[1.698s] INFO:colcon.colcon_core.shell:Skip shell extension 'powershell' for command environment: Not usable outside of PowerShell
[1.698s] DEBUG:colcon.colcon_core.shell:Skip shell extension 'dsv' for command environment
[1.704s] DEBUG:colcon.colcon_core.event_handler.log_command:Invoking command in '/home/zzy/ur_real/build/pymoveit2': CMAKE_PREFIX_PATH=${CMAKE_PREFIX_PATH}:/home/zzy/ur_real/install/ur10_vel:/home/zzy/ur_real/install/gravity_compensation:/home/zzy/ur_real/install/ferrobotics_acf:/home/zzy/ur_real/install/easy_handeye2:/home/zzy/ur_real/install/camera:/home/zzy/ur_real/install/ati_sensor:/opt/ros/humble /usr/bin/cmake --build /home/zzy/ur_real/build/pymoveit2 -- -j24 -l24
[1.707s] DEBUG:colcon.colcon_core.event_handler.log_command:Invoking command in '/home/zzy/ur_real/build/ur10_moveit_config': CMAKE_PREFIX_PATH=${CMAKE_PREFIX_PATH}:/home/zzy/ur_real/install/ur10_vel:/home/zzy/ur_real/install/gravity_compensation:/home/zzy/ur_real/install/ferrobotics_acf:/home/zzy/ur_real/install/easy_handeye2:/home/zzy/ur_real/install/camera:/home/zzy/ur_real/install/ati_sensor:/opt/ros/humble /usr/bin/cmake --build /home/zzy/ur_real/build/ur10_moveit_config -- -j24 -l24
[1.879s] INFO:colcon.colcon_core.task.python.build:Building Python package in '/home/zzy/ur_real/src/ur10_vel'
[1.880s] INFO:colcon.colcon_core.shell:Skip shell extension 'powershell' for command environment: Not usable outside of PowerShell
[1.880s] DEBUG:colcon.colcon_core.shell:Skip shell extension 'dsv' for command environment
[1.927s] DEBUG:colcon.colcon_core.event_handler.log_command:Invoking command in '/home/zzy/ur_real/build/ur_bringup': CMAKE_PREFIX_PATH=${CMAKE_PREFIX_PATH}:/home/zzy/ur_real/install/ur10_vel:/home/zzy/ur_real/install/gravity_compensation:/home/zzy/ur_real/install/ferrobotics_acf:/home/zzy/ur_real/install/easy_handeye2:/home/zzy/ur_real/install/camera:/home/zzy/ur_real/install/ati_sensor:/opt/ros/humble /usr/bin/cmake --build /home/zzy/ur_real/build/ur_bringup -- -j24 -l24
[1.941s] DEBUG:colcon.colcon_core.event_handler.log_command:Invoked command in '/home/zzy/ur_real/build/ur10_moveit_config' returned '0': CMAKE_PREFIX_PATH=${CMAKE_PREFIX_PATH}:/home/zzy/ur_real/install/ur10_vel:/home/zzy/ur_real/install/gravity_compensation:/home/zzy/ur_real/install/ferrobotics_acf:/home/zzy/ur_real/install/easy_handeye2:/home/zzy/ur_real/install/camera:/home/zzy/ur_real/install/ati_sensor:/opt/ros/humble /usr/bin/cmake --build /home/zzy/ur_real/build/ur10_moveit_config -- -j24 -l24
[2.089s] DEBUG:colcon.colcon_core.event_handler.log_command:Invoking command in '/home/zzy/ur_real/build/ur10_moveit_config': CMAKE_PREFIX_PATH=${CMAKE_PREFIX_PATH}:/home/zzy/ur_real/install/ur10_vel:/home/zzy/ur_real/install/gravity_compensation:/home/zzy/ur_real/install/ferrobotics_acf:/home/zzy/ur_real/install/easy_handeye2:/home/zzy/ur_real/install/camera:/home/zzy/ur_real/install/ati_sensor:/opt/ros/humble /usr/bin/cmake --install /home/zzy/ur_real/build/ur10_moveit_config
[2.134s] DEBUG:colcon.colcon_core.event_handler.log_command:Invoked command in '/home/zzy/ur_real/build/ur_bringup' returned '0': CMAKE_PREFIX_PATH=${CMAKE_PREFIX_PATH}:/home/zzy/ur_real/install/ur10_vel:/home/zzy/ur_real/install/gravity_compensation:/home/zzy/ur_real/install/ferrobotics_acf:/home/zzy/ur_real/install/easy_handeye2:/home/zzy/ur_real/install/camera:/home/zzy/ur_real/install/ati_sensor:/opt/ros/humble /usr/bin/cmake --build /home/zzy/ur_real/build/ur_bringup -- -j24 -l24
[2.160s] Level 1:colcon.colcon_core.environment:create_environment_scripts_only(ur10_moveit_config)
[2.161s] DEBUG:colcon.colcon_core.event_handler.log_command:Invoked command in '/home/zzy/ur_real/build/ur10_moveit_config' returned '0': CMAKE_PREFIX_PATH=${CMAKE_PREFIX_PATH}:/home/zzy/ur_real/install/ur10_vel:/home/zzy/ur_real/install/gravity_compensation:/home/zzy/ur_real/install/ferrobotics_acf:/home/zzy/ur_real/install/easy_handeye2:/home/zzy/ur_real/install/camera:/home/zzy/ur_real/install/ati_sensor:/opt/ros/humble /usr/bin/cmake --install /home/zzy/ur_real/build/ur10_moveit_config
[2.168s] Level 1:colcon.colcon_core.environment:checking '/home/zzy/ur_real/install/ur10_moveit_config' for CMake module files
[2.168s] Level 1:colcon.colcon_core.environment:checking '/home/zzy/ur_real/install/ur10_moveit_config' for CMake config files
[2.169s] Level 1:colcon.colcon_core.shell:create_environment_hook('ur10_moveit_config', 'cmake_prefix_path')
[2.169s] INFO:colcon.colcon_core.shell:Creating environment hook '/home/zzy/ur_real/install/ur10_moveit_config/share/ur10_moveit_config/hook/cmake_prefix_path.ps1'
[2.170s] INFO:colcon.colcon_core.shell:Creating environment descriptor '/home/zzy/ur_real/install/ur10_moveit_config/share/ur10_moveit_config/hook/cmake_prefix_path.dsv'
[2.170s] INFO:colcon.colcon_core.shell:Creating environment hook '/home/zzy/ur_real/install/ur10_moveit_config/share/ur10_moveit_config/hook/cmake_prefix_path.sh'
[2.171s] Level 1:colcon.colcon_core.environment:checking '/home/zzy/ur_real/install/ur10_moveit_config/bin'
[2.172s] Level 1:colcon.colcon_core.environment:checking '/home/zzy/ur_real/install/ur10_moveit_config/lib/pkgconfig/ur10_moveit_config.pc'
[2.172s] Level 1:colcon.colcon_core.environment:checking '/home/zzy/ur_real/install/ur10_moveit_config/lib/python3.10/site-packages'
[2.172s] Level 1:colcon.colcon_core.environment:checking '/home/zzy/ur_real/install/ur10_moveit_config/bin'
[2.173s] INFO:colcon.colcon_core.shell:Creating package script '/home/zzy/ur_real/install/ur10_moveit_config/share/ur10_moveit_config/package.ps1'
[2.174s] INFO:colcon.colcon_core.shell:Creating package descriptor '/home/zzy/ur_real/install/ur10_moveit_config/share/ur10_moveit_config/package.dsv'
[2.175s] INFO:colcon.colcon_core.shell:Creating package script '/home/zzy/ur_real/install/ur10_moveit_config/share/ur10_moveit_config/package.sh'
[2.177s] INFO:colcon.colcon_core.shell:Creating package script '/home/zzy/ur_real/install/ur10_moveit_config/share/ur10_moveit_config/package.bash'
[2.183s] INFO:colcon.colcon_core.shell:Creating package script '/home/zzy/ur_real/install/ur10_moveit_config/share/ur10_moveit_config/package.zsh'
[2.184s] Level 1:colcon.colcon_core.environment:create_file_with_runtime_dependencies(/home/zzy/ur_real/install/ur10_moveit_config/share/colcon-core/packages/ur10_moveit_config)
[2.237s] DEBUG:colcon.colcon_core.event_handler.log_command:Invoking command in '/home/zzy/ur_real/build/ur_bringup': CMAKE_PREFIX_PATH=${CMAKE_PREFIX_PATH}:/home/zzy/ur_real/install/ur10_vel:/home/zzy/ur_real/install/gravity_compensation:/home/zzy/ur_real/install/ferrobotics_acf:/home/zzy/ur_real/install/easy_handeye2:/home/zzy/ur_real/install/camera:/home/zzy/ur_real/install/ati_sensor:/opt/ros/humble /usr/bin/cmake --install /home/zzy/ur_real/build/ur_bringup
[2.298s] DEBUG:colcon.colcon_core.event_handler.log_command:Invoked command in '/home/zzy/ur_real/build/pymoveit2' returned '0': CMAKE_PREFIX_PATH=${CMAKE_PREFIX_PATH}:/home/zzy/ur_real/install/ur10_vel:/home/zzy/ur_real/install/gravity_compensation:/home/zzy/ur_real/install/ferrobotics_acf:/home/zzy/ur_real/install/easy_handeye2:/home/zzy/ur_real/install/camera:/home/zzy/ur_real/install/ati_sensor:/opt/ros/humble /usr/bin/cmake --build /home/zzy/ur_real/build/pymoveit2 -- -j24 -l24
[2.316s] Level 1:colcon.colcon_core.environment:create_environment_scripts_only(ur_bringup)
[2.316s] Level 1:colcon.colcon_core.environment:checking '/home/zzy/ur_real/install/ur_bringup' for CMake module files
[2.316s] DEBUG:colcon.colcon_core.event_handler.log_command:Invoked command in '/home/zzy/ur_real/build/ur_bringup' returned '0': CMAKE_PREFIX_PATH=${CMAKE_PREFIX_PATH}:/home/zzy/ur_real/install/ur10_vel:/home/zzy/ur_real/install/gravity_compensation:/home/zzy/ur_real/install/ferrobotics_acf:/home/zzy/ur_real/install/easy_handeye2:/home/zzy/ur_real/install/camera:/home/zzy/ur_real/install/ati_sensor:/opt/ros/humble /usr/bin/cmake --install /home/zzy/ur_real/build/ur_bringup
[2.317s] Level 1:colcon.colcon_core.environment:checking '/home/zzy/ur_real/install/ur_bringup' for CMake config files
[2.317s] Level 1:colcon.colcon_core.shell:create_environment_hook('ur_bringup', 'cmake_prefix_path')
[2.317s] INFO:colcon.colcon_core.shell:Creating environment hook '/home/zzy/ur_real/install/ur_bringup/share/ur_bringup/hook/cmake_prefix_path.ps1'
[2.318s] INFO:colcon.colcon_core.shell:Creating environment descriptor '/home/zzy/ur_real/install/ur_bringup/share/ur_bringup/hook/cmake_prefix_path.dsv'
[2.318s] INFO:colcon.colcon_core.shell:Creating environment hook '/home/zzy/ur_real/install/ur_bringup/share/ur_bringup/hook/cmake_prefix_path.sh'
[2.319s] Level 1:colcon.colcon_core.environment:checking '/home/zzy/ur_real/install/ur_bringup/bin'
[2.319s] Level 1:colcon.colcon_core.environment:checking '/home/zzy/ur_real/install/ur_bringup/lib/pkgconfig/ur_bringup.pc'
[2.319s] Level 1:colcon.colcon_core.environment:checking '/home/zzy/ur_real/install/ur_bringup/lib/python3.10/site-packages'
[2.319s] Level 1:colcon.colcon_core.environment:checking '/home/zzy/ur_real/install/ur_bringup/bin'
[2.320s] INFO:colcon.colcon_core.shell:Creating package script '/home/zzy/ur_real/install/ur_bringup/share/ur_bringup/package.ps1'
[2.320s] INFO:colcon.colcon_core.shell:Creating package descriptor '/home/zzy/ur_real/install/ur_bringup/share/ur_bringup/package.dsv'
[2.321s] INFO:colcon.colcon_core.shell:Creating package script '/home/zzy/ur_real/install/ur_bringup/share/ur_bringup/package.sh'
[2.321s] INFO:colcon.colcon_core.shell:Creating package script '/home/zzy/ur_real/install/ur_bringup/share/ur_bringup/package.bash'
[2.321s] INFO:colcon.colcon_core.shell:Creating package script '/home/zzy/ur_real/install/ur_bringup/share/ur_bringup/package.zsh'
[2.322s] Level 1:colcon.colcon_core.environment:create_file_with_runtime_dependencies(/home/zzy/ur_real/install/ur_bringup/share/colcon-core/packages/ur_bringup)
[2.340s] Level 1:colcon.colcon_core.environment:create_environment_scripts_only(ur10_moveit_config)
[2.340s] Level 1:colcon.colcon_core.environment:checking '/home/zzy/ur_real/install/ur10_moveit_config' for CMake module files
[2.341s] Level 1:colcon.colcon_core.environment:checking '/home/zzy/ur_real/install/ur10_moveit_config' for CMake config files
[2.341s] Level 1:colcon.colcon_core.shell:create_environment_hook('ur10_moveit_config', 'cmake_prefix_path')
[2.342s] INFO:colcon.colcon_core.shell:Creating environment hook '/home/zzy/ur_real/install/ur10_moveit_config/share/ur10_moveit_config/hook/cmake_prefix_path.ps1'
[2.342s] INFO:colcon.colcon_core.shell:Creating environment descriptor '/home/zzy/ur_real/install/ur10_moveit_config/share/ur10_moveit_config/hook/cmake_prefix_path.dsv'
[2.343s] INFO:colcon.colcon_core.shell:Creating environment hook '/home/zzy/ur_real/install/ur10_moveit_config/share/ur10_moveit_config/hook/cmake_prefix_path.sh'
[2.343s] Level 1:colcon.colcon_core.environment:checking '/home/zzy/ur_real/install/ur10_moveit_config/bin'
[2.343s] Level 1:colcon.colcon_core.environment:checking '/home/zzy/ur_real/install/ur10_moveit_config/lib/pkgconfig/ur10_moveit_config.pc'
[2.344s] Level 1:colcon.colcon_core.environment:checking '/home/zzy/ur_real/install/ur10_moveit_config/lib/python3.10/site-packages'
[2.344s] Level 1:colcon.colcon_core.environment:checking '/home/zzy/ur_real/install/ur10_moveit_config/bin'
[2.344s] INFO:colcon.colcon_core.shell:Creating package script '/home/zzy/ur_real/install/ur10_moveit_config/share/ur10_moveit_config/package.ps1'
[2.345s] INFO:colcon.colcon_core.shell:Creating package descriptor '/home/zzy/ur_real/install/ur10_moveit_config/share/ur10_moveit_config/package.dsv'
[2.346s] INFO:colcon.colcon_core.shell:Creating package script '/home/zzy/ur_real/install/ur10_moveit_config/share/ur10_moveit_config/package.sh'
[2.347s] INFO:colcon.colcon_core.shell:Creating package script '/home/zzy/ur_real/install/ur10_moveit_config/share/ur10_moveit_config/package.bash'
[2.347s] INFO:colcon.colcon_core.shell:Creating package script '/home/zzy/ur_real/install/ur10_moveit_config/share/ur10_moveit_config/package.zsh'
[2.348s] Level 1:colcon.colcon_core.environment:create_file_with_runtime_dependencies(/home/zzy/ur_real/install/ur10_moveit_config/share/colcon-core/packages/ur10_moveit_config)
[2.369s] Level 1:colcon.colcon_core.environment:create_environment_scripts_only(ur_bringup)
[2.370s] Level 1:colcon.colcon_core.environment:checking '/home/zzy/ur_real/install/ur_bringup' for CMake module files
[2.371s] Level 1:colcon.colcon_core.environment:checking '/home/zzy/ur_real/install/ur_bringup' for CMake config files
[2.371s] Level 1:colcon.colcon_core.shell:create_environment_hook('ur_bringup', 'cmake_prefix_path')
[2.371s] INFO:colcon.colcon_core.shell:Creating environment hook '/home/zzy/ur_real/install/ur_bringup/share/ur_bringup/hook/cmake_prefix_path.ps1'
[2.372s] INFO:colcon.colcon_core.shell:Creating environment descriptor '/home/zzy/ur_real/install/ur_bringup/share/ur_bringup/hook/cmake_prefix_path.dsv'
[2.372s] INFO:colcon.colcon_core.shell:Creating environment hook '/home/zzy/ur_real/install/ur_bringup/share/ur_bringup/hook/cmake_prefix_path.sh'
[2.373s] Level 1:colcon.colcon_core.environment:checking '/home/zzy/ur_real/install/ur_bringup/bin'
[2.373s] Level 1:colcon.colcon_core.environment:checking '/home/zzy/ur_real/install/ur_bringup/lib/pkgconfig/ur_bringup.pc'
[2.373s] Level 1:colcon.colcon_core.environment:checking '/home/zzy/ur_real/install/ur_bringup/lib/python3.10/site-packages'
[2.373s] Level 1:colcon.colcon_core.environment:checking '/home/zzy/ur_real/install/ur_bringup/bin'
[2.374s] INFO:colcon.colcon_core.shell:Creating package script '/home/zzy/ur_real/install/ur_bringup/share/ur_bringup/package.ps1'
[2.374s] INFO:colcon.colcon_core.shell:Creating package descriptor '/home/zzy/ur_real/install/ur_bringup/share/ur_bringup/package.dsv'
[2.375s] INFO:colcon.colcon_core.shell:Creating package script '/home/zzy/ur_real/install/ur_bringup/share/ur_bringup/package.sh'
[2.375s] INFO:colcon.colcon_core.shell:Creating package script '/home/zzy/ur_real/install/ur_bringup/share/ur_bringup/package.bash'
[2.376s] INFO:colcon.colcon_core.shell:Creating package script '/home/zzy/ur_real/install/ur_bringup/share/ur_bringup/package.zsh'
[2.376s] Level 1:colcon.colcon_core.environment:create_file_with_runtime_dependencies(/home/zzy/ur_real/install/ur_bringup/share/colcon-core/packages/ur_bringup)
[2.420s] DEBUG:colcon.colcon_core.event_handler.log_command:Invoking command in '/home/zzy/ur_real/build/pymoveit2': CMAKE_PREFIX_PATH=${CMAKE_PREFIX_PATH}:/home/zzy/ur_real/install/ur10_vel:/home/zzy/ur_real/install/gravity_compensation:/home/zzy/ur_real/install/ferrobotics_acf:/home/zzy/ur_real/install/easy_handeye2:/home/zzy/ur_real/install/camera:/home/zzy/ur_real/install/ati_sensor:/opt/ros/humble /usr/bin/cmake --install /home/zzy/ur_real/build/pymoveit2
[2.543s] Level 1:colcon.colcon_core.environment:create_environment_scripts_only(pymoveit2)
[2.544s] Level 1:colcon.colcon_core.environment:checking '/home/zzy/ur_real/install/pymoveit2' for CMake module files
[2.544s] DEBUG:colcon.colcon_core.event_handler.log_command:Invoked command in '/home/zzy/ur_real/build/pymoveit2' returned '0': CMAKE_PREFIX_PATH=${CMAKE_PREFIX_PATH}:/home/zzy/ur_real/install/ur10_vel:/home/zzy/ur_real/install/gravity_compensation:/home/zzy/ur_real/install/ferrobotics_acf:/home/zzy/ur_real/install/easy_handeye2:/home/zzy/ur_real/install/camera:/home/zzy/ur_real/install/ati_sensor:/opt/ros/humble /usr/bin/cmake --install /home/zzy/ur_real/build/pymoveit2
[2.545s] Level 1:colcon.colcon_core.environment:checking '/home/zzy/ur_real/install/pymoveit2' for CMake config files
[2.545s] Level 1:colcon.colcon_core.shell:create_environment_hook('pymoveit2', 'cmake_prefix_path')
[2.545s] INFO:colcon.colcon_core.shell:Creating environment hook '/home/zzy/ur_real/install/pymoveit2/share/pymoveit2/hook/cmake_prefix_path.ps1'
[2.546s] INFO:colcon.colcon_core.shell:Creating environment descriptor '/home/zzy/ur_real/install/pymoveit2/share/pymoveit2/hook/cmake_prefix_path.dsv'
[2.546s] INFO:colcon.colcon_core.shell:Creating environment hook '/home/zzy/ur_real/install/pymoveit2/share/pymoveit2/hook/cmake_prefix_path.sh'
[2.547s] Level 1:colcon.colcon_core.environment:checking '/home/zzy/ur_real/install/pymoveit2/lib'
[2.547s] Level 1:colcon.colcon_core.environment:checking '/home/zzy/ur_real/install/pymoveit2/bin'
[2.547s] Level 1:colcon.colcon_core.environment:checking '/home/zzy/ur_real/install/pymoveit2/lib/pkgconfig/pymoveit2.pc'
[2.548s] Level 1:colcon.colcon_core.environment:checking '/home/zzy/ur_real/install/pymoveit2/lib/python3.10/site-packages'
[2.548s] Level 1:colcon.colcon_core.environment:checking '/home/zzy/ur_real/install/pymoveit2/bin'
[2.548s] INFO:colcon.colcon_core.shell:Creating package script '/home/zzy/ur_real/install/pymoveit2/share/pymoveit2/package.ps1'
[2.549s] INFO:colcon.colcon_core.shell:Creating package descriptor '/home/zzy/ur_real/install/pymoveit2/share/pymoveit2/package.dsv'
[2.549s] INFO:colcon.colcon_core.shell:Creating package script '/home/zzy/ur_real/install/pymoveit2/share/pymoveit2/package.sh'
[2.550s] INFO:colcon.colcon_core.shell:Creating package script '/home/zzy/ur_real/install/pymoveit2/share/pymoveit2/package.bash'
[2.550s] INFO:colcon.colcon_core.shell:Creating package script '/home/zzy/ur_real/install/pymoveit2/share/pymoveit2/package.zsh'
[2.550s] Level 1:colcon.colcon_core.environment:create_file_with_runtime_dependencies(/home/zzy/ur_real/install/pymoveit2/share/colcon-core/packages/pymoveit2)
[2.571s] Level 1:colcon.colcon_core.environment:create_environment_scripts_only(pymoveit2)
[2.571s] Level 1:colcon.colcon_core.environment:checking '/home/zzy/ur_real/install/pymoveit2' for CMake module files
[2.572s] Level 1:colcon.colcon_core.environment:checking '/home/zzy/ur_real/install/pymoveit2' for CMake config files
[2.572s] Level 1:colcon.colcon_core.shell:create_environment_hook('pymoveit2', 'cmake_prefix_path')
[2.573s] INFO:colcon.colcon_core.shell:Creating environment hook '/home/zzy/ur_real/install/pymoveit2/share/pymoveit2/hook/cmake_prefix_path.ps1'
[2.573s] INFO:colcon.colcon_core.shell:Creating environment descriptor '/home/zzy/ur_real/install/pymoveit2/share/pymoveit2/hook/cmake_prefix_path.dsv'
[2.574s] INFO:colcon.colcon_core.shell:Creating environment hook '/home/zzy/ur_real/install/pymoveit2/share/pymoveit2/hook/cmake_prefix_path.sh'
[2.574s] Level 1:colcon.colcon_core.environment:checking '/home/zzy/ur_real/install/pymoveit2/lib'
[2.575s] Level 1:colcon.colcon_core.environment:checking '/home/zzy/ur_real/install/pymoveit2/bin'
[2.575s] Level 1:colcon.colcon_core.environment:checking '/home/zzy/ur_real/install/pymoveit2/lib/pkgconfig/pymoveit2.pc'
[2.575s] Level 1:colcon.colcon_core.environment:checking '/home/zzy/ur_real/install/pymoveit2/lib/python3.10/site-packages'
[2.575s] Level 1:colcon.colcon_core.environment:checking '/home/zzy/ur_real/install/pymoveit2/bin'
[2.576s] INFO:colcon.colcon_core.shell:Creating package script '/home/zzy/ur_real/install/pymoveit2/share/pymoveit2/package.ps1'
[2.576s] INFO:colcon.colcon_core.shell:Creating package descriptor '/home/zzy/ur_real/install/pymoveit2/share/pymoveit2/package.dsv'
[2.577s] INFO:colcon.colcon_core.shell:Creating package script '/home/zzy/ur_real/install/pymoveit2/share/pymoveit2/package.sh'
[2.577s] INFO:colcon.colcon_core.shell:Creating package script '/home/zzy/ur_real/install/pymoveit2/share/pymoveit2/package.bash'
[2.578s] INFO:colcon.colcon_core.shell:Creating package script '/home/zzy/ur_real/install/pymoveit2/share/pymoveit2/package.zsh'
[2.578s] Level 1:colcon.colcon_core.environment:create_file_with_runtime_dependencies(/home/zzy/ur_real/install/pymoveit2/share/colcon-core/packages/pymoveit2)
[2.628s] DEBUG:colcon.colcon_core.event_handler.log_command:Invoked command in '/home/zzy/ur_real/build/ferrobotics' returned '0': CMAKE_PREFIX_PATH=${CMAKE_PREFIX_PATH}:/home/zzy/ur_real/install/ur10_vel:/home/zzy/ur_real/install/gravity_compensation:/home/zzy/ur_real/install/ferrobotics_acf:/home/zzy/ur_real/install/easy_handeye2:/home/zzy/ur_real/install/camera:/home/zzy/ur_real/install/ati_sensor:/opt/ros/humble /usr/bin/cmake --build /home/zzy/ur_real/build/ferrobotics -- -j24 -l24
[2.688s] DEBUG:colcon.colcon_core.event_handler.log_command:Invoking command in '/home/zzy/ur_real/build/ferrobotics': CMAKE_PREFIX_PATH=${CMAKE_PREFIX_PATH}:/home/zzy/ur_real/install/ur10_vel:/home/zzy/ur_real/install/gravity_compensation:/home/zzy/ur_real/install/ferrobotics_acf:/home/zzy/ur_real/install/easy_handeye2:/home/zzy/ur_real/install/camera:/home/zzy/ur_real/install/ati_sensor:/opt/ros/humble /usr/bin/cmake --install /home/zzy/ur_real/build/ferrobotics
[2.805s] Level 1:colcon.colcon_core.environment:create_environment_scripts_only(ferrobotics)
[2.807s] Level 1:colcon.colcon_core.environment:checking '/home/zzy/ur_real/install/ferrobotics' for CMake module files
[2.807s] DEBUG:colcon.colcon_core.event_handler.log_command:Invoked command in '/home/zzy/ur_real/build/ferrobotics' returned '0': CMAKE_PREFIX_PATH=${CMAKE_PREFIX_PATH}:/home/zzy/ur_real/install/ur10_vel:/home/zzy/ur_real/install/gravity_compensation:/home/zzy/ur_real/install/ferrobotics_acf:/home/zzy/ur_real/install/easy_handeye2:/home/zzy/ur_real/install/camera:/home/zzy/ur_real/install/ati_sensor:/opt/ros/humble /usr/bin/cmake --install /home/zzy/ur_real/build/ferrobotics
[2.808s] Level 1:colcon.colcon_core.environment:checking '/home/zzy/ur_real/install/ferrobotics' for CMake config files
[2.808s] Level 1:colcon.colcon_core.shell:create_environment_hook('ferrobotics', 'cmake_prefix_path')
[2.809s] INFO:colcon.colcon_core.shell:Creating environment hook '/home/zzy/ur_real/install/ferrobotics/share/ferrobotics/hook/cmake_prefix_path.ps1'
[2.809s] INFO:colcon.colcon_core.shell:Creating environment descriptor '/home/zzy/ur_real/install/ferrobotics/share/ferrobotics/hook/cmake_prefix_path.dsv'
[2.809s] INFO:colcon.colcon_core.shell:Creating environment hook '/home/zzy/ur_real/install/ferrobotics/share/ferrobotics/hook/cmake_prefix_path.sh'
[2.810s] Level 1:colcon.colcon_core.environment:checking '/home/zzy/ur_real/install/ferrobotics/lib'
[2.810s] Level 1:colcon.colcon_core.shell:create_environment_hook('ferrobotics', 'ld_library_path_lib')
[2.810s] INFO:colcon.colcon_core.shell:Creating environment hook '/home/zzy/ur_real/install/ferrobotics/share/ferrobotics/hook/ld_library_path_lib.ps1'
[2.811s] INFO:colcon.colcon_core.shell:Creating environment descriptor '/home/zzy/ur_real/install/ferrobotics/share/ferrobotics/hook/ld_library_path_lib.dsv'
[2.811s] INFO:colcon.colcon_core.shell:Creating environment hook '/home/zzy/ur_real/install/ferrobotics/share/ferrobotics/hook/ld_library_path_lib.sh'
[2.811s] Level 1:colcon.colcon_core.environment:checking '/home/zzy/ur_real/install/ferrobotics/bin'
[2.811s] Level 1:colcon.colcon_core.environment:checking '/home/zzy/ur_real/install/ferrobotics/lib/pkgconfig/ferrobotics.pc'
[2.811s] Level 1:colcon.colcon_core.environment:checking '/home/zzy/ur_real/install/ferrobotics/lib/python3.10/site-packages'
[2.812s] Level 1:colcon.colcon_core.environment:checking '/home/zzy/ur_real/install/ferrobotics/bin'
[2.812s] INFO:colcon.colcon_core.shell:Creating package script '/home/zzy/ur_real/install/ferrobotics/share/ferrobotics/package.ps1'
[2.813s] INFO:colcon.colcon_core.shell:Creating package descriptor '/home/zzy/ur_real/install/ferrobotics/share/ferrobotics/package.dsv'
[2.813s] INFO:colcon.colcon_core.shell:Creating package script '/home/zzy/ur_real/install/ferrobotics/share/ferrobotics/package.sh'
[2.813s] INFO:colcon.colcon_core.shell:Creating package script '/home/zzy/ur_real/install/ferrobotics/share/ferrobotics/package.bash'
[2.814s] INFO:colcon.colcon_core.shell:Creating package script '/home/zzy/ur_real/install/ferrobotics/share/ferrobotics/package.zsh'
[2.814s] Level 1:colcon.colcon_core.environment:create_file_with_runtime_dependencies(/home/zzy/ur_real/install/ferrobotics/share/colcon-core/packages/ferrobotics)
[2.951s] DEBUG:colcon.colcon_core.event_handler.log_command:Invoking command in '/home/zzy/ur_real/build/ferrobotics_acf': PYTHONPATH=/home/zzy/ur_real/build/ferrobotics_acf/prefix_override:/home/zzy/.local/lib/python3.10/site-packages/colcon_core/task/python/colcon_distutils_commands:/home/zzy/ur_real/install/ferrobotics_acf/lib/python3.10/site-packages:${PYTHONPATH} /usr/bin/python3 -W ignore:setup.py install is deprecated setup.py develop --editable --build-directory /home/zzy/ur_real/build/ferrobotics_acf/build --no-deps symlink_data
[2.955s] DEBUG:colcon.colcon_core.event_handler.log_command:Invoking command in '/home/zzy/ur_real/build/ati_sensor': PYTHONPATH=/home/zzy/ur_real/build/ati_sensor/prefix_override:/home/zzy/.local/lib/python3.10/site-packages/colcon_core/task/python/colcon_distutils_commands:/home/zzy/ur_real/install/ati_sensor/lib/python3.10/site-packages:${PYTHONPATH} /usr/bin/python3 -W ignore:setup.py install is deprecated setup.py develop --editable --build-directory /home/zzy/ur_real/build/ati_sensor/build --no-deps symlink_data
[2.958s] DEBUG:colcon.colcon_core.event_handler.log_command:Invoking command in '/home/zzy/ur_real/build/camera': PYTHONPATH=/home/zzy/ur_real/build/camera/prefix_override:/home/zzy/.local/lib/python3.10/site-packages/colcon_core/task/python/colcon_distutils_commands:/home/zzy/ur_real/install/camera/lib/python3.10/site-packages:${PYTHONPATH} /usr/bin/python3 -W ignore:setup.py install is deprecated setup.py develop --editable --build-directory /home/zzy/ur_real/build/camera/build --no-deps symlink_data
[2.959s] Level 1:colcon.colcon_core.environment:create_environment_scripts_only(ferrobotics)
[2.960s] Level 1:colcon.colcon_core.environment:checking '/home/zzy/ur_real/install/ferrobotics' for CMake module files
[2.960s] DEBUG:colcon.colcon_core.event_handler.log_command:Invoking command in '/home/zzy/ur_real/build/ur10_vel': PYTHONPATH=/home/zzy/ur_real/build/ur10_vel/prefix_override:/home/zzy/.local/lib/python3.10/site-packages/colcon_core/task/python/colcon_distutils_commands:/home/zzy/ur_real/install/ur10_vel/lib/python3.10/site-packages:${PYTHONPATH} /usr/bin/python3 -W ignore:setup.py install is deprecated setup.py develop --editable --build-directory /home/zzy/ur_real/build/ur10_vel/build --no-deps symlink_data
[2.961s] Level 1:colcon.colcon_core.environment:checking '/home/zzy/ur_real/install/ferrobotics' for CMake config files
[2.961s] Level 1:colcon.colcon_core.shell:create_environment_hook('ferrobotics', 'cmake_prefix_path')
[2.962s] INFO:colcon.colcon_core.shell:Creating environment hook '/home/zzy/ur_real/install/ferrobotics/share/ferrobotics/hook/cmake_prefix_path.ps1'
[2.962s] INFO:colcon.colcon_core.shell:Creating environment descriptor '/home/zzy/ur_real/install/ferrobotics/share/ferrobotics/hook/cmake_prefix_path.dsv'
[2.962s] INFO:colcon.colcon_core.shell:Creating environment hook '/home/zzy/ur_real/install/ferrobotics/share/ferrobotics/hook/cmake_prefix_path.sh'
[2.963s] Level 1:colcon.colcon_core.environment:checking '/home/zzy/ur_real/install/ferrobotics/lib'
[2.963s] Level 1:colcon.colcon_core.shell:create_environment_hook('ferrobotics', 'ld_library_path_lib')
[2.963s] INFO:colcon.colcon_core.shell:Creating environment hook '/home/zzy/ur_real/install/ferrobotics/share/ferrobotics/hook/ld_library_path_lib.ps1'
[2.963s] INFO:colcon.colcon_core.shell:Creating environment descriptor '/home/zzy/ur_real/install/ferrobotics/share/ferrobotics/hook/ld_library_path_lib.dsv'
[2.963s] INFO:colcon.colcon_core.shell:Creating environment hook '/home/zzy/ur_real/install/ferrobotics/share/ferrobotics/hook/ld_library_path_lib.sh'
[2.964s] Level 1:colcon.colcon_core.environment:checking '/home/zzy/ur_real/install/ferrobotics/bin'
[2.964s] Level 1:colcon.colcon_core.environment:checking '/home/zzy/ur_real/install/ferrobotics/lib/pkgconfig/ferrobotics.pc'
[2.964s] Level 1:colcon.colcon_core.environment:checking '/home/zzy/ur_real/install/ferrobotics/lib/python3.10/site-packages'
[2.964s] Level 1:colcon.colcon_core.environment:checking '/home/zzy/ur_real/install/ferrobotics/bin'
[2.964s] INFO:colcon.colcon_core.shell:Creating package script '/home/zzy/ur_real/install/ferrobotics/share/ferrobotics/package.ps1'
[2.965s] INFO:colcon.colcon_core.shell:Creating package descriptor '/home/zzy/ur_real/install/ferrobotics/share/ferrobotics/package.dsv'
[2.965s] INFO:colcon.colcon_core.shell:Creating package script '/home/zzy/ur_real/install/ferrobotics/share/ferrobotics/package.sh'
[2.965s] INFO:colcon.colcon_core.shell:Creating package script '/home/zzy/ur_real/install/ferrobotics/share/ferrobotics/package.bash'
[2.965s] INFO:colcon.colcon_core.shell:Creating package script '/home/zzy/ur_real/install/ferrobotics/share/ferrobotics/package.zsh'
[2.965s] Level 1:colcon.colcon_core.environment:create_file_with_runtime_dependencies(/home/zzy/ur_real/install/ferrobotics/share/colcon-core/packages/ferrobotics)
[2.973s] DEBUG:colcon.colcon_core.event_handler.log_command:Invoking command in '/home/zzy/ur_real/build/gravity_compensation': PYTHONPATH=/home/zzy/ur_real/build/gravity_compensation/prefix_override:/home/zzy/.local/lib/python3.10/site-packages/colcon_core/task/python/colcon_distutils_commands:/home/zzy/ur_real/install/gravity_compensation/lib/python3.10/site-packages:${PYTHONPATH} /usr/bin/python3 -W ignore:setup.py install is deprecated setup.py develop --editable --build-directory /home/zzy/ur_real/build/gravity_compensation/build --no-deps symlink_data
[3.196s] DEBUG:colcon.colcon_core.event_handler.log_command:Invoked command in '/home/zzy/ur_real/build/easy_handeye2_msgs' returned '0': CMAKE_PREFIX_PATH=${CMAKE_PREFIX_PATH}:/home/zzy/ur_real/install/ur10_vel:/home/zzy/ur_real/install/gravity_compensation:/home/zzy/ur_real/install/ferrobotics_acf:/home/zzy/ur_real/install/easy_handeye2:/home/zzy/ur_real/install/camera:/home/zzy/ur_real/install/ati_sensor:/opt/ros/humble /usr/bin/cmake --build /home/zzy/ur_real/build/easy_handeye2_msgs -- -j24 -l24
[3.418s] DEBUG:colcon.colcon_core.event_handler.log_command:Invoking command in '/home/zzy/ur_real/build/easy_handeye2_msgs': CMAKE_PREFIX_PATH=${CMAKE_PREFIX_PATH}:/home/zzy/ur_real/install/ur10_vel:/home/zzy/ur_real/install/gravity_compensation:/home/zzy/ur_real/install/ferrobotics_acf:/home/zzy/ur_real/install/easy_handeye2:/home/zzy/ur_real/install/camera:/home/zzy/ur_real/install/ati_sensor:/opt/ros/humble /usr/bin/cmake --install /home/zzy/ur_real/build/easy_handeye2_msgs
[3.448s] Level 1:colcon.colcon_core.shell:create_environment_hook('camera', 'pythonpath_develop')
[3.448s] INFO:colcon.colcon_core.shell:Creating environment hook '/home/zzy/ur_real/build/camera/share/camera/hook/pythonpath_develop.ps1'
[3.449s] INFO:colcon.colcon_core.shell:Creating environment descriptor '/home/zzy/ur_real/build/camera/share/camera/hook/pythonpath_develop.dsv'
[3.449s] INFO:colcon.colcon_core.shell:Creating environment hook '/home/zzy/ur_real/build/camera/share/camera/hook/pythonpath_develop.sh'
[3.449s] Level 1:colcon.colcon_core.environment:checking '/home/zzy/ur_real/install/camera' for CMake module files
[3.450s] Level 1:colcon.colcon_core.environment:checking '/home/zzy/ur_real/install/camera' for CMake config files
[3.450s] DEBUG:colcon.colcon_core.event_handler.log_command:Invoked command in '/home/zzy/ur_real/build/camera' returned '0': PYTHONPATH=/home/zzy/ur_real/build/camera/prefix_override:/home/zzy/.local/lib/python3.10/site-packages/colcon_core/task/python/colcon_distutils_commands:/home/zzy/ur_real/install/camera/lib/python3.10/site-packages:${PYTHONPATH} /usr/bin/python3 -W ignore:setup.py install is deprecated setup.py develop --editable --build-directory /home/zzy/ur_real/build/camera/build --no-deps symlink_data
[3.452s] Level 1:colcon.colcon_core.environment:checking '/home/zzy/ur_real/install/camera/lib'
[3.452s] Level 1:colcon.colcon_core.environment:checking '/home/zzy/ur_real/install/camera/bin'
[3.452s] Level 1:colcon.colcon_core.environment:checking '/home/zzy/ur_real/install/camera/lib/pkgconfig/camera.pc'
[3.452s] Level 1:colcon.colcon_core.environment:checking '/home/zzy/ur_real/install/camera/lib/python3.10/site-packages'
[3.453s] Level 1:colcon.colcon_core.shell:create_environment_hook('camera', 'pythonpath')
[3.453s] INFO:colcon.colcon_core.shell:Creating environment hook '/home/zzy/ur_real/install/camera/share/camera/hook/pythonpath.ps1'
[3.453s] INFO:colcon.colcon_core.shell:Creating environment descriptor '/home/zzy/ur_real/install/camera/share/camera/hook/pythonpath.dsv'
[3.454s] INFO:colcon.colcon_core.shell:Creating environment hook '/home/zzy/ur_real/install/camera/share/camera/hook/pythonpath.sh'
[3.454s] Level 1:colcon.colcon_core.environment:checking '/home/zzy/ur_real/install/camera/bin'
[3.454s] Level 1:colcon.colcon_core.environment:create_environment_scripts_only(camera)
[3.454s] INFO:colcon.colcon_core.shell:Creating package script '/home/zzy/ur_real/install/camera/share/camera/package.ps1'
[3.455s] INFO:colcon.colcon_core.shell:Creating package descriptor '/home/zzy/ur_real/install/camera/share/camera/package.dsv'
[3.456s] INFO:colcon.colcon_core.shell:Creating package script '/home/zzy/ur_real/install/camera/share/camera/package.sh'
[3.456s] INFO:colcon.colcon_core.shell:Creating package script '/home/zzy/ur_real/install/camera/share/camera/package.bash'
[3.457s] INFO:colcon.colcon_core.shell:Creating package script '/home/zzy/ur_real/install/camera/share/camera/package.zsh'
[3.457s] Level 1:colcon.colcon_core.environment:create_file_with_runtime_dependencies(/home/zzy/ur_real/install/camera/share/colcon-core/packages/camera)
[3.458s] Level 1:colcon.colcon_core.shell:create_environment_hook('ur10_vel', 'pythonpath_develop')
[3.458s] INFO:colcon.colcon_core.shell:Creating environment hook '/home/zzy/ur_real/build/ur10_vel/share/ur10_vel/hook/pythonpath_develop.ps1'
[3.458s] DEBUG:colcon.colcon_core.event_handler.log_command:Invoked command in '/home/zzy/ur_real/build/ur10_vel' returned '0': PYTHONPATH=/home/zzy/ur_real/build/ur10_vel/prefix_override:/home/zzy/.local/lib/python3.10/site-packages/colcon_core/task/python/colcon_distutils_commands:/home/zzy/ur_real/install/ur10_vel/lib/python3.10/site-packages:${PYTHONPATH} /usr/bin/python3 -W ignore:setup.py install is deprecated setup.py develop --editable --build-directory /home/zzy/ur_real/build/ur10_vel/build --no-deps symlink_data
[3.459s] INFO:colcon.colcon_core.shell:Creating environment descriptor '/home/zzy/ur_real/build/ur10_vel/share/ur10_vel/hook/pythonpath_develop.dsv'
[3.459s] INFO:colcon.colcon_core.shell:Creating environment hook '/home/zzy/ur_real/build/ur10_vel/share/ur10_vel/hook/pythonpath_develop.sh'
[3.460s] Level 1:colcon.colcon_core.environment:checking '/home/zzy/ur_real/install/ur10_vel' for CMake module files
[3.460s] Level 1:colcon.colcon_core.environment:checking '/home/zzy/ur_real/install/ur10_vel' for CMake config files
[3.461s] Level 1:colcon.colcon_core.environment:checking '/home/zzy/ur_real/install/ur10_vel/lib'
[3.461s] Level 1:colcon.colcon_core.environment:checking '/home/zzy/ur_real/install/ur10_vel/bin'
[3.461s] Level 1:colcon.colcon_core.environment:checking '/home/zzy/ur_real/install/ur10_vel/lib/pkgconfig/ur10_vel.pc'
[3.461s] Level 1:colcon.colcon_core.environment:checking '/home/zzy/ur_real/install/ur10_vel/lib/python3.10/site-packages'
[3.461s] Level 1:colcon.colcon_core.shell:create_environment_hook('ur10_vel', 'pythonpath')
[3.461s] INFO:colcon.colcon_core.shell:Creating environment hook '/home/zzy/ur_real/install/ur10_vel/share/ur10_vel/hook/pythonpath.ps1'
[3.462s] INFO:colcon.colcon_core.shell:Creating environment descriptor '/home/zzy/ur_real/install/ur10_vel/share/ur10_vel/hook/pythonpath.dsv'
[3.462s] INFO:colcon.colcon_core.shell:Creating environment hook '/home/zzy/ur_real/install/ur10_vel/share/ur10_vel/hook/pythonpath.sh'
[3.463s] Level 1:colcon.colcon_core.environment:checking '/home/zzy/ur_real/install/ur10_vel/bin'
[3.463s] Level 1:colcon.colcon_core.environment:create_environment_scripts_only(ur10_vel)
[3.463s] INFO:colcon.colcon_core.shell:Creating package script '/home/zzy/ur_real/install/ur10_vel/share/ur10_vel/package.ps1'
[3.464s] INFO:colcon.colcon_core.shell:Creating package descriptor '/home/zzy/ur_real/install/ur10_vel/share/ur10_vel/package.dsv'
[3.464s] INFO:colcon.colcon_core.shell:Creating package script '/home/zzy/ur_real/install/ur10_vel/share/ur10_vel/package.sh'
[3.465s] INFO:colcon.colcon_core.shell:Creating package script '/home/zzy/ur_real/install/ur10_vel/share/ur10_vel/package.bash'
[3.465s] INFO:colcon.colcon_core.shell:Creating package script '/home/zzy/ur_real/install/ur10_vel/share/ur10_vel/package.zsh'
[3.465s] Level 1:colcon.colcon_core.environment:create_file_with_runtime_dependencies(/home/zzy/ur_real/install/ur10_vel/share/colcon-core/packages/ur10_vel)
[3.465s] Level 1:colcon.colcon_core.shell:create_environment_hook('ati_sensor', 'pythonpath_develop')
[3.466s] INFO:colcon.colcon_core.shell:Creating environment hook '/home/zzy/ur_real/build/ati_sensor/share/ati_sensor/hook/pythonpath_develop.ps1'
[3.466s] INFO:colcon.colcon_core.shell:Creating environment descriptor '/home/zzy/ur_real/build/ati_sensor/share/ati_sensor/hook/pythonpath_develop.dsv'
[3.467s] DEBUG:colcon.colcon_core.event_handler.log_command:Invoked command in '/home/zzy/ur_real/build/ati_sensor' returned '0': PYTHONPATH=/home/zzy/ur_real/build/ati_sensor/prefix_override:/home/zzy/.local/lib/python3.10/site-packages/colcon_core/task/python/colcon_distutils_commands:/home/zzy/ur_real/install/ati_sensor/lib/python3.10/site-packages:${PYTHONPATH} /usr/bin/python3 -W ignore:setup.py install is deprecated setup.py develop --editable --build-directory /home/zzy/ur_real/build/ati_sensor/build --no-deps symlink_data
[3.467s] INFO:colcon.colcon_core.shell:Creating environment hook '/home/zzy/ur_real/build/ati_sensor/share/ati_sensor/hook/pythonpath_develop.sh'
[3.468s] Level 1:colcon.colcon_core.environment:checking '/home/zzy/ur_real/install/ati_sensor' for CMake module files
[3.469s] Level 1:colcon.colcon_core.environment:checking '/home/zzy/ur_real/install/ati_sensor' for CMake config files
[3.470s] Level 1:colcon.colcon_core.environment:checking '/home/zzy/ur_real/install/ati_sensor/lib'
[3.470s] Level 1:colcon.colcon_core.environment:checking '/home/zzy/ur_real/install/ati_sensor/bin'
[3.470s] Level 1:colcon.colcon_core.environment:checking '/home/zzy/ur_real/install/ati_sensor/lib/pkgconfig/ati_sensor.pc'
[3.470s] Level 1:colcon.colcon_core.environment:checking '/home/zzy/ur_real/install/ati_sensor/lib/python3.10/site-packages'
[3.470s] Level 1:colcon.colcon_core.shell:create_environment_hook('ati_sensor', 'pythonpath')
[3.470s] INFO:colcon.colcon_core.shell:Creating environment hook '/home/zzy/ur_real/install/ati_sensor/share/ati_sensor/hook/pythonpath.ps1'
[3.471s] INFO:colcon.colcon_core.shell:Creating environment descriptor '/home/zzy/ur_real/install/ati_sensor/share/ati_sensor/hook/pythonpath.dsv'
[3.471s] INFO:colcon.colcon_core.shell:Creating environment hook '/home/zzy/ur_real/install/ati_sensor/share/ati_sensor/hook/pythonpath.sh'
[3.471s] Level 1:colcon.colcon_core.environment:checking '/home/zzy/ur_real/install/ati_sensor/bin'
[3.471s] Level 1:colcon.colcon_core.environment:create_environment_scripts_only(ati_sensor)
[3.472s] INFO:colcon.colcon_core.shell:Creating package script '/home/zzy/ur_real/install/ati_sensor/share/ati_sensor/package.ps1'
[3.472s] INFO:colcon.colcon_core.shell:Creating package descriptor '/home/zzy/ur_real/install/ati_sensor/share/ati_sensor/package.dsv'
[3.472s] INFO:colcon.colcon_core.shell:Creating package script '/home/zzy/ur_real/install/ati_sensor/share/ati_sensor/package.sh'
[3.472s] INFO:colcon.colcon_core.shell:Creating package script '/home/zzy/ur_real/install/ati_sensor/share/ati_sensor/package.bash'
[3.472s] INFO:colcon.colcon_core.shell:Creating package script '/home/zzy/ur_real/install/ati_sensor/share/ati_sensor/package.zsh'
[3.473s] Level 1:colcon.colcon_core.environment:create_file_with_runtime_dependencies(/home/zzy/ur_real/install/ati_sensor/share/colcon-core/packages/ati_sensor)
[3.473s] Level 1:colcon.colcon_core.shell:create_environment_hook('gravity_compensation', 'pythonpath_develop')
[3.473s] INFO:colcon.colcon_core.shell:Creating environment hook '/home/zzy/ur_real/build/gravity_compensation/share/gravity_compensation/hook/pythonpath_develop.ps1'
[3.474s] DEBUG:colcon.colcon_core.event_handler.log_command:Invoked command in '/home/zzy/ur_real/build/gravity_compensation' returned '0': PYTHONPATH=/home/zzy/ur_real/build/gravity_compensation/prefix_override:/home/zzy/.local/lib/python3.10/site-packages/colcon_core/task/python/colcon_distutils_commands:/home/zzy/ur_real/install/gravity_compensation/lib/python3.10/site-packages:${PYTHONPATH} /usr/bin/python3 -W ignore:setup.py install is deprecated setup.py develop --editable --build-directory /home/zzy/ur_real/build/gravity_compensation/build --no-deps symlink_data
[3.474s] INFO:colcon.colcon_core.shell:Creating environment descriptor '/home/zzy/ur_real/build/gravity_compensation/share/gravity_compensation/hook/pythonpath_develop.dsv'
[3.474s] INFO:colcon.colcon_core.shell:Creating environment hook '/home/zzy/ur_real/build/gravity_compensation/share/gravity_compensation/hook/pythonpath_develop.sh'
[3.474s] Level 1:colcon.colcon_core.environment:checking '/home/zzy/ur_real/install/gravity_compensation' for CMake module files
[3.475s] Level 1:colcon.colcon_core.environment:checking '/home/zzy/ur_real/install/gravity_compensation' for CMake config files
[3.476s] Level 1:colcon.colcon_core.environment:checking '/home/zzy/ur_real/install/gravity_compensation/lib'
[3.476s] Level 1:colcon.colcon_core.environment:checking '/home/zzy/ur_real/install/gravity_compensation/bin'
[3.476s] Level 1:colcon.colcon_core.environment:checking '/home/zzy/ur_real/install/gravity_compensation/lib/pkgconfig/gravity_compensation.pc'
[3.476s] Level 1:colcon.colcon_core.environment:checking '/home/zzy/ur_real/install/gravity_compensation/lib/python3.10/site-packages'
[3.476s] Level 1:colcon.colcon_core.shell:create_environment_hook('gravity_compensation', 'pythonpath')
[3.476s] INFO:colcon.colcon_core.shell:Creating environment hook '/home/zzy/ur_real/install/gravity_compensation/share/gravity_compensation/hook/pythonpath.ps1'
[3.476s] INFO:colcon.colcon_core.shell:Creating environment descriptor '/home/zzy/ur_real/install/gravity_compensation/share/gravity_compensation/hook/pythonpath.dsv'
[3.476s] INFO:colcon.colcon_core.shell:Creating environment hook '/home/zzy/ur_real/install/gravity_compensation/share/gravity_compensation/hook/pythonpath.sh'
[3.477s] Level 1:colcon.colcon_core.environment:checking '/home/zzy/ur_real/install/gravity_compensation/bin'
[3.477s] Level 1:colcon.colcon_core.environment:create_environment_scripts_only(gravity_compensation)
[3.477s] INFO:colcon.colcon_core.shell:Creating package script '/home/zzy/ur_real/install/gravity_compensation/share/gravity_compensation/package.ps1'
[3.478s] INFO:colcon.colcon_core.shell:Creating package descriptor '/home/zzy/ur_real/install/gravity_compensation/share/gravity_compensation/package.dsv'
[3.478s] INFO:colcon.colcon_core.shell:Creating package script '/home/zzy/ur_real/install/gravity_compensation/share/gravity_compensation/package.sh'
[3.478s] INFO:colcon.colcon_core.shell:Creating package script '/home/zzy/ur_real/install/gravity_compensation/share/gravity_compensation/package.bash'
[3.479s] INFO:colcon.colcon_core.shell:Creating package script '/home/zzy/ur_real/install/gravity_compensation/share/gravity_compensation/package.zsh'
[3.479s] Level 1:colcon.colcon_core.environment:create_file_with_runtime_dependencies(/home/zzy/ur_real/install/gravity_compensation/share/colcon-core/packages/gravity_compensation)
[3.496s] Level 1:colcon.colcon_core.shell:create_environment_hook('ferrobotics_acf', 'pythonpath_develop')
[3.496s] INFO:colcon.colcon_core.shell:Creating environment hook '/home/zzy/ur_real/build/ferrobotics_acf/share/ferrobotics_acf/hook/pythonpath_develop.ps1'
[3.497s] DEBUG:colcon.colcon_core.event_handler.log_command:Invoked command in '/home/zzy/ur_real/build/ferrobotics_acf' returned '0': PYTHONPATH=/home/zzy/ur_real/build/ferrobotics_acf/prefix_override:/home/zzy/.local/lib/python3.10/site-packages/colcon_core/task/python/colcon_distutils_commands:/home/zzy/ur_real/install/ferrobotics_acf/lib/python3.10/site-packages:${PYTHONPATH} /usr/bin/python3 -W ignore:setup.py install is deprecated setup.py develop --editable --build-directory /home/zzy/ur_real/build/ferrobotics_acf/build --no-deps symlink_data
[3.497s] INFO:colcon.colcon_core.shell:Creating environment descriptor '/home/zzy/ur_real/build/ferrobotics_acf/share/ferrobotics_acf/hook/pythonpath_develop.dsv'
[3.497s] INFO:colcon.colcon_core.shell:Creating environment hook '/home/zzy/ur_real/build/ferrobotics_acf/share/ferrobotics_acf/hook/pythonpath_develop.sh'
[3.497s] Level 1:colcon.colcon_core.environment:checking '/home/zzy/ur_real/install/ferrobotics_acf' for CMake module files
[3.498s] Level 1:colcon.colcon_core.environment:checking '/home/zzy/ur_real/install/ferrobotics_acf' for CMake config files
[3.498s] Level 1:colcon.colcon_core.environment:checking '/home/zzy/ur_real/install/ferrobotics_acf/lib'
[3.498s] Level 1:colcon.colcon_core.environment:checking '/home/zzy/ur_real/install/ferrobotics_acf/bin'
[3.498s] Level 1:colcon.colcon_core.environment:checking '/home/zzy/ur_real/install/ferrobotics_acf/lib/pkgconfig/ferrobotics_acf.pc'
[3.498s] Level 1:colcon.colcon_core.environment:checking '/home/zzy/ur_real/install/ferrobotics_acf/lib/python3.10/site-packages'
[3.498s] Level 1:colcon.colcon_core.shell:create_environment_hook('ferrobotics_acf', 'pythonpath')
[3.498s] INFO:colcon.colcon_core.shell:Creating environment hook '/home/zzy/ur_real/install/ferrobotics_acf/share/ferrobotics_acf/hook/pythonpath.ps1'
[3.499s] INFO:colcon.colcon_core.shell:Creating environment descriptor '/home/zzy/ur_real/install/ferrobotics_acf/share/ferrobotics_acf/hook/pythonpath.dsv'
[3.499s] INFO:colcon.colcon_core.shell:Creating environment hook '/home/zzy/ur_real/install/ferrobotics_acf/share/ferrobotics_acf/hook/pythonpath.sh'
[3.499s] Level 1:colcon.colcon_core.environment:checking '/home/zzy/ur_real/install/ferrobotics_acf/bin'
[3.499s] Level 1:colcon.colcon_core.environment:create_environment_scripts_only(ferrobotics_acf)
[3.499s] INFO:colcon.colcon_core.shell:Creating package script '/home/zzy/ur_real/install/ferrobotics_acf/share/ferrobotics_acf/package.ps1'
[3.500s] INFO:colcon.colcon_core.shell:Creating package descriptor '/home/zzy/ur_real/install/ferrobotics_acf/share/ferrobotics_acf/package.dsv'
[3.500s] INFO:colcon.colcon_core.shell:Creating package script '/home/zzy/ur_real/install/ferrobotics_acf/share/ferrobotics_acf/package.sh'
[3.500s] INFO:colcon.colcon_core.shell:Creating package script '/home/zzy/ur_real/install/ferrobotics_acf/share/ferrobotics_acf/package.bash'
[3.500s] INFO:colcon.colcon_core.shell:Creating package script '/home/zzy/ur_real/install/ferrobotics_acf/share/ferrobotics_acf/package.zsh'
[3.500s] Level 1:colcon.colcon_core.environment:create_file_with_runtime_dependencies(/home/zzy/ur_real/install/ferrobotics_acf/share/colcon-core/packages/ferrobotics_acf)
[3.546s] Level 1:colcon.colcon_core.environment:create_environment_scripts_only(easy_handeye2_msgs)
[3.546s] Level 1:colcon.colcon_core.environment:checking '/home/zzy/ur_real/install/easy_handeye2_msgs' for CMake module files
[3.547s] DEBUG:colcon.colcon_core.event_handler.log_command:Invoked command in '/home/zzy/ur_real/build/easy_handeye2_msgs' returned '0': CMAKE_PREFIX_PATH=${CMAKE_PREFIX_PATH}:/home/zzy/ur_real/install/ur10_vel:/home/zzy/ur_real/install/gravity_compensation:/home/zzy/ur_real/install/ferrobotics_acf:/home/zzy/ur_real/install/easy_handeye2:/home/zzy/ur_real/install/camera:/home/zzy/ur_real/install/ati_sensor:/opt/ros/humble /usr/bin/cmake --install /home/zzy/ur_real/build/easy_handeye2_msgs
[3.547s] Level 1:colcon.colcon_core.environment:checking '/home/zzy/ur_real/install/easy_handeye2_msgs' for CMake config files
[3.547s] Level 1:colcon.colcon_core.shell:create_environment_hook('easy_handeye2_msgs', 'cmake_prefix_path')
[3.547s] INFO:colcon.colcon_core.shell:Creating environment hook '/home/zzy/ur_real/install/easy_handeye2_msgs/share/easy_handeye2_msgs/hook/cmake_prefix_path.ps1'
[3.547s] INFO:colcon.colcon_core.shell:Creating environment descriptor '/home/zzy/ur_real/install/easy_handeye2_msgs/share/easy_handeye2_msgs/hook/cmake_prefix_path.dsv'
[3.548s] INFO:colcon.colcon_core.shell:Creating environment hook '/home/zzy/ur_real/install/easy_handeye2_msgs/share/easy_handeye2_msgs/hook/cmake_prefix_path.sh'
[3.548s] Level 1:colcon.colcon_core.environment:checking '/home/zzy/ur_real/install/easy_handeye2_msgs/lib'
[3.548s] Level 1:colcon.colcon_core.shell:create_environment_hook('easy_handeye2_msgs', 'ld_library_path_lib')
[3.548s] INFO:colcon.colcon_core.shell:Creating environment hook '/home/zzy/ur_real/install/easy_handeye2_msgs/share/easy_handeye2_msgs/hook/ld_library_path_lib.ps1'
[3.548s] INFO:colcon.colcon_core.shell:Creating environment descriptor '/home/zzy/ur_real/install/easy_handeye2_msgs/share/easy_handeye2_msgs/hook/ld_library_path_lib.dsv'
[3.548s] INFO:colcon.colcon_core.shell:Creating environment hook '/home/zzy/ur_real/install/easy_handeye2_msgs/share/easy_handeye2_msgs/hook/ld_library_path_lib.sh'
[3.549s] Level 1:colcon.colcon_core.environment:checking '/home/zzy/ur_real/install/easy_handeye2_msgs/bin'
[3.549s] Level 1:colcon.colcon_core.environment:checking '/home/zzy/ur_real/install/easy_handeye2_msgs/lib/pkgconfig/easy_handeye2_msgs.pc'
[3.549s] Level 1:colcon.colcon_core.environment:checking '/home/zzy/ur_real/install/easy_handeye2_msgs/lib/python3.10/site-packages'
[3.549s] Level 1:colcon.colcon_core.environment:checking '/home/zzy/ur_real/install/easy_handeye2_msgs/bin'
[3.549s] INFO:colcon.colcon_core.shell:Creating package script '/home/zzy/ur_real/install/easy_handeye2_msgs/share/easy_handeye2_msgs/package.ps1'
[3.549s] INFO:colcon.colcon_core.shell:Creating package descriptor '/home/zzy/ur_real/install/easy_handeye2_msgs/share/easy_handeye2_msgs/package.dsv'
[3.550s] INFO:colcon.colcon_core.shell:Creating package script '/home/zzy/ur_real/install/easy_handeye2_msgs/share/easy_handeye2_msgs/package.sh'
[3.550s] INFO:colcon.colcon_core.shell:Creating package script '/home/zzy/ur_real/install/easy_handeye2_msgs/share/easy_handeye2_msgs/package.bash'
[3.550s] INFO:colcon.colcon_core.shell:Creating package script '/home/zzy/ur_real/install/easy_handeye2_msgs/share/easy_handeye2_msgs/package.zsh'
[3.550s] Level 1:colcon.colcon_core.environment:create_file_with_runtime_dependencies(/home/zzy/ur_real/install/easy_handeye2_msgs/share/colcon-core/packages/easy_handeye2_msgs)
[3.783s] Level 1:colcon.colcon_core.environment:create_environment_scripts_only(easy_handeye2_msgs)
[3.783s] Level 1:colcon.colcon_core.environment:checking '/home/zzy/ur_real/install/easy_handeye2_msgs' for CMake module files
[3.784s] Level 1:colcon.colcon_core.environment:checking '/home/zzy/ur_real/install/easy_handeye2_msgs' for CMake config files
[3.784s] Level 1:colcon.colcon_core.shell:create_environment_hook('easy_handeye2_msgs', 'cmake_prefix_path')
[3.784s] INFO:colcon.colcon_core.shell:Creating environment hook '/home/zzy/ur_real/install/easy_handeye2_msgs/share/easy_handeye2_msgs/hook/cmake_prefix_path.ps1'
[3.785s] INFO:colcon.colcon_core.shell:Creating environment descriptor '/home/zzy/ur_real/install/easy_handeye2_msgs/share/easy_handeye2_msgs/hook/cmake_prefix_path.dsv'
[3.785s] INFO:colcon.colcon_core.shell:Creating environment hook '/home/zzy/ur_real/install/easy_handeye2_msgs/share/easy_handeye2_msgs/hook/cmake_prefix_path.sh'
[3.786s] Level 1:colcon.colcon_core.environment:checking '/home/zzy/ur_real/install/easy_handeye2_msgs/lib'
[3.786s] Level 1:colcon.colcon_core.shell:create_environment_hook('easy_handeye2_msgs', 'ld_library_path_lib')
[3.786s] INFO:colcon.colcon_core.shell:Creating environment hook '/home/zzy/ur_real/install/easy_handeye2_msgs/share/easy_handeye2_msgs/hook/ld_library_path_lib.ps1'
[3.786s] INFO:colcon.colcon_core.shell:Creating environment descriptor '/home/zzy/ur_real/install/easy_handeye2_msgs/share/easy_handeye2_msgs/hook/ld_library_path_lib.dsv'
[3.786s] INFO:colcon.colcon_core.shell:Creating environment hook '/home/zzy/ur_real/install/easy_handeye2_msgs/share/easy_handeye2_msgs/hook/ld_library_path_lib.sh'
[3.787s] Level 1:colcon.colcon_core.environment:checking '/home/zzy/ur_real/install/easy_handeye2_msgs/bin'
[3.787s] Level 1:colcon.colcon_core.environment:checking '/home/zzy/ur_real/install/easy_handeye2_msgs/lib/pkgconfig/easy_handeye2_msgs.pc'
[3.787s] Level 1:colcon.colcon_core.environment:checking '/home/zzy/ur_real/install/easy_handeye2_msgs/lib/python3.10/site-packages'
[3.787s] Level 1:colcon.colcon_core.environment:checking '/home/zzy/ur_real/install/easy_handeye2_msgs/bin'
[3.788s] INFO:colcon.colcon_core.shell:Creating package script '/home/zzy/ur_real/install/easy_handeye2_msgs/share/easy_handeye2_msgs/package.ps1'
[3.788s] INFO:colcon.colcon_core.shell:Creating package descriptor '/home/zzy/ur_real/install/easy_handeye2_msgs/share/easy_handeye2_msgs/package.dsv'
[3.789s] INFO:colcon.colcon_core.shell:Creating package script '/home/zzy/ur_real/install/easy_handeye2_msgs/share/easy_handeye2_msgs/package.sh'
[3.789s] INFO:colcon.colcon_core.shell:Creating package script '/home/zzy/ur_real/install/easy_handeye2_msgs/share/easy_handeye2_msgs/package.bash'
[3.789s] INFO:colcon.colcon_core.shell:Creating package script '/home/zzy/ur_real/install/easy_handeye2_msgs/share/easy_handeye2_msgs/package.zsh'
[3.790s] Level 1:colcon.colcon_core.environment:create_file_with_runtime_dependencies(/home/zzy/ur_real/install/easy_handeye2_msgs/share/colcon-core/packages/easy_handeye2_msgs)
[3.790s] INFO:colcon.colcon_ros.task.ament_python.build:Building ROS package in '/home/zzy/ur_real/src/easy_handeye2/easy_handeye2' with build type 'ament_python'
[3.790s] Level 1:colcon.colcon_core.shell:create_environment_hook('easy_handeye2', 'ament_prefix_path')
[3.790s] INFO:colcon.colcon_core.shell:Creating environment hook '/home/zzy/ur_real/install/easy_handeye2/share/easy_handeye2/hook/ament_prefix_path.ps1'
[3.791s] INFO:colcon.colcon_core.shell:Creating environment descriptor '/home/zzy/ur_real/install/easy_handeye2/share/easy_handeye2/hook/ament_prefix_path.dsv'
[3.791s] INFO:colcon.colcon_core.shell:Creating environment hook '/home/zzy/ur_real/install/easy_handeye2/share/easy_handeye2/hook/ament_prefix_path.sh'
[3.792s] INFO:colcon.colcon_core.shell:Skip shell extension 'powershell' for command environment: Not usable outside of PowerShell
[3.792s] DEBUG:colcon.colcon_core.shell:Skip shell extension 'dsv' for command environment
[3.944s] INFO:colcon.colcon_core.task.python.build:Building Python package in '/home/zzy/ur_real/src/easy_handeye2/easy_handeye2'
[3.944s] INFO:colcon.colcon_core.shell:Skip shell extension 'powershell' for command environment: Not usable outside of PowerShell
[3.944s] DEBUG:colcon.colcon_core.shell:Skip shell extension 'dsv' for command environment
[4.321s] DEBUG:colcon.colcon_core.event_handler.log_command:Invoking command in '/home/zzy/ur_real/build/easy_handeye2': CMAKE_PREFIX_PATH=/home/zzy/ur_real/install/easy_handeye2_msgs:/home/zzy/ur_real/install/ur_bringup:/home/zzy/ur_real/install/ur10_moveit_config:/home/zzy/ur_real/install/pymoveit2:/home/zzy/ur_real/install/ferrobotics LD_LIBRARY_PATH=/home/zzy/ur_real/install/easy_handeye2_msgs/lib:/home/zzy/ur_real/install/ferrobotics/lib:/opt/ros/humble/opt/rviz_ogre_vendor/lib:/opt/ros/humble/lib/x86_64-linux-gnu:/opt/ros/humble/lib:/home/zzy/mujoco-3.1.6/bin PYTHONPATH=/home/zzy/ur_real/build/easy_handeye2/prefix_override:/home/zzy/.local/lib/python3.10/site-packages/colcon_core/task/python/colcon_distutils_commands:/home/zzy/ur_real/install/easy_handeye2/lib/python3.10/site-packages:${PYTHONPATH} /usr/bin/python3 -W ignore:setup.py install is deprecated setup.py develop --editable --build-directory /home/zzy/ur_real/build/easy_handeye2/build --no-deps symlink_data
[4.780s] Level 1:colcon.colcon_core.shell:create_environment_hook('easy_handeye2', 'pythonpath_develop')
[4.780s] INFO:colcon.colcon_core.shell:Creating environment hook '/home/zzy/ur_real/build/easy_handeye2/share/easy_handeye2/hook/pythonpath_develop.ps1'
[4.781s] DEBUG:colcon.colcon_core.event_handler.log_command:Invoked command in '/home/zzy/ur_real/build/easy_handeye2' returned '0': CMAKE_PREFIX_PATH=/home/zzy/ur_real/install/easy_handeye2_msgs:/home/zzy/ur_real/install/ur_bringup:/home/zzy/ur_real/install/ur10_moveit_config:/home/zzy/ur_real/install/pymoveit2:/home/zzy/ur_real/install/ferrobotics LD_LIBRARY_PATH=/home/zzy/ur_real/install/easy_handeye2_msgs/lib:/home/zzy/ur_real/install/ferrobotics/lib:/opt/ros/humble/opt/rviz_ogre_vendor/lib:/opt/ros/humble/lib/x86_64-linux-gnu:/opt/ros/humble/lib:/home/zzy/mujoco-3.1.6/bin PYTHONPATH=/home/zzy/ur_real/build/easy_handeye2/prefix_override:/home/zzy/.local/lib/python3.10/site-packages/colcon_core/task/python/colcon_distutils_commands:/home/zzy/ur_real/install/easy_handeye2/lib/python3.10/site-packages:${PYTHONPATH} /usr/bin/python3 -W ignore:setup.py install is deprecated setup.py develop --editable --build-directory /home/zzy/ur_real/build/easy_handeye2/build --no-deps symlink_data
[4.781s] INFO:colcon.colcon_core.shell:Creating environment descriptor '/home/zzy/ur_real/build/easy_handeye2/share/easy_handeye2/hook/pythonpath_develop.dsv'
[4.781s] INFO:colcon.colcon_core.shell:Creating environment hook '/home/zzy/ur_real/build/easy_handeye2/share/easy_handeye2/hook/pythonpath_develop.sh'
[4.781s] Level 1:colcon.colcon_core.environment:checking '/home/zzy/ur_real/install/easy_handeye2' for CMake module files
[4.782s] Level 1:colcon.colcon_core.environment:checking '/home/zzy/ur_real/install/easy_handeye2' for CMake config files
[4.782s] Level 1:colcon.colcon_core.environment:checking '/home/zzy/ur_real/install/easy_handeye2/lib'
[4.782s] Level 1:colcon.colcon_core.environment:checking '/home/zzy/ur_real/install/easy_handeye2/bin'
[4.782s] Level 1:colcon.colcon_core.environment:checking '/home/zzy/ur_real/install/easy_handeye2/lib/pkgconfig/easy_handeye2.pc'
[4.782s] Level 1:colcon.colcon_core.environment:checking '/home/zzy/ur_real/install/easy_handeye2/lib/python3.10/site-packages'
[4.782s] Level 1:colcon.colcon_core.shell:create_environment_hook('easy_handeye2', 'pythonpath')
[4.783s] INFO:colcon.colcon_core.shell:Creating environment hook '/home/zzy/ur_real/install/easy_handeye2/share/easy_handeye2/hook/pythonpath.ps1'
[4.783s] INFO:colcon.colcon_core.shell:Creating environment descriptor '/home/zzy/ur_real/install/easy_handeye2/share/easy_handeye2/hook/pythonpath.dsv'
[4.783s] INFO:colcon.colcon_core.shell:Creating environment hook '/home/zzy/ur_real/install/easy_handeye2/share/easy_handeye2/hook/pythonpath.sh'
[4.783s] Level 1:colcon.colcon_core.environment:checking '/home/zzy/ur_real/install/easy_handeye2/bin'
[4.783s] Level 1:colcon.colcon_core.environment:create_environment_scripts_only(easy_handeye2)
[4.784s] INFO:colcon.colcon_core.shell:Creating package script '/home/zzy/ur_real/install/easy_handeye2/share/easy_handeye2/package.ps1'
[4.784s] INFO:colcon.colcon_core.shell:Creating package descriptor '/home/zzy/ur_real/install/easy_handeye2/share/easy_handeye2/package.dsv'
[4.784s] INFO:colcon.colcon_core.shell:Creating package script '/home/zzy/ur_real/install/easy_handeye2/share/easy_handeye2/package.sh'
[4.784s] INFO:colcon.colcon_core.shell:Creating package script '/home/zzy/ur_real/install/easy_handeye2/share/easy_handeye2/package.bash'
[4.785s] INFO:colcon.colcon_core.shell:Creating package script '/home/zzy/ur_real/install/easy_handeye2/share/easy_handeye2/package.zsh'
[4.785s] Level 1:colcon.colcon_core.environment:create_file_with_runtime_dependencies(/home/zzy/ur_real/install/easy_handeye2/share/colcon-core/packages/easy_handeye2)
[4.785s] DEBUG:colcon.colcon_parallel_executor.executor.parallel:closing loop
[4.785s] DEBUG:colcon.colcon_parallel_executor.executor.parallel:loop closed
[4.785s] DEBUG:colcon.colcon_parallel_executor.executor.parallel:run_until_complete finished with '0'
[4.785s] DEBUG:colcon.colcon_core.event_reactor:joining thread
[4.789s] INFO:colcon.colcon_core.plugin_system:Skipping extension 'colcon_notification.desktop_notification.terminal_notifier': Not used on non-Darwin systems
[4.790s] INFO:colcon.colcon_core.plugin_system:Skipping extension 'colcon_notification.desktop_notification.win32': Not used on non-Windows systems
[4.790s] INFO:colcon.colcon_notification.desktop_notification:Sending desktop notification using 'notify2'
[4.802s] DEBUG:colcon.colcon_core.event_reactor:joined thread
[4.802s] INFO:colcon.colcon_core.shell:Creating prefix script '/home/zzy/ur_real/install/local_setup.ps1'
[4.803s] INFO:colcon.colcon_core.shell:Creating prefix util module '/home/zzy/ur_real/install/_local_setup_util_ps1.py'
[4.804s] INFO:colcon.colcon_core.shell:Creating prefix chain script '/home/zzy/ur_real/install/setup.ps1'
[4.805s] INFO:colcon.colcon_core.shell:Creating prefix script '/home/zzy/ur_real/install/local_setup.sh'
[4.805s] INFO:colcon.colcon_core.shell:Creating prefix util module '/home/zzy/ur_real/install/_local_setup_util_sh.py'
[4.805s] INFO:colcon.colcon_core.shell:Creating prefix chain script '/home/zzy/ur_real/install/setup.sh'
[4.806s] INFO:colcon.colcon_core.shell:Creating prefix script '/home/zzy/ur_real/install/local_setup.bash'
[4.806s] INFO:colcon.colcon_core.shell:Creating prefix chain script '/home/zzy/ur_real/install/setup.bash'
[4.807s] INFO:colcon.colcon_core.shell:Creating prefix script '/home/zzy/ur_real/install/local_setup.zsh'
[4.807s] INFO:colcon.colcon_core.shell:Creating prefix chain script '/home/zzy/ur_real/install/setup.zsh'
