[0.099s] DEBUG:colcon:Command line arguments: ['/home/zzy/.local/bin/colcon', 'build', '--symlink-install']
[0.099s] DEBUG:colcon:Parsed command line arguments: Namespace(log_base=None, log_level=None, verb_name='build', build_base='build', install_base='install', merge_install=False, symlink_install=True, test_result_base=None, continue_on_error=False, executor='parallel', parallel_workers=24, event_handlers=None, ignore_user_meta=False, metas=['./colcon.meta'], base_paths=['.'], packages_ignore=None, packages_ignore_regex=None, paths=None, packages_up_to=None, packages_up_to_regex=None, packages_above=None, packages_above_and_dependencies=None, packages_above_depth=None, packages_select_by_dep=None, packages_skip_by_dep=None, packages_skip_up_to=None, packages_select_build_failed=False, packages_skip_build_finished=False, packages_select_test_failures=False, packages_skip_test_passed=False, packages_select=None, packages_skip=None, packages_select_regex=None, packages_skip_regex=None, packages_start=None, packages_end=None, allow_overriding=[], cmake_args=None, cmake_target=None, cmake_target_skip_unavailable=False, cmake_clean_cache=False, cmake_clean_first=False, cmake_force_configure=False, ament_cmake_args=None, catkin_cmake_args=None, catkin_skip_building_tests=False, mixin_files=None, mixin=None, verb_parser=<colcon_mixin.mixin.mixin_argument.MixinArgumentDecorator object at 0x7fa0b6b65600>, verb_extension=<colcon_core.verb.build.BuildVerb object at 0x7fa0b6c6a3e0>, main=<bound method BuildVerb.main of <colcon_core.verb.build.BuildVerb object at 0x7fa0b6c6a3e0>>, mixin_verb=('build',))
[0.126s] Level 1:colcon.colcon_core.package_discovery:discover_packages(colcon_meta) check parameters
[0.127s] Level 1:colcon.colcon_core.package_discovery:discover_packages(recursive) check parameters
[0.127s] Level 1:colcon.colcon_core.package_discovery:discover_packages(ignore) check parameters
[0.127s] Level 1:colcon.colcon_core.package_discovery:discover_packages(path) check parameters
[0.127s] Level 1:colcon.colcon_core.package_discovery:discover_packages(colcon_meta) discover
[0.127s] Level 1:colcon.colcon_core.package_discovery:discover_packages(recursive) discover
[0.127s] INFO:colcon.colcon_core.package_discovery:Crawling recursively for packages in '/home/zzy/ur_real'
[0.127s] Level 1:colcon.colcon_core.package_identification:_identify(.) by extensions ['ignore', 'ignore_ament_install']
[0.127s] Level 1:colcon.colcon_core.package_identification:_identify(.) by extension 'ignore'
[0.127s] Level 1:colcon.colcon_core.package_identification:_identify(.) by extension 'ignore_ament_install'
[0.127s] Level 1:colcon.colcon_core.package_identification:_identify(.) by extensions ['colcon_pkg']
[0.127s] Level 1:colcon.colcon_core.package_identification:_identify(.) by extension 'colcon_pkg'
[0.127s] Level 1:colcon.colcon_core.package_identification:_identify(.) by extensions ['colcon_meta']
[0.127s] Level 1:colcon.colcon_core.package_identification:_identify(.) by extension 'colcon_meta'
[0.127s] Level 1:colcon.colcon_core.package_identification:_identify(.) by extensions ['ros']
[0.127s] Level 1:colcon.colcon_core.package_identification:_identify(.) by extension 'ros'
[0.136s] Level 1:colcon.colcon_core.package_identification:_identify(.) by extensions ['cmake', 'python']
[0.136s] Level 1:colcon.colcon_core.package_identification:_identify(.) by extension 'cmake'
[0.136s] Level 1:colcon.colcon_core.package_identification:_identify(.) by extension 'python'
[0.137s] Level 1:colcon.colcon_core.package_identification:_identify(.) by extensions ['python_setup_py']
[0.137s] Level 1:colcon.colcon_core.package_identification:_identify(.) by extension 'python_setup_py'
[0.137s] Level 1:colcon.colcon_core.package_identification:_identify(Documents) by extensions ['ignore', 'ignore_ament_install']
[0.137s] Level 1:colcon.colcon_core.package_identification:_identify(Documents) by extension 'ignore'
[0.137s] Level 1:colcon.colcon_core.package_identification:_identify(Documents) by extension 'ignore_ament_install'
[0.137s] Level 1:colcon.colcon_core.package_identification:_identify(Documents) by extensions ['colcon_pkg']
[0.137s] Level 1:colcon.colcon_core.package_identification:_identify(Documents) by extension 'colcon_pkg'
[0.137s] Level 1:colcon.colcon_core.package_identification:_identify(Documents) by extensions ['colcon_meta']
[0.137s] Level 1:colcon.colcon_core.package_identification:_identify(Documents) by extension 'colcon_meta'
[0.137s] Level 1:colcon.colcon_core.package_identification:_identify(Documents) by extensions ['ros']
[0.137s] Level 1:colcon.colcon_core.package_identification:_identify(Documents) by extension 'ros'
[0.137s] Level 1:colcon.colcon_core.package_identification:_identify(Documents) by extensions ['cmake', 'python']
[0.137s] Level 1:colcon.colcon_core.package_identification:_identify(Documents) by extension 'cmake'
[0.137s] Level 1:colcon.colcon_core.package_identification:_identify(Documents) by extension 'python'
[0.137s] Level 1:colcon.colcon_core.package_identification:_identify(Documents) by extensions ['python_setup_py']
[0.137s] Level 1:colcon.colcon_core.package_identification:_identify(Documents) by extension 'python_setup_py'
[0.137s] Level 1:colcon.colcon_core.package_identification:_identify(Documents/10-29 平滑路径规划) by extensions ['ignore', 'ignore_ament_install']
[0.137s] Level 1:colcon.colcon_core.package_identification:_identify(Documents/10-29 平滑路径规划) by extension 'ignore'
[0.137s] Level 1:colcon.colcon_core.package_identification:_identify(Documents/10-29 平滑路径规划) by extension 'ignore_ament_install'
[0.137s] Level 1:colcon.colcon_core.package_identification:_identify(Documents/10-29 平滑路径规划) by extensions ['colcon_pkg']
[0.137s] Level 1:colcon.colcon_core.package_identification:_identify(Documents/10-29 平滑路径规划) by extension 'colcon_pkg'
[0.137s] Level 1:colcon.colcon_core.package_identification:_identify(Documents/10-29 平滑路径规划) by extensions ['colcon_meta']
[0.137s] Level 1:colcon.colcon_core.package_identification:_identify(Documents/10-29 平滑路径规划) by extension 'colcon_meta'
[0.137s] Level 1:colcon.colcon_core.package_identification:_identify(Documents/10-29 平滑路径规划) by extensions ['ros']
[0.137s] Level 1:colcon.colcon_core.package_identification:_identify(Documents/10-29 平滑路径规划) by extension 'ros'
[0.137s] Level 1:colcon.colcon_core.package_identification:_identify(Documents/10-29 平滑路径规划) by extensions ['cmake', 'python']
[0.137s] Level 1:colcon.colcon_core.package_identification:_identify(Documents/10-29 平滑路径规划) by extension 'cmake'
[0.137s] Level 1:colcon.colcon_core.package_identification:_identify(Documents/10-29 平滑路径规划) by extension 'python'
[0.137s] Level 1:colcon.colcon_core.package_identification:_identify(Documents/10-29 平滑路径规划) by extensions ['python_setup_py']
[0.137s] Level 1:colcon.colcon_core.package_identification:_identify(Documents/10-29 平滑路径规划) by extension 'python_setup_py'
[0.137s] Level 1:colcon.colcon_core.package_identification:_identify(Documents/11-22 push box) by extensions ['ignore', 'ignore_ament_install']
[0.138s] Level 1:colcon.colcon_core.package_identification:_identify(Documents/11-22 push box) by extension 'ignore'
[0.138s] Level 1:colcon.colcon_core.package_identification:_identify(Documents/11-22 push box) by extension 'ignore_ament_install'
[0.138s] Level 1:colcon.colcon_core.package_identification:_identify(Documents/11-22 push box) by extensions ['colcon_pkg']
[0.138s] Level 1:colcon.colcon_core.package_identification:_identify(Documents/11-22 push box) by extension 'colcon_pkg'
[0.138s] Level 1:colcon.colcon_core.package_identification:_identify(Documents/11-22 push box) by extensions ['colcon_meta']
[0.138s] Level 1:colcon.colcon_core.package_identification:_identify(Documents/11-22 push box) by extension 'colcon_meta'
[0.138s] Level 1:colcon.colcon_core.package_identification:_identify(Documents/11-22 push box) by extensions ['ros']
[0.138s] Level 1:colcon.colcon_core.package_identification:_identify(Documents/11-22 push box) by extension 'ros'
[0.138s] Level 1:colcon.colcon_core.package_identification:_identify(Documents/11-22 push box) by extensions ['cmake', 'python']
[0.138s] Level 1:colcon.colcon_core.package_identification:_identify(Documents/11-22 push box) by extension 'cmake'
[0.138s] Level 1:colcon.colcon_core.package_identification:_identify(Documents/11-22 push box) by extension 'python'
[0.138s] Level 1:colcon.colcon_core.package_identification:_identify(Documents/11-22 push box) by extensions ['python_setup_py']
[0.138s] Level 1:colcon.colcon_core.package_identification:_identify(Documents/11-22 push box) by extension 'python_setup_py'
[0.138s] Level 1:colcon.colcon_core.package_identification:_identify(Documents/12-16 UR10打磨加速度-位置-力) by extensions ['ignore', 'ignore_ament_install']
[0.138s] Level 1:colcon.colcon_core.package_identification:_identify(Documents/12-16 UR10打磨加速度-位置-力) by extension 'ignore'
[0.138s] Level 1:colcon.colcon_core.package_identification:_identify(Documents/12-16 UR10打磨加速度-位置-力) by extension 'ignore_ament_install'
[0.138s] Level 1:colcon.colcon_core.package_identification:_identify(Documents/12-16 UR10打磨加速度-位置-力) by extensions ['colcon_pkg']
[0.138s] Level 1:colcon.colcon_core.package_identification:_identify(Documents/12-16 UR10打磨加速度-位置-力) by extension 'colcon_pkg'
[0.138s] Level 1:colcon.colcon_core.package_identification:_identify(Documents/12-16 UR10打磨加速度-位置-力) by extensions ['colcon_meta']
[0.138s] Level 1:colcon.colcon_core.package_identification:_identify(Documents/12-16 UR10打磨加速度-位置-力) by extension 'colcon_meta'
[0.138s] Level 1:colcon.colcon_core.package_identification:_identify(Documents/12-16 UR10打磨加速度-位置-力) by extensions ['ros']
[0.138s] Level 1:colcon.colcon_core.package_identification:_identify(Documents/12-16 UR10打磨加速度-位置-力) by extension 'ros'
[0.138s] Level 1:colcon.colcon_core.package_identification:_identify(Documents/12-16 UR10打磨加速度-位置-力) by extensions ['cmake', 'python']
[0.138s] Level 1:colcon.colcon_core.package_identification:_identify(Documents/12-16 UR10打磨加速度-位置-力) by extension 'cmake'
[0.138s] Level 1:colcon.colcon_core.package_identification:_identify(Documents/12-16 UR10打磨加速度-位置-力) by extension 'python'
[0.138s] Level 1:colcon.colcon_core.package_identification:_identify(Documents/12-16 UR10打磨加速度-位置-力) by extensions ['python_setup_py']
[0.138s] Level 1:colcon.colcon_core.package_identification:_identify(Documents/12-16 UR10打磨加速度-位置-力) by extension 'python_setup_py'
[0.138s] Level 1:colcon.colcon_core.package_identification:_identify(Documents/12-9 IMU测试) by extensions ['ignore', 'ignore_ament_install']
[0.138s] Level 1:colcon.colcon_core.package_identification:_identify(Documents/12-9 IMU测试) by extension 'ignore'
[0.138s] Level 1:colcon.colcon_core.package_identification:_identify(Documents/12-9 IMU测试) by extension 'ignore_ament_install'
[0.138s] Level 1:colcon.colcon_core.package_identification:_identify(Documents/12-9 IMU测试) by extensions ['colcon_pkg']
[0.138s] Level 1:colcon.colcon_core.package_identification:_identify(Documents/12-9 IMU测试) by extension 'colcon_pkg'
[0.138s] Level 1:colcon.colcon_core.package_identification:_identify(Documents/12-9 IMU测试) by extensions ['colcon_meta']
[0.138s] Level 1:colcon.colcon_core.package_identification:_identify(Documents/12-9 IMU测试) by extension 'colcon_meta'
[0.138s] Level 1:colcon.colcon_core.package_identification:_identify(Documents/12-9 IMU测试) by extensions ['ros']
[0.138s] Level 1:colcon.colcon_core.package_identification:_identify(Documents/12-9 IMU测试) by extension 'ros'
[0.138s] Level 1:colcon.colcon_core.package_identification:_identify(Documents/12-9 IMU测试) by extensions ['cmake', 'python']
[0.138s] Level 1:colcon.colcon_core.package_identification:_identify(Documents/12-9 IMU测试) by extension 'cmake'
[0.138s] Level 1:colcon.colcon_core.package_identification:_identify(Documents/12-9 IMU测试) by extension 'python'
[0.139s] Level 1:colcon.colcon_core.package_identification:_identify(Documents/12-9 IMU测试) by extensions ['python_setup_py']
[0.139s] Level 1:colcon.colcon_core.package_identification:_identify(Documents/12-9 IMU测试) by extension 'python_setup_py'
[0.139s] Level 1:colcon.colcon_core.package_identification:_identify(Documents/force_z_axis) by extensions ['ignore', 'ignore_ament_install']
[0.139s] Level 1:colcon.colcon_core.package_identification:_identify(Documents/force_z_axis) by extension 'ignore'
[0.139s] Level 1:colcon.colcon_core.package_identification:_identify(Documents/force_z_axis) by extension 'ignore_ament_install'
[0.139s] Level 1:colcon.colcon_core.package_identification:_identify(Documents/force_z_axis) by extensions ['colcon_pkg']
[0.139s] Level 1:colcon.colcon_core.package_identification:_identify(Documents/force_z_axis) by extension 'colcon_pkg'
[0.139s] Level 1:colcon.colcon_core.package_identification:_identify(Documents/force_z_axis) by extensions ['colcon_meta']
[0.139s] Level 1:colcon.colcon_core.package_identification:_identify(Documents/force_z_axis) by extension 'colcon_meta'
[0.139s] Level 1:colcon.colcon_core.package_identification:_identify(Documents/force_z_axis) by extensions ['ros']
[0.139s] Level 1:colcon.colcon_core.package_identification:_identify(Documents/force_z_axis) by extension 'ros'
[0.139s] Level 1:colcon.colcon_core.package_identification:_identify(Documents/force_z_axis) by extensions ['cmake', 'python']
[0.139s] Level 1:colcon.colcon_core.package_identification:_identify(Documents/force_z_axis) by extension 'cmake'
[0.139s] Level 1:colcon.colcon_core.package_identification:_identify(Documents/force_z_axis) by extension 'python'
[0.139s] Level 1:colcon.colcon_core.package_identification:_identify(Documents/force_z_axis) by extensions ['python_setup_py']
[0.139s] Level 1:colcon.colcon_core.package_identification:_identify(Documents/force_z_axis) by extension 'python_setup_py'
[0.139s] Level 1:colcon.colcon_core.package_identification:_identify(build) by extensions ['ignore', 'ignore_ament_install']
[0.139s] Level 1:colcon.colcon_core.package_identification:_identify(build) by extension 'ignore'
[0.139s] Level 1:colcon.colcon_core.package_identification:_identify(build) ignored
[0.139s] Level 1:colcon.colcon_core.package_identification:_identify(install) by extensions ['ignore', 'ignore_ament_install']
[0.139s] Level 1:colcon.colcon_core.package_identification:_identify(install) by extension 'ignore'
[0.139s] Level 1:colcon.colcon_core.package_identification:_identify(install) ignored
[0.139s] Level 1:colcon.colcon_core.package_identification:_identify(log) by extensions ['ignore', 'ignore_ament_install']
[0.139s] Level 1:colcon.colcon_core.package_identification:_identify(log) by extension 'ignore'
[0.139s] Level 1:colcon.colcon_core.package_identification:_identify(log) ignored
[0.139s] Level 1:colcon.colcon_core.package_identification:_identify(src) by extensions ['ignore', 'ignore_ament_install']
[0.139s] Level 1:colcon.colcon_core.package_identification:_identify(src) by extension 'ignore'
[0.139s] Level 1:colcon.colcon_core.package_identification:_identify(src) by extension 'ignore_ament_install'
[0.140s] Level 1:colcon.colcon_core.package_identification:_identify(src) by extensions ['colcon_pkg']
[0.140s] Level 1:colcon.colcon_core.package_identification:_identify(src) by extension 'colcon_pkg'
[0.140s] Level 1:colcon.colcon_core.package_identification:_identify(src) by extensions ['colcon_meta']
[0.140s] Level 1:colcon.colcon_core.package_identification:_identify(src) by extension 'colcon_meta'
[0.140s] Level 1:colcon.colcon_core.package_identification:_identify(src) by extensions ['ros']
[0.140s] Level 1:colcon.colcon_core.package_identification:_identify(src) by extension 'ros'
[0.140s] Level 1:colcon.colcon_core.package_identification:_identify(src) by extensions ['cmake', 'python']
[0.140s] Level 1:colcon.colcon_core.package_identification:_identify(src) by extension 'cmake'
[0.140s] Level 1:colcon.colcon_core.package_identification:_identify(src) by extension 'python'
[0.140s] Level 1:colcon.colcon_core.package_identification:_identify(src) by extensions ['python_setup_py']
[0.140s] Level 1:colcon.colcon_core.package_identification:_identify(src) by extension 'python_setup_py'
[0.140s] Level 1:colcon.colcon_core.package_identification:_identify(src/ati_sensor) by extensions ['ignore', 'ignore_ament_install']
[0.140s] Level 1:colcon.colcon_core.package_identification:_identify(src/ati_sensor) by extension 'ignore'
[0.140s] Level 1:colcon.colcon_core.package_identification:_identify(src/ati_sensor) by extension 'ignore_ament_install'
[0.140s] Level 1:colcon.colcon_core.package_identification:_identify(src/ati_sensor) by extensions ['colcon_pkg']
[0.140s] Level 1:colcon.colcon_core.package_identification:_identify(src/ati_sensor) by extension 'colcon_pkg'
[0.140s] Level 1:colcon.colcon_core.package_identification:_identify(src/ati_sensor) by extensions ['colcon_meta']
[0.140s] Level 1:colcon.colcon_core.package_identification:_identify(src/ati_sensor) by extension 'colcon_meta'
[0.140s] Level 1:colcon.colcon_core.package_identification:_identify(src/ati_sensor) by extensions ['ros']
[0.140s] Level 1:colcon.colcon_core.package_identification:_identify(src/ati_sensor) by extension 'ros'
[0.141s] DEBUG:colcon.colcon_core.package_identification:Package 'src/ati_sensor' with type 'ros.ament_python' and name 'ati_sensor'
[0.142s] Level 1:colcon.colcon_core.package_identification:_identify(src/camera) by extensions ['ignore', 'ignore_ament_install']
[0.142s] Level 1:colcon.colcon_core.package_identification:_identify(src/camera) by extension 'ignore'
[0.142s] Level 1:colcon.colcon_core.package_identification:_identify(src/camera) by extension 'ignore_ament_install'
[0.142s] Level 1:colcon.colcon_core.package_identification:_identify(src/camera) by extensions ['colcon_pkg']
[0.142s] Level 1:colcon.colcon_core.package_identification:_identify(src/camera) by extension 'colcon_pkg'
[0.142s] Level 1:colcon.colcon_core.package_identification:_identify(src/camera) by extensions ['colcon_meta']
[0.142s] Level 1:colcon.colcon_core.package_identification:_identify(src/camera) by extension 'colcon_meta'
[0.142s] Level 1:colcon.colcon_core.package_identification:_identify(src/camera) by extensions ['ros']
[0.142s] Level 1:colcon.colcon_core.package_identification:_identify(src/camera) by extension 'ros'
[0.142s] DEBUG:colcon.colcon_core.package_identification:Package 'src/camera' with type 'ros.ament_python' and name 'camera'
[0.142s] Level 1:colcon.colcon_core.package_identification:_identify(src/easy_handeye2) by extensions ['ignore', 'ignore_ament_install']
[0.142s] Level 1:colcon.colcon_core.package_identification:_identify(src/easy_handeye2) by extension 'ignore'
[0.142s] Level 1:colcon.colcon_core.package_identification:_identify(src/easy_handeye2) by extension 'ignore_ament_install'
[0.142s] Level 1:colcon.colcon_core.package_identification:_identify(src/easy_handeye2) by extensions ['colcon_pkg']
[0.142s] Level 1:colcon.colcon_core.package_identification:_identify(src/easy_handeye2) by extension 'colcon_pkg'
[0.142s] Level 1:colcon.colcon_core.package_identification:_identify(src/easy_handeye2) by extensions ['colcon_meta']
[0.142s] Level 1:colcon.colcon_core.package_identification:_identify(src/easy_handeye2) by extension 'colcon_meta'
[0.142s] Level 1:colcon.colcon_core.package_identification:_identify(src/easy_handeye2) by extensions ['ros']
[0.142s] Level 1:colcon.colcon_core.package_identification:_identify(src/easy_handeye2) by extension 'ros'
[0.142s] Level 1:colcon.colcon_core.package_identification:_identify(src/easy_handeye2) by extensions ['cmake', 'python']
[0.142s] Level 1:colcon.colcon_core.package_identification:_identify(src/easy_handeye2) by extension 'cmake'
[0.142s] Level 1:colcon.colcon_core.package_identification:_identify(src/easy_handeye2) by extension 'python'
[0.142s] Level 1:colcon.colcon_core.package_identification:_identify(src/easy_handeye2) by extensions ['python_setup_py']
[0.142s] Level 1:colcon.colcon_core.package_identification:_identify(src/easy_handeye2) by extension 'python_setup_py'
[0.143s] Level 1:colcon.colcon_core.package_identification:_identify(src/easy_handeye2/docs) by extensions ['ignore', 'ignore_ament_install']
[0.143s] Level 1:colcon.colcon_core.package_identification:_identify(src/easy_handeye2/docs) by extension 'ignore'
[0.143s] Level 1:colcon.colcon_core.package_identification:_identify(src/easy_handeye2/docs) by extension 'ignore_ament_install'
[0.143s] Level 1:colcon.colcon_core.package_identification:_identify(src/easy_handeye2/docs) by extensions ['colcon_pkg']
[0.143s] Level 1:colcon.colcon_core.package_identification:_identify(src/easy_handeye2/docs) by extension 'colcon_pkg'
[0.143s] Level 1:colcon.colcon_core.package_identification:_identify(src/easy_handeye2/docs) by extensions ['colcon_meta']
[0.143s] Level 1:colcon.colcon_core.package_identification:_identify(src/easy_handeye2/docs) by extension 'colcon_meta'
[0.143s] Level 1:colcon.colcon_core.package_identification:_identify(src/easy_handeye2/docs) by extensions ['ros']
[0.143s] Level 1:colcon.colcon_core.package_identification:_identify(src/easy_handeye2/docs) by extension 'ros'
[0.143s] Level 1:colcon.colcon_core.package_identification:_identify(src/easy_handeye2/docs) by extensions ['cmake', 'python']
[0.143s] Level 1:colcon.colcon_core.package_identification:_identify(src/easy_handeye2/docs) by extension 'cmake'
[0.143s] Level 1:colcon.colcon_core.package_identification:_identify(src/easy_handeye2/docs) by extension 'python'
[0.143s] Level 1:colcon.colcon_core.package_identification:_identify(src/easy_handeye2/docs) by extensions ['python_setup_py']
[0.143s] Level 1:colcon.colcon_core.package_identification:_identify(src/easy_handeye2/docs) by extension 'python_setup_py'
[0.143s] Level 1:colcon.colcon_core.package_identification:_identify(src/easy_handeye2/docs/img) by extensions ['ignore', 'ignore_ament_install']
[0.143s] Level 1:colcon.colcon_core.package_identification:_identify(src/easy_handeye2/docs/img) by extension 'ignore'
[0.143s] Level 1:colcon.colcon_core.package_identification:_identify(src/easy_handeye2/docs/img) by extension 'ignore_ament_install'
[0.143s] Level 1:colcon.colcon_core.package_identification:_identify(src/easy_handeye2/docs/img) by extensions ['colcon_pkg']
[0.143s] Level 1:colcon.colcon_core.package_identification:_identify(src/easy_handeye2/docs/img) by extension 'colcon_pkg'
[0.143s] Level 1:colcon.colcon_core.package_identification:_identify(src/easy_handeye2/docs/img) by extensions ['colcon_meta']
[0.143s] Level 1:colcon.colcon_core.package_identification:_identify(src/easy_handeye2/docs/img) by extension 'colcon_meta'
[0.143s] Level 1:colcon.colcon_core.package_identification:_identify(src/easy_handeye2/docs/img) by extensions ['ros']
[0.143s] Level 1:colcon.colcon_core.package_identification:_identify(src/easy_handeye2/docs/img) by extension 'ros'
[0.143s] Level 1:colcon.colcon_core.package_identification:_identify(src/easy_handeye2/docs/img) by extensions ['cmake', 'python']
[0.143s] Level 1:colcon.colcon_core.package_identification:_identify(src/easy_handeye2/docs/img) by extension 'cmake'
[0.143s] Level 1:colcon.colcon_core.package_identification:_identify(src/easy_handeye2/docs/img) by extension 'python'
[0.143s] Level 1:colcon.colcon_core.package_identification:_identify(src/easy_handeye2/docs/img) by extensions ['python_setup_py']
[0.143s] Level 1:colcon.colcon_core.package_identification:_identify(src/easy_handeye2/docs/img) by extension 'python_setup_py'
[0.143s] Level 1:colcon.colcon_core.package_identification:_identify(src/easy_handeye2/easy_handeye2) by extensions ['ignore', 'ignore_ament_install']
[0.143s] Level 1:colcon.colcon_core.package_identification:_identify(src/easy_handeye2/easy_handeye2) by extension 'ignore'
[0.143s] Level 1:colcon.colcon_core.package_identification:_identify(src/easy_handeye2/easy_handeye2) by extension 'ignore_ament_install'
[0.143s] Level 1:colcon.colcon_core.package_identification:_identify(src/easy_handeye2/easy_handeye2) by extensions ['colcon_pkg']
[0.143s] Level 1:colcon.colcon_core.package_identification:_identify(src/easy_handeye2/easy_handeye2) by extension 'colcon_pkg'
[0.143s] Level 1:colcon.colcon_core.package_identification:_identify(src/easy_handeye2/easy_handeye2) by extensions ['colcon_meta']
[0.143s] Level 1:colcon.colcon_core.package_identification:_identify(src/easy_handeye2/easy_handeye2) by extension 'colcon_meta'
[0.143s] Level 1:colcon.colcon_core.package_identification:_identify(src/easy_handeye2/easy_handeye2) by extensions ['ros']
[0.143s] Level 1:colcon.colcon_core.package_identification:_identify(src/easy_handeye2/easy_handeye2) by extension 'ros'
[0.144s] DEBUG:colcon.colcon_core.package_identification:Package 'src/easy_handeye2/easy_handeye2' with type 'ros.ament_python' and name 'easy_handeye2'
[0.144s] Level 1:colcon.colcon_core.package_identification:_identify(src/easy_handeye2/easy_handeye2_msgs) by extensions ['ignore', 'ignore_ament_install']
[0.144s] Level 1:colcon.colcon_core.package_identification:_identify(src/easy_handeye2/easy_handeye2_msgs) by extension 'ignore'
[0.144s] Level 1:colcon.colcon_core.package_identification:_identify(src/easy_handeye2/easy_handeye2_msgs) by extension 'ignore_ament_install'
[0.144s] Level 1:colcon.colcon_core.package_identification:_identify(src/easy_handeye2/easy_handeye2_msgs) by extensions ['colcon_pkg']
[0.144s] Level 1:colcon.colcon_core.package_identification:_identify(src/easy_handeye2/easy_handeye2_msgs) by extension 'colcon_pkg'
[0.144s] Level 1:colcon.colcon_core.package_identification:_identify(src/easy_handeye2/easy_handeye2_msgs) by extensions ['colcon_meta']
[0.144s] Level 1:colcon.colcon_core.package_identification:_identify(src/easy_handeye2/easy_handeye2_msgs) by extension 'colcon_meta'
[0.144s] Level 1:colcon.colcon_core.package_identification:_identify(src/easy_handeye2/easy_handeye2_msgs) by extensions ['ros']
[0.144s] Level 1:colcon.colcon_core.package_identification:_identify(src/easy_handeye2/easy_handeye2_msgs) by extension 'ros'
[0.145s] DEBUG:colcon.colcon_core.package_identification:Package 'src/easy_handeye2/easy_handeye2_msgs' with type 'ros.ament_cmake' and name 'easy_handeye2_msgs'
[0.145s] Level 1:colcon.colcon_core.package_identification:_identify(src/ferrobotics) by extensions ['ignore', 'ignore_ament_install']
[0.145s] Level 1:colcon.colcon_core.package_identification:_identify(src/ferrobotics) by extension 'ignore'
[0.145s] Level 1:colcon.colcon_core.package_identification:_identify(src/ferrobotics) by extension 'ignore_ament_install'
[0.145s] Level 1:colcon.colcon_core.package_identification:_identify(src/ferrobotics) by extensions ['colcon_pkg']
[0.145s] Level 1:colcon.colcon_core.package_identification:_identify(src/ferrobotics) by extension 'colcon_pkg'
[0.145s] Level 1:colcon.colcon_core.package_identification:_identify(src/ferrobotics) by extensions ['colcon_meta']
[0.145s] Level 1:colcon.colcon_core.package_identification:_identify(src/ferrobotics) by extension 'colcon_meta'
[0.145s] Level 1:colcon.colcon_core.package_identification:_identify(src/ferrobotics) by extensions ['ros']
[0.145s] Level 1:colcon.colcon_core.package_identification:_identify(src/ferrobotics) by extension 'ros'
[0.145s] DEBUG:colcon.colcon_core.package_identification:Package 'src/ferrobotics' with type 'ros.ament_cmake' and name 'ferrobotics'
[0.145s] Level 1:colcon.colcon_core.package_identification:_identify(src/ferrobotics_acf) by extensions ['ignore', 'ignore_ament_install']
[0.145s] Level 1:colcon.colcon_core.package_identification:_identify(src/ferrobotics_acf) by extension 'ignore'
[0.145s] Level 1:colcon.colcon_core.package_identification:_identify(src/ferrobotics_acf) by extension 'ignore_ament_install'
[0.145s] Level 1:colcon.colcon_core.package_identification:_identify(src/ferrobotics_acf) by extensions ['colcon_pkg']
[0.145s] Level 1:colcon.colcon_core.package_identification:_identify(src/ferrobotics_acf) by extension 'colcon_pkg'
[0.145s] Level 1:colcon.colcon_core.package_identification:_identify(src/ferrobotics_acf) by extensions ['colcon_meta']
[0.145s] Level 1:colcon.colcon_core.package_identification:_identify(src/ferrobotics_acf) by extension 'colcon_meta'
[0.146s] Level 1:colcon.colcon_core.package_identification:_identify(src/ferrobotics_acf) by extensions ['ros']
[0.146s] Level 1:colcon.colcon_core.package_identification:_identify(src/ferrobotics_acf) by extension 'ros'
[0.146s] DEBUG:colcon.colcon_core.package_identification:Package 'src/ferrobotics_acf' with type 'ros.ament_python' and name 'ferrobotics_acf'
[0.146s] Level 1:colcon.colcon_core.package_identification:_identify(src/gravity_compensation) by extensions ['ignore', 'ignore_ament_install']
[0.146s] Level 1:colcon.colcon_core.package_identification:_identify(src/gravity_compensation) by extension 'ignore'
[0.146s] Level 1:colcon.colcon_core.package_identification:_identify(src/gravity_compensation) by extension 'ignore_ament_install'
[0.146s] Level 1:colcon.colcon_core.package_identification:_identify(src/gravity_compensation) by extensions ['colcon_pkg']
[0.146s] Level 1:colcon.colcon_core.package_identification:_identify(src/gravity_compensation) by extension 'colcon_pkg'
[0.146s] Level 1:colcon.colcon_core.package_identification:_identify(src/gravity_compensation) by extensions ['colcon_meta']
[0.146s] Level 1:colcon.colcon_core.package_identification:_identify(src/gravity_compensation) by extension 'colcon_meta'
[0.146s] Level 1:colcon.colcon_core.package_identification:_identify(src/gravity_compensation) by extensions ['ros']
[0.146s] Level 1:colcon.colcon_core.package_identification:_identify(src/gravity_compensation) by extension 'ros'
[0.146s] DEBUG:colcon.colcon_core.package_identification:Package 'src/gravity_compensation' with type 'ros.ament_python' and name 'gravity_compensation'
[0.147s] Level 1:colcon.colcon_core.package_identification:_identify(src/pymoveit2) by extensions ['ignore', 'ignore_ament_install']
[0.147s] Level 1:colcon.colcon_core.package_identification:_identify(src/pymoveit2) by extension 'ignore'
[0.147s] Level 1:colcon.colcon_core.package_identification:_identify(src/pymoveit2) by extension 'ignore_ament_install'
[0.147s] Level 1:colcon.colcon_core.package_identification:_identify(src/pymoveit2) by extensions ['colcon_pkg']
[0.147s] Level 1:colcon.colcon_core.package_identification:_identify(src/pymoveit2) by extension 'colcon_pkg'
[0.147s] Level 1:colcon.colcon_core.package_identification:_identify(src/pymoveit2) by extensions ['colcon_meta']
[0.147s] Level 1:colcon.colcon_core.package_identification:_identify(src/pymoveit2) by extension 'colcon_meta'
[0.147s] Level 1:colcon.colcon_core.package_identification:_identify(src/pymoveit2) by extensions ['ros']
[0.147s] Level 1:colcon.colcon_core.package_identification:_identify(src/pymoveit2) by extension 'ros'
[0.147s] DEBUG:colcon.colcon_core.package_identification:Package 'src/pymoveit2' with type 'ros.ament_cmake' and name 'pymoveit2'
[0.147s] Level 1:colcon.colcon_core.package_identification:_identify(src/ur10_moveit_config) by extensions ['ignore', 'ignore_ament_install']
[0.147s] Level 1:colcon.colcon_core.package_identification:_identify(src/ur10_moveit_config) by extension 'ignore'
[0.147s] Level 1:colcon.colcon_core.package_identification:_identify(src/ur10_moveit_config) by extension 'ignore_ament_install'
[0.147s] Level 1:colcon.colcon_core.package_identification:_identify(src/ur10_moveit_config) by extensions ['colcon_pkg']
[0.147s] Level 1:colcon.colcon_core.package_identification:_identify(src/ur10_moveit_config) by extension 'colcon_pkg'
[0.147s] Level 1:colcon.colcon_core.package_identification:_identify(src/ur10_moveit_config) by extensions ['colcon_meta']
[0.147s] Level 1:colcon.colcon_core.package_identification:_identify(src/ur10_moveit_config) by extension 'colcon_meta'
[0.147s] Level 1:colcon.colcon_core.package_identification:_identify(src/ur10_moveit_config) by extensions ['ros']
[0.147s] Level 1:colcon.colcon_core.package_identification:_identify(src/ur10_moveit_config) by extension 'ros'
[0.148s] DEBUG:colcon.colcon_core.package_identification:Package 'src/ur10_moveit_config' with type 'ros.ament_cmake' and name 'ur10_moveit_config'
[0.148s] Level 1:colcon.colcon_core.package_identification:_identify(src/ur10_vel) by extensions ['ignore', 'ignore_ament_install']
[0.148s] Level 1:colcon.colcon_core.package_identification:_identify(src/ur10_vel) by extension 'ignore'
[0.148s] Level 1:colcon.colcon_core.package_identification:_identify(src/ur10_vel) by extension 'ignore_ament_install'
[0.148s] Level 1:colcon.colcon_core.package_identification:_identify(src/ur10_vel) by extensions ['colcon_pkg']
[0.148s] Level 1:colcon.colcon_core.package_identification:_identify(src/ur10_vel) by extension 'colcon_pkg'
[0.148s] Level 1:colcon.colcon_core.package_identification:_identify(src/ur10_vel) by extensions ['colcon_meta']
[0.148s] Level 1:colcon.colcon_core.package_identification:_identify(src/ur10_vel) by extension 'colcon_meta'
[0.148s] Level 1:colcon.colcon_core.package_identification:_identify(src/ur10_vel) by extensions ['ros']
[0.148s] Level 1:colcon.colcon_core.package_identification:_identify(src/ur10_vel) by extension 'ros'
[0.148s] DEBUG:colcon.colcon_core.package_identification:Package 'src/ur10_vel' with type 'ros.ament_python' and name 'ur10_vel'
[0.148s] Level 1:colcon.colcon_core.package_identification:_identify(src/ur_bringup) by extensions ['ignore', 'ignore_ament_install']
[0.148s] Level 1:colcon.colcon_core.package_identification:_identify(src/ur_bringup) by extension 'ignore'
[0.148s] Level 1:colcon.colcon_core.package_identification:_identify(src/ur_bringup) by extension 'ignore_ament_install'
[0.148s] Level 1:colcon.colcon_core.package_identification:_identify(src/ur_bringup) by extensions ['colcon_pkg']
[0.148s] Level 1:colcon.colcon_core.package_identification:_identify(src/ur_bringup) by extension 'colcon_pkg'
[0.149s] Level 1:colcon.colcon_core.package_identification:_identify(src/ur_bringup) by extensions ['colcon_meta']
[0.149s] Level 1:colcon.colcon_core.package_identification:_identify(src/ur_bringup) by extension 'colcon_meta'
[0.149s] Level 1:colcon.colcon_core.package_identification:_identify(src/ur_bringup) by extensions ['ros']
[0.149s] Level 1:colcon.colcon_core.package_identification:_identify(src/ur_bringup) by extension 'ros'
[0.149s] DEBUG:colcon.colcon_core.package_identification:Package 'src/ur_bringup' with type 'ros.ament_cmake' and name 'ur_bringup'
[0.149s] Level 1:colcon.colcon_core.package_discovery:discover_packages(recursive) using defaults
[0.149s] Level 1:colcon.colcon_core.package_discovery:discover_packages(ignore) discover
[0.149s] Level 1:colcon.colcon_core.package_discovery:discover_packages(ignore) using defaults
[0.149s] Level 1:colcon.colcon_core.package_discovery:discover_packages(path) discover
[0.149s] Level 1:colcon.colcon_core.package_discovery:discover_packages(path) using defaults
[0.164s] Level 1:colcon.colcon_core.package_discovery:discover_packages(prefix_path) check parameters
[0.164s] Level 1:colcon.colcon_core.package_discovery:discover_packages(prefix_path) discover
[0.165s] DEBUG:colcon.colcon_installed_package_information.package_discovery:Found 12 installed packages in /home/zzy/ur_real/install
[0.166s] DEBUG:colcon.colcon_installed_package_information.package_discovery:Found 400 installed packages in /opt/ros/humble
[0.167s] Level 1:colcon.colcon_core.package_discovery:discover_packages(prefix_path) using defaults
[0.196s] Level 5:colcon.colcon_core.verb:set package 'ati_sensor' build argument 'cmake_args' from command line to 'None'
[0.196s] Level 5:colcon.colcon_core.verb:set package 'ati_sensor' build argument 'cmake_target' from command line to 'None'
[0.196s] Level 5:colcon.colcon_core.verb:set package 'ati_sensor' build argument 'cmake_target_skip_unavailable' from command line to 'False'
[0.196s] Level 5:colcon.colcon_core.verb:set package 'ati_sensor' build argument 'cmake_clean_cache' from command line to 'False'
[0.196s] Level 5:colcon.colcon_core.verb:set package 'ati_sensor' build argument 'cmake_clean_first' from command line to 'False'
[0.196s] Level 5:colcon.colcon_core.verb:set package 'ati_sensor' build argument 'cmake_force_configure' from command line to 'False'
[0.196s] Level 5:colcon.colcon_core.verb:set package 'ati_sensor' build argument 'ament_cmake_args' from command line to 'None'
[0.196s] Level 5:colcon.colcon_core.verb:set package 'ati_sensor' build argument 'catkin_cmake_args' from command line to 'None'
[0.196s] Level 5:colcon.colcon_core.verb:set package 'ati_sensor' build argument 'catkin_skip_building_tests' from command line to 'False'
[0.196s] DEBUG:colcon.colcon_core.verb:Building package 'ati_sensor' with the following arguments: {'ament_cmake_args': None, 'build_base': '/home/zzy/ur_real/build/ati_sensor', 'catkin_cmake_args': None, 'catkin_skip_building_tests': False, 'cmake_args': None, 'cmake_clean_cache': False, 'cmake_clean_first': False, 'cmake_force_configure': False, 'cmake_target': None, 'cmake_target_skip_unavailable': False, 'install_base': '/home/zzy/ur_real/install/ati_sensor', 'merge_install': False, 'path': '/home/zzy/ur_real/src/ati_sensor', 'symlink_install': True, 'test_result_base': None}
[0.196s] Level 5:colcon.colcon_core.verb:set package 'camera' build argument 'cmake_args' from command line to 'None'
[0.197s] Level 5:colcon.colcon_core.verb:set package 'camera' build argument 'cmake_target' from command line to 'None'
[0.197s] Level 5:colcon.colcon_core.verb:set package 'camera' build argument 'cmake_target_skip_unavailable' from command line to 'False'
[0.197s] Level 5:colcon.colcon_core.verb:set package 'camera' build argument 'cmake_clean_cache' from command line to 'False'
[0.197s] Level 5:colcon.colcon_core.verb:set package 'camera' build argument 'cmake_clean_first' from command line to 'False'
[0.197s] Level 5:colcon.colcon_core.verb:set package 'camera' build argument 'cmake_force_configure' from command line to 'False'
[0.197s] Level 5:colcon.colcon_core.verb:set package 'camera' build argument 'ament_cmake_args' from command line to 'None'
[0.197s] Level 5:colcon.colcon_core.verb:set package 'camera' build argument 'catkin_cmake_args' from command line to 'None'
[0.197s] Level 5:colcon.colcon_core.verb:set package 'camera' build argument 'catkin_skip_building_tests' from command line to 'False'
[0.197s] DEBUG:colcon.colcon_core.verb:Building package 'camera' with the following arguments: {'ament_cmake_args': None, 'build_base': '/home/zzy/ur_real/build/camera', 'catkin_cmake_args': None, 'catkin_skip_building_tests': False, 'cmake_args': None, 'cmake_clean_cache': False, 'cmake_clean_first': False, 'cmake_force_configure': False, 'cmake_target': None, 'cmake_target_skip_unavailable': False, 'install_base': '/home/zzy/ur_real/install/camera', 'merge_install': False, 'path': '/home/zzy/ur_real/src/camera', 'symlink_install': True, 'test_result_base': None}
[0.197s] Level 5:colcon.colcon_core.verb:set package 'easy_handeye2_msgs' build argument 'cmake_args' from command line to 'None'
[0.197s] Level 5:colcon.colcon_core.verb:set package 'easy_handeye2_msgs' build argument 'cmake_target' from command line to 'None'
[0.197s] Level 5:colcon.colcon_core.verb:set package 'easy_handeye2_msgs' build argument 'cmake_target_skip_unavailable' from command line to 'False'
[0.197s] Level 5:colcon.colcon_core.verb:set package 'easy_handeye2_msgs' build argument 'cmake_clean_cache' from command line to 'False'
[0.197s] Level 5:colcon.colcon_core.verb:set package 'easy_handeye2_msgs' build argument 'cmake_clean_first' from command line to 'False'
[0.197s] Level 5:colcon.colcon_core.verb:set package 'easy_handeye2_msgs' build argument 'cmake_force_configure' from command line to 'False'
[0.197s] Level 5:colcon.colcon_core.verb:set package 'easy_handeye2_msgs' build argument 'ament_cmake_args' from command line to 'None'
[0.197s] Level 5:colcon.colcon_core.verb:set package 'easy_handeye2_msgs' build argument 'catkin_cmake_args' from command line to 'None'
[0.197s] Level 5:colcon.colcon_core.verb:set package 'easy_handeye2_msgs' build argument 'catkin_skip_building_tests' from command line to 'False'
[0.197s] DEBUG:colcon.colcon_core.verb:Building package 'easy_handeye2_msgs' with the following arguments: {'ament_cmake_args': None, 'build_base': '/home/zzy/ur_real/build/easy_handeye2_msgs', 'catkin_cmake_args': None, 'catkin_skip_building_tests': False, 'cmake_args': None, 'cmake_clean_cache': False, 'cmake_clean_first': False, 'cmake_force_configure': False, 'cmake_target': None, 'cmake_target_skip_unavailable': False, 'install_base': '/home/zzy/ur_real/install/easy_handeye2_msgs', 'merge_install': False, 'path': '/home/zzy/ur_real/src/easy_handeye2/easy_handeye2_msgs', 'symlink_install': True, 'test_result_base': None}
[0.197s] Level 5:colcon.colcon_core.verb:set package 'ferrobotics' build argument 'cmake_args' from command line to 'None'
[0.197s] Level 5:colcon.colcon_core.verb:set package 'ferrobotics' build argument 'cmake_target' from command line to 'None'
[0.197s] Level 5:colcon.colcon_core.verb:set package 'ferrobotics' build argument 'cmake_target_skip_unavailable' from command line to 'False'
[0.197s] Level 5:colcon.colcon_core.verb:set package 'ferrobotics' build argument 'cmake_clean_cache' from command line to 'False'
[0.197s] Level 5:colcon.colcon_core.verb:set package 'ferrobotics' build argument 'cmake_clean_first' from command line to 'False'
[0.197s] Level 5:colcon.colcon_core.verb:set package 'ferrobotics' build argument 'cmake_force_configure' from command line to 'False'
[0.197s] Level 5:colcon.colcon_core.verb:set package 'ferrobotics' build argument 'ament_cmake_args' from command line to 'None'
[0.197s] Level 5:colcon.colcon_core.verb:set package 'ferrobotics' build argument 'catkin_cmake_args' from command line to 'None'
[0.197s] Level 5:colcon.colcon_core.verb:set package 'ferrobotics' build argument 'catkin_skip_building_tests' from command line to 'False'
[0.197s] DEBUG:colcon.colcon_core.verb:Building package 'ferrobotics' with the following arguments: {'ament_cmake_args': None, 'build_base': '/home/zzy/ur_real/build/ferrobotics', 'catkin_cmake_args': None, 'catkin_skip_building_tests': False, 'cmake_args': None, 'cmake_clean_cache': False, 'cmake_clean_first': False, 'cmake_force_configure': False, 'cmake_target': None, 'cmake_target_skip_unavailable': False, 'install_base': '/home/zzy/ur_real/install/ferrobotics', 'merge_install': False, 'path': '/home/zzy/ur_real/src/ferrobotics', 'symlink_install': True, 'test_result_base': None}
[0.197s] Level 5:colcon.colcon_core.verb:set package 'ferrobotics_acf' build argument 'cmake_args' from command line to 'None'
[0.197s] Level 5:colcon.colcon_core.verb:set package 'ferrobotics_acf' build argument 'cmake_target' from command line to 'None'
[0.197s] Level 5:colcon.colcon_core.verb:set package 'ferrobotics_acf' build argument 'cmake_target_skip_unavailable' from command line to 'False'
[0.197s] Level 5:colcon.colcon_core.verb:set package 'ferrobotics_acf' build argument 'cmake_clean_cache' from command line to 'False'
[0.198s] Level 5:colcon.colcon_core.verb:set package 'ferrobotics_acf' build argument 'cmake_clean_first' from command line to 'False'
[0.198s] Level 5:colcon.colcon_core.verb:set package 'ferrobotics_acf' build argument 'cmake_force_configure' from command line to 'False'
[0.198s] Level 5:colcon.colcon_core.verb:set package 'ferrobotics_acf' build argument 'ament_cmake_args' from command line to 'None'
[0.198s] Level 5:colcon.colcon_core.verb:set package 'ferrobotics_acf' build argument 'catkin_cmake_args' from command line to 'None'
[0.198s] Level 5:colcon.colcon_core.verb:set package 'ferrobotics_acf' build argument 'catkin_skip_building_tests' from command line to 'False'
[0.198s] DEBUG:colcon.colcon_core.verb:Building package 'ferrobotics_acf' with the following arguments: {'ament_cmake_args': None, 'build_base': '/home/zzy/ur_real/build/ferrobotics_acf', 'catkin_cmake_args': None, 'catkin_skip_building_tests': False, 'cmake_args': None, 'cmake_clean_cache': False, 'cmake_clean_first': False, 'cmake_force_configure': False, 'cmake_target': None, 'cmake_target_skip_unavailable': False, 'install_base': '/home/zzy/ur_real/install/ferrobotics_acf', 'merge_install': False, 'path': '/home/zzy/ur_real/src/ferrobotics_acf', 'symlink_install': True, 'test_result_base': None}
[0.198s] Level 5:colcon.colcon_core.verb:set package 'gravity_compensation' build argument 'cmake_args' from command line to 'None'
[0.198s] Level 5:colcon.colcon_core.verb:set package 'gravity_compensation' build argument 'cmake_target' from command line to 'None'
[0.198s] Level 5:colcon.colcon_core.verb:set package 'gravity_compensation' build argument 'cmake_target_skip_unavailable' from command line to 'False'
[0.198s] Level 5:colcon.colcon_core.verb:set package 'gravity_compensation' build argument 'cmake_clean_cache' from command line to 'False'
[0.198s] Level 5:colcon.colcon_core.verb:set package 'gravity_compensation' build argument 'cmake_clean_first' from command line to 'False'
[0.198s] Level 5:colcon.colcon_core.verb:set package 'gravity_compensation' build argument 'cmake_force_configure' from command line to 'False'
[0.198s] Level 5:colcon.colcon_core.verb:set package 'gravity_compensation' build argument 'ament_cmake_args' from command line to 'None'
[0.198s] Level 5:colcon.colcon_core.verb:set package 'gravity_compensation' build argument 'catkin_cmake_args' from command line to 'None'
[0.198s] Level 5:colcon.colcon_core.verb:set package 'gravity_compensation' build argument 'catkin_skip_building_tests' from command line to 'False'
[0.198s] DEBUG:colcon.colcon_core.verb:Building package 'gravity_compensation' with the following arguments: {'ament_cmake_args': None, 'build_base': '/home/zzy/ur_real/build/gravity_compensation', 'catkin_cmake_args': None, 'catkin_skip_building_tests': False, 'cmake_args': None, 'cmake_clean_cache': False, 'cmake_clean_first': False, 'cmake_force_configure': False, 'cmake_target': None, 'cmake_target_skip_unavailable': False, 'install_base': '/home/zzy/ur_real/install/gravity_compensation', 'merge_install': False, 'path': '/home/zzy/ur_real/src/gravity_compensation', 'symlink_install': True, 'test_result_base': None}
[0.198s] Level 5:colcon.colcon_core.verb:set package 'pymoveit2' build argument 'cmake_args' from command line to 'None'
[0.198s] Level 5:colcon.colcon_core.verb:set package 'pymoveit2' build argument 'cmake_target' from command line to 'None'
[0.198s] Level 5:colcon.colcon_core.verb:set package 'pymoveit2' build argument 'cmake_target_skip_unavailable' from command line to 'False'
[0.198s] Level 5:colcon.colcon_core.verb:set package 'pymoveit2' build argument 'cmake_clean_cache' from command line to 'False'
[0.198s] Level 5:colcon.colcon_core.verb:set package 'pymoveit2' build argument 'cmake_clean_first' from command line to 'False'
[0.198s] Level 5:colcon.colcon_core.verb:set package 'pymoveit2' build argument 'cmake_force_configure' from command line to 'False'
[0.198s] Level 5:colcon.colcon_core.verb:set package 'pymoveit2' build argument 'ament_cmake_args' from command line to 'None'
[0.198s] Level 5:colcon.colcon_core.verb:set package 'pymoveit2' build argument 'catkin_cmake_args' from command line to 'None'
[0.198s] Level 5:colcon.colcon_core.verb:set package 'pymoveit2' build argument 'catkin_skip_building_tests' from command line to 'False'
[0.198s] DEBUG:colcon.colcon_core.verb:Building package 'pymoveit2' with the following arguments: {'ament_cmake_args': None, 'build_base': '/home/zzy/ur_real/build/pymoveit2', 'catkin_cmake_args': None, 'catkin_skip_building_tests': False, 'cmake_args': None, 'cmake_clean_cache': False, 'cmake_clean_first': False, 'cmake_force_configure': False, 'cmake_target': None, 'cmake_target_skip_unavailable': False, 'install_base': '/home/zzy/ur_real/install/pymoveit2', 'merge_install': False, 'path': '/home/zzy/ur_real/src/pymoveit2', 'symlink_install': True, 'test_result_base': None}
[0.198s] Level 5:colcon.colcon_core.verb:set package 'ur10_moveit_config' build argument 'cmake_args' from command line to 'None'
[0.198s] Level 5:colcon.colcon_core.verb:set package 'ur10_moveit_config' build argument 'cmake_target' from command line to 'None'
[0.198s] Level 5:colcon.colcon_core.verb:set package 'ur10_moveit_config' build argument 'cmake_target_skip_unavailable' from command line to 'False'
[0.198s] Level 5:colcon.colcon_core.verb:set package 'ur10_moveit_config' build argument 'cmake_clean_cache' from command line to 'False'
[0.198s] Level 5:colcon.colcon_core.verb:set package 'ur10_moveit_config' build argument 'cmake_clean_first' from command line to 'False'
[0.198s] Level 5:colcon.colcon_core.verb:set package 'ur10_moveit_config' build argument 'cmake_force_configure' from command line to 'False'
[0.198s] Level 5:colcon.colcon_core.verb:set package 'ur10_moveit_config' build argument 'ament_cmake_args' from command line to 'None'
[0.198s] Level 5:colcon.colcon_core.verb:set package 'ur10_moveit_config' build argument 'catkin_cmake_args' from command line to 'None'
[0.198s] Level 5:colcon.colcon_core.verb:set package 'ur10_moveit_config' build argument 'catkin_skip_building_tests' from command line to 'False'
[0.199s] DEBUG:colcon.colcon_core.verb:Building package 'ur10_moveit_config' with the following arguments: {'ament_cmake_args': None, 'build_base': '/home/zzy/ur_real/build/ur10_moveit_config', 'catkin_cmake_args': None, 'catkin_skip_building_tests': False, 'cmake_args': None, 'cmake_clean_cache': False, 'cmake_clean_first': False, 'cmake_force_configure': False, 'cmake_target': None, 'cmake_target_skip_unavailable': False, 'install_base': '/home/zzy/ur_real/install/ur10_moveit_config', 'merge_install': False, 'path': '/home/zzy/ur_real/src/ur10_moveit_config', 'symlink_install': True, 'test_result_base': None}
[0.199s] Level 5:colcon.colcon_core.verb:set package 'ur10_vel' build argument 'cmake_args' from command line to 'None'
[0.199s] Level 5:colcon.colcon_core.verb:set package 'ur10_vel' build argument 'cmake_target' from command line to 'None'
[0.199s] Level 5:colcon.colcon_core.verb:set package 'ur10_vel' build argument 'cmake_target_skip_unavailable' from command line to 'False'
[0.199s] Level 5:colcon.colcon_core.verb:set package 'ur10_vel' build argument 'cmake_clean_cache' from command line to 'False'
[0.199s] Level 5:colcon.colcon_core.verb:set package 'ur10_vel' build argument 'cmake_clean_first' from command line to 'False'
[0.199s] Level 5:colcon.colcon_core.verb:set package 'ur10_vel' build argument 'cmake_force_configure' from command line to 'False'
[0.199s] Level 5:colcon.colcon_core.verb:set package 'ur10_vel' build argument 'ament_cmake_args' from command line to 'None'
[0.199s] Level 5:colcon.colcon_core.verb:set package 'ur10_vel' build argument 'catkin_cmake_args' from command line to 'None'
[0.199s] Level 5:colcon.colcon_core.verb:set package 'ur10_vel' build argument 'catkin_skip_building_tests' from command line to 'False'
[0.199s] DEBUG:colcon.colcon_core.verb:Building package 'ur10_vel' with the following arguments: {'ament_cmake_args': None, 'build_base': '/home/zzy/ur_real/build/ur10_vel', 'catkin_cmake_args': None, 'catkin_skip_building_tests': False, 'cmake_args': None, 'cmake_clean_cache': False, 'cmake_clean_first': False, 'cmake_force_configure': False, 'cmake_target': None, 'cmake_target_skip_unavailable': False, 'install_base': '/home/zzy/ur_real/install/ur10_vel', 'merge_install': False, 'path': '/home/zzy/ur_real/src/ur10_vel', 'symlink_install': True, 'test_result_base': None}
[0.199s] Level 5:colcon.colcon_core.verb:set package 'ur_bringup' build argument 'cmake_args' from command line to 'None'
[0.199s] Level 5:colcon.colcon_core.verb:set package 'ur_bringup' build argument 'cmake_target' from command line to 'None'
[0.199s] Level 5:colcon.colcon_core.verb:set package 'ur_bringup' build argument 'cmake_target_skip_unavailable' from command line to 'False'
[0.199s] Level 5:colcon.colcon_core.verb:set package 'ur_bringup' build argument 'cmake_clean_cache' from command line to 'False'
[0.199s] Level 5:colcon.colcon_core.verb:set package 'ur_bringup' build argument 'cmake_clean_first' from command line to 'False'
[0.199s] Level 5:colcon.colcon_core.verb:set package 'ur_bringup' build argument 'cmake_force_configure' from command line to 'False'
[0.199s] Level 5:colcon.colcon_core.verb:set package 'ur_bringup' build argument 'ament_cmake_args' from command line to 'None'
[0.199s] Level 5:colcon.colcon_core.verb:set package 'ur_bringup' build argument 'catkin_cmake_args' from command line to 'None'
[0.199s] Level 5:colcon.colcon_core.verb:set package 'ur_bringup' build argument 'catkin_skip_building_tests' from command line to 'False'
[0.199s] DEBUG:colcon.colcon_core.verb:Building package 'ur_bringup' with the following arguments: {'ament_cmake_args': None, 'build_base': '/home/zzy/ur_real/build/ur_bringup', 'catkin_cmake_args': None, 'catkin_skip_building_tests': False, 'cmake_args': None, 'cmake_clean_cache': False, 'cmake_clean_first': False, 'cmake_force_configure': False, 'cmake_target': None, 'cmake_target_skip_unavailable': False, 'install_base': '/home/zzy/ur_real/install/ur_bringup', 'merge_install': False, 'path': '/home/zzy/ur_real/src/ur_bringup', 'symlink_install': True, 'test_result_base': None}
[0.199s] Level 5:colcon.colcon_core.verb:set package 'easy_handeye2' build argument 'cmake_args' from command line to 'None'
[0.199s] Level 5:colcon.colcon_core.verb:set package 'easy_handeye2' build argument 'cmake_target' from command line to 'None'
[0.199s] Level 5:colcon.colcon_core.verb:set package 'easy_handeye2' build argument 'cmake_target_skip_unavailable' from command line to 'False'
[0.199s] Level 5:colcon.colcon_core.verb:set package 'easy_handeye2' build argument 'cmake_clean_cache' from command line to 'False'
[0.199s] Level 5:colcon.colcon_core.verb:set package 'easy_handeye2' build argument 'cmake_clean_first' from command line to 'False'
[0.199s] Level 5:colcon.colcon_core.verb:set package 'easy_handeye2' build argument 'cmake_force_configure' from command line to 'False'
[0.199s] Level 5:colcon.colcon_core.verb:set package 'easy_handeye2' build argument 'ament_cmake_args' from command line to 'None'
[0.199s] Level 5:colcon.colcon_core.verb:set package 'easy_handeye2' build argument 'catkin_cmake_args' from command line to 'None'
[0.199s] Level 5:colcon.colcon_core.verb:set package 'easy_handeye2' build argument 'catkin_skip_building_tests' from command line to 'False'
[0.199s] DEBUG:colcon.colcon_core.verb:Building package 'easy_handeye2' with the following arguments: {'ament_cmake_args': None, 'build_base': '/home/zzy/ur_real/build/easy_handeye2', 'catkin_cmake_args': None, 'catkin_skip_building_tests': False, 'cmake_args': None, 'cmake_clean_cache': False, 'cmake_clean_first': False, 'cmake_force_configure': False, 'cmake_target': None, 'cmake_target_skip_unavailable': False, 'install_base': '/home/zzy/ur_real/install/easy_handeye2', 'merge_install': False, 'path': '/home/zzy/ur_real/src/easy_handeye2/easy_handeye2', 'symlink_install': True, 'test_result_base': None}
[0.200s] INFO:colcon.colcon_core.executor:Executing jobs using 'parallel' executor
[0.200s] DEBUG:colcon.colcon_parallel_executor.executor.parallel:run_until_complete
[0.200s] INFO:colcon.colcon_ros.task.ament_cmake.build:Building ROS package in '/home/zzy/ur_real/src/easy_handeye2/easy_handeye2_msgs' with build type 'ament_cmake'
[0.200s] INFO:colcon.colcon_cmake.task.cmake.build:Building CMake package in '/home/zzy/ur_real/src/easy_handeye2/easy_handeye2_msgs'
[0.207s] INFO:colcon.colcon_core.plugin_system:Skipping extension 'colcon_core.shell.bat': Not used on non-Windows systems
[0.207s] INFO:colcon.colcon_core.shell:Skip shell extension 'powershell' for command environment: Not usable outside of PowerShell
[0.207s] DEBUG:colcon.colcon_core.shell:Skip shell extension 'dsv' for command environment
[0.210s] INFO:colcon.colcon_ros.task.ament_python.build:Building ROS package in '/home/zzy/ur_real/src/ati_sensor' with build type 'ament_python'
[0.210s] Level 1:colcon.colcon_core.shell:create_environment_hook('ati_sensor', 'ament_prefix_path')
[0.210s] INFO:colcon.colcon_core.shell:Creating environment hook '/home/zzy/ur_real/install/ati_sensor/share/ati_sensor/hook/ament_prefix_path.ps1'
[0.210s] INFO:colcon.colcon_core.shell:Creating environment descriptor '/home/zzy/ur_real/install/ati_sensor/share/ati_sensor/hook/ament_prefix_path.dsv'
[0.211s] INFO:colcon.colcon_core.shell:Creating environment hook '/home/zzy/ur_real/install/ati_sensor/share/ati_sensor/hook/ament_prefix_path.sh'
[0.211s] INFO:colcon.colcon_core.shell:Skip shell extension 'powershell' for command environment: Not usable outside of PowerShell
[0.211s] DEBUG:colcon.colcon_core.shell:Skip shell extension 'dsv' for command environment
[0.213s] INFO:colcon.colcon_ros.task.ament_python.build:Building ROS package in '/home/zzy/ur_real/src/camera' with build type 'ament_python'
[0.213s] Level 1:colcon.colcon_core.shell:create_environment_hook('camera', 'ament_prefix_path')
[0.213s] INFO:colcon.colcon_core.shell:Creating environment hook '/home/zzy/ur_real/install/camera/share/camera/hook/ament_prefix_path.ps1'
[0.214s] INFO:colcon.colcon_core.shell:Creating environment descriptor '/home/zzy/ur_real/install/camera/share/camera/hook/ament_prefix_path.dsv'
[0.214s] INFO:colcon.colcon_core.shell:Creating environment hook '/home/zzy/ur_real/install/camera/share/camera/hook/ament_prefix_path.sh'
[0.214s] INFO:colcon.colcon_core.shell:Skip shell extension 'powershell' for command environment: Not usable outside of PowerShell
[0.214s] DEBUG:colcon.colcon_core.shell:Skip shell extension 'dsv' for command environment
[0.217s] INFO:colcon.colcon_ros.task.ament_cmake.build:Building ROS package in '/home/zzy/ur_real/src/ferrobotics' with build type 'ament_cmake'
[0.217s] INFO:colcon.colcon_cmake.task.cmake.build:Building CMake package in '/home/zzy/ur_real/src/ferrobotics'
[0.217s] INFO:colcon.colcon_core.shell:Skip shell extension 'powershell' for command environment: Not usable outside of PowerShell
[0.217s] DEBUG:colcon.colcon_core.shell:Skip shell extension 'dsv' for command environment
[0.219s] INFO:colcon.colcon_ros.task.ament_python.build:Building ROS package in '/home/zzy/ur_real/src/ferrobotics_acf' with build type 'ament_python'
[0.219s] Level 1:colcon.colcon_core.shell:create_environment_hook('ferrobotics_acf', 'ament_prefix_path')
[0.220s] INFO:colcon.colcon_core.shell:Creating environment hook '/home/zzy/ur_real/install/ferrobotics_acf/share/ferrobotics_acf/hook/ament_prefix_path.ps1'
[0.220s] INFO:colcon.colcon_core.shell:Creating environment descriptor '/home/zzy/ur_real/install/ferrobotics_acf/share/ferrobotics_acf/hook/ament_prefix_path.dsv'
[0.220s] INFO:colcon.colcon_core.shell:Creating environment hook '/home/zzy/ur_real/install/ferrobotics_acf/share/ferrobotics_acf/hook/ament_prefix_path.sh'
[0.220s] INFO:colcon.colcon_core.shell:Skip shell extension 'powershell' for command environment: Not usable outside of PowerShell
[0.220s] DEBUG:colcon.colcon_core.shell:Skip shell extension 'dsv' for command environment
[0.222s] INFO:colcon.colcon_ros.task.ament_python.build:Building ROS package in '/home/zzy/ur_real/src/gravity_compensation' with build type 'ament_python'
[0.222s] Level 1:colcon.colcon_core.shell:create_environment_hook('gravity_compensation', 'ament_prefix_path')
[0.222s] INFO:colcon.colcon_core.shell:Creating environment hook '/home/zzy/ur_real/install/gravity_compensation/share/gravity_compensation/hook/ament_prefix_path.ps1'
[0.223s] INFO:colcon.colcon_core.shell:Creating environment descriptor '/home/zzy/ur_real/install/gravity_compensation/share/gravity_compensation/hook/ament_prefix_path.dsv'
[0.223s] INFO:colcon.colcon_core.shell:Creating environment hook '/home/zzy/ur_real/install/gravity_compensation/share/gravity_compensation/hook/ament_prefix_path.sh'
[0.223s] INFO:colcon.colcon_core.shell:Skip shell extension 'powershell' for command environment: Not usable outside of PowerShell
[0.223s] DEBUG:colcon.colcon_core.shell:Skip shell extension 'dsv' for command environment
[0.225s] INFO:colcon.colcon_ros.task.ament_cmake.build:Building ROS package in '/home/zzy/ur_real/src/pymoveit2' with build type 'ament_cmake'
[0.225s] INFO:colcon.colcon_cmake.task.cmake.build:Building CMake package in '/home/zzy/ur_real/src/pymoveit2'
[0.225s] INFO:colcon.colcon_core.shell:Skip shell extension 'powershell' for command environment: Not usable outside of PowerShell
[0.226s] DEBUG:colcon.colcon_core.shell:Skip shell extension 'dsv' for command environment
[0.228s] INFO:colcon.colcon_ros.task.ament_cmake.build:Building ROS package in '/home/zzy/ur_real/src/ur10_moveit_config' with build type 'ament_cmake'
[0.228s] INFO:colcon.colcon_cmake.task.cmake.build:Building CMake package in '/home/zzy/ur_real/src/ur10_moveit_config'
[0.228s] INFO:colcon.colcon_core.shell:Skip shell extension 'powershell' for command environment: Not usable outside of PowerShell
[0.228s] DEBUG:colcon.colcon_core.shell:Skip shell extension 'dsv' for command environment
[0.230s] INFO:colcon.colcon_ros.task.ament_python.build:Building ROS package in '/home/zzy/ur_real/src/ur10_vel' with build type 'ament_python'
[0.230s] Level 1:colcon.colcon_core.shell:create_environment_hook('ur10_vel', 'ament_prefix_path')
[0.230s] INFO:colcon.colcon_core.shell:Creating environment hook '/home/zzy/ur_real/install/ur10_vel/share/ur10_vel/hook/ament_prefix_path.ps1'
[0.230s] INFO:colcon.colcon_core.shell:Creating environment descriptor '/home/zzy/ur_real/install/ur10_vel/share/ur10_vel/hook/ament_prefix_path.dsv'
[0.231s] INFO:colcon.colcon_core.shell:Creating environment hook '/home/zzy/ur_real/install/ur10_vel/share/ur10_vel/hook/ament_prefix_path.sh'
[0.231s] INFO:colcon.colcon_core.shell:Skip shell extension 'powershell' for command environment: Not usable outside of PowerShell
[0.231s] DEBUG:colcon.colcon_core.shell:Skip shell extension 'dsv' for command environment
[0.233s] INFO:colcon.colcon_ros.task.ament_cmake.build:Building ROS package in '/home/zzy/ur_real/src/ur_bringup' with build type 'ament_cmake'
[0.233s] INFO:colcon.colcon_cmake.task.cmake.build:Building CMake package in '/home/zzy/ur_real/src/ur_bringup'
[0.233s] INFO:colcon.colcon_core.shell:Skip shell extension 'powershell' for command environment: Not usable outside of PowerShell
[0.233s] DEBUG:colcon.colcon_core.shell:Skip shell extension 'dsv' for command environment
[0.240s] DEBUG:colcon.colcon_core.event_handler.log_command:Invoking command in '/home/zzy/ur_real/build/easy_handeye2_msgs': CMAKE_PREFIX_PATH=${CMAKE_PREFIX_PATH}:/home/zzy/ur_real/install/ur10_vel:/home/zzy/ur_real/install/gravity_compensation:/home/zzy/ur_real/install/ferrobotics_acf:/home/zzy/ur_real/install/easy_handeye2:/home/zzy/ur_real/install/camera:/home/zzy/ur_real/install/ati_sensor:/opt/ros/humble /usr/bin/cmake --build /home/zzy/ur_real/build/easy_handeye2_msgs -- -j24 -l24
[0.382s] INFO:colcon.colcon_core.task.python.build:Building Python package in '/home/zzy/ur_real/src/ati_sensor'
[0.383s] INFO:colcon.colcon_core.shell:Skip shell extension 'powershell' for command environment: Not usable outside of PowerShell
[0.383s] DEBUG:colcon.colcon_core.shell:Skip shell extension 'dsv' for command environment
[0.526s] INFO:colcon.colcon_core.task.python.build:Building Python package in '/home/zzy/ur_real/src/camera'
[0.526s] INFO:colcon.colcon_core.shell:Skip shell extension 'powershell' for command environment: Not usable outside of PowerShell
[0.526s] DEBUG:colcon.colcon_core.shell:Skip shell extension 'dsv' for command environment
[0.531s] DEBUG:colcon.colcon_core.event_handler.log_command:Invoking command in '/home/zzy/ur_real/build/ferrobotics': CMAKE_PREFIX_PATH=${CMAKE_PREFIX_PATH}:/home/zzy/ur_real/install/ur10_vel:/home/zzy/ur_real/install/gravity_compensation:/home/zzy/ur_real/install/ferrobotics_acf:/home/zzy/ur_real/install/easy_handeye2:/home/zzy/ur_real/install/camera:/home/zzy/ur_real/install/ati_sensor:/opt/ros/humble /usr/bin/cmake --build /home/zzy/ur_real/build/ferrobotics -- -j24 -l24
[0.672s] INFO:colcon.colcon_core.task.python.build:Building Python package in '/home/zzy/ur_real/src/ferrobotics_acf'
[0.672s] INFO:colcon.colcon_core.shell:Skip shell extension 'powershell' for command environment: Not usable outside of PowerShell
[0.672s] DEBUG:colcon.colcon_core.shell:Skip shell extension 'dsv' for command environment
[0.815s] INFO:colcon.colcon_core.task.python.build:Building Python package in '/home/zzy/ur_real/src/gravity_compensation'
[0.815s] INFO:colcon.colcon_core.shell:Skip shell extension 'powershell' for command environment: Not usable outside of PowerShell
[0.815s] DEBUG:colcon.colcon_core.shell:Skip shell extension 'dsv' for command environment
[0.820s] DEBUG:colcon.colcon_core.event_handler.log_command:Invoking command in '/home/zzy/ur_real/build/pymoveit2': CMAKE_PREFIX_PATH=${CMAKE_PREFIX_PATH}:/home/zzy/ur_real/install/ur10_vel:/home/zzy/ur_real/install/gravity_compensation:/home/zzy/ur_real/install/ferrobotics_acf:/home/zzy/ur_real/install/easy_handeye2:/home/zzy/ur_real/install/camera:/home/zzy/ur_real/install/ati_sensor:/opt/ros/humble /usr/bin/cmake --build /home/zzy/ur_real/build/pymoveit2 -- -j24 -l24
[0.821s] DEBUG:colcon.colcon_core.event_handler.log_command:Invoking command in '/home/zzy/ur_real/build/ur10_moveit_config': CMAKE_PREFIX_PATH=${CMAKE_PREFIX_PATH}:/home/zzy/ur_real/install/ur10_vel:/home/zzy/ur_real/install/gravity_compensation:/home/zzy/ur_real/install/ferrobotics_acf:/home/zzy/ur_real/install/easy_handeye2:/home/zzy/ur_real/install/camera:/home/zzy/ur_real/install/ati_sensor:/opt/ros/humble /usr/bin/cmake --build /home/zzy/ur_real/build/ur10_moveit_config -- -j24 -l24
[0.962s] INFO:colcon.colcon_core.task.python.build:Building Python package in '/home/zzy/ur_real/src/ur10_vel'
[0.962s] INFO:colcon.colcon_core.shell:Skip shell extension 'powershell' for command environment: Not usable outside of PowerShell
[0.962s] DEBUG:colcon.colcon_core.shell:Skip shell extension 'dsv' for command environment
[0.967s] DEBUG:colcon.colcon_core.event_handler.log_command:Invoking command in '/home/zzy/ur_real/build/ur_bringup': CMAKE_PREFIX_PATH=${CMAKE_PREFIX_PATH}:/home/zzy/ur_real/install/ur10_vel:/home/zzy/ur_real/install/gravity_compensation:/home/zzy/ur_real/install/ferrobotics_acf:/home/zzy/ur_real/install/easy_handeye2:/home/zzy/ur_real/install/camera:/home/zzy/ur_real/install/ati_sensor:/opt/ros/humble /usr/bin/cmake --build /home/zzy/ur_real/build/ur_bringup -- -j24 -l24
[0.971s] DEBUG:colcon.colcon_core.event_handler.log_command:Invoked command in '/home/zzy/ur_real/build/easy_handeye2_msgs' returned '0': CMAKE_PREFIX_PATH=${CMAKE_PREFIX_PATH}:/home/zzy/ur_real/install/ur10_vel:/home/zzy/ur_real/install/gravity_compensation:/home/zzy/ur_real/install/ferrobotics_acf:/home/zzy/ur_real/install/easy_handeye2:/home/zzy/ur_real/install/camera:/home/zzy/ur_real/install/ati_sensor:/opt/ros/humble /usr/bin/cmake --build /home/zzy/ur_real/build/easy_handeye2_msgs -- -j24 -l24
[0.972s] DEBUG:colcon.colcon_core.event_handler.log_command:Invoked command in '/home/zzy/ur_real/build/ferrobotics' returned '0': CMAKE_PREFIX_PATH=${CMAKE_PREFIX_PATH}:/home/zzy/ur_real/install/ur10_vel:/home/zzy/ur_real/install/gravity_compensation:/home/zzy/ur_real/install/ferrobotics_acf:/home/zzy/ur_real/install/easy_handeye2:/home/zzy/ur_real/install/camera:/home/zzy/ur_real/install/ati_sensor:/opt/ros/humble /usr/bin/cmake --build /home/zzy/ur_real/build/ferrobotics -- -j24 -l24
[0.973s] DEBUG:colcon.colcon_core.event_handler.log_command:Invoked command in '/home/zzy/ur_real/build/ur10_moveit_config' returned '0': CMAKE_PREFIX_PATH=${CMAKE_PREFIX_PATH}:/home/zzy/ur_real/install/ur10_vel:/home/zzy/ur_real/install/gravity_compensation:/home/zzy/ur_real/install/ferrobotics_acf:/home/zzy/ur_real/install/easy_handeye2:/home/zzy/ur_real/install/camera:/home/zzy/ur_real/install/ati_sensor:/opt/ros/humble /usr/bin/cmake --build /home/zzy/ur_real/build/ur10_moveit_config -- -j24 -l24
[0.992s] DEBUG:colcon.colcon_core.event_handler.log_command:Invoking command in '/home/zzy/ur_real/build/ur10_moveit_config': CMAKE_PREFIX_PATH=${CMAKE_PREFIX_PATH}:/home/zzy/ur_real/install/ur10_vel:/home/zzy/ur_real/install/gravity_compensation:/home/zzy/ur_real/install/ferrobotics_acf:/home/zzy/ur_real/install/easy_handeye2:/home/zzy/ur_real/install/camera:/home/zzy/ur_real/install/ati_sensor:/opt/ros/humble /usr/bin/cmake --install /home/zzy/ur_real/build/ur10_moveit_config
[0.994s] DEBUG:colcon.colcon_core.event_handler.log_command:Invoked command in '/home/zzy/ur_real/build/ur_bringup' returned '0': CMAKE_PREFIX_PATH=${CMAKE_PREFIX_PATH}:/home/zzy/ur_real/install/ur10_vel:/home/zzy/ur_real/install/gravity_compensation:/home/zzy/ur_real/install/ferrobotics_acf:/home/zzy/ur_real/install/easy_handeye2:/home/zzy/ur_real/install/camera:/home/zzy/ur_real/install/ati_sensor:/opt/ros/humble /usr/bin/cmake --build /home/zzy/ur_real/build/ur_bringup -- -j24 -l24
[1.007s] Level 1:colcon.colcon_core.environment:create_environment_scripts_only(ur10_moveit_config)
[1.007s] DEBUG:colcon.colcon_core.event_handler.log_command:Invoked command in '/home/zzy/ur_real/build/ur10_moveit_config' returned '0': CMAKE_PREFIX_PATH=${CMAKE_PREFIX_PATH}:/home/zzy/ur_real/install/ur10_vel:/home/zzy/ur_real/install/gravity_compensation:/home/zzy/ur_real/install/ferrobotics_acf:/home/zzy/ur_real/install/easy_handeye2:/home/zzy/ur_real/install/camera:/home/zzy/ur_real/install/ati_sensor:/opt/ros/humble /usr/bin/cmake --install /home/zzy/ur_real/build/ur10_moveit_config
[1.010s] Level 1:colcon.colcon_core.environment:checking '/home/zzy/ur_real/install/ur10_moveit_config' for CMake module files
[1.010s] Level 1:colcon.colcon_core.environment:checking '/home/zzy/ur_real/install/ur10_moveit_config' for CMake config files
[1.010s] Level 1:colcon.colcon_core.shell:create_environment_hook('ur10_moveit_config', 'cmake_prefix_path')
[1.011s] INFO:colcon.colcon_core.shell:Creating environment hook '/home/zzy/ur_real/install/ur10_moveit_config/share/ur10_moveit_config/hook/cmake_prefix_path.ps1'
[1.011s] INFO:colcon.colcon_core.shell:Creating environment descriptor '/home/zzy/ur_real/install/ur10_moveit_config/share/ur10_moveit_config/hook/cmake_prefix_path.dsv'
[1.012s] INFO:colcon.colcon_core.shell:Creating environment hook '/home/zzy/ur_real/install/ur10_moveit_config/share/ur10_moveit_config/hook/cmake_prefix_path.sh'
[1.012s] Level 1:colcon.colcon_core.environment:checking '/home/zzy/ur_real/install/ur10_moveit_config/bin'
[1.012s] Level 1:colcon.colcon_core.environment:checking '/home/zzy/ur_real/install/ur10_moveit_config/lib/pkgconfig/ur10_moveit_config.pc'
[1.012s] Level 1:colcon.colcon_core.environment:checking '/home/zzy/ur_real/install/ur10_moveit_config/lib/python3.10/site-packages'
[1.013s] Level 1:colcon.colcon_core.environment:checking '/home/zzy/ur_real/install/ur10_moveit_config/bin'
[1.013s] INFO:colcon.colcon_core.shell:Creating package script '/home/zzy/ur_real/install/ur10_moveit_config/share/ur10_moveit_config/package.ps1'
[1.014s] INFO:colcon.colcon_core.shell:Creating package descriptor '/home/zzy/ur_real/install/ur10_moveit_config/share/ur10_moveit_config/package.dsv'
[1.014s] INFO:colcon.colcon_core.shell:Creating package script '/home/zzy/ur_real/install/ur10_moveit_config/share/ur10_moveit_config/package.sh'
[1.015s] INFO:colcon.colcon_core.shell:Creating package script '/home/zzy/ur_real/install/ur10_moveit_config/share/ur10_moveit_config/package.bash'
[1.015s] INFO:colcon.colcon_core.shell:Creating package script '/home/zzy/ur_real/install/ur10_moveit_config/share/ur10_moveit_config/package.zsh'
[1.016s] Level 1:colcon.colcon_core.environment:create_file_with_runtime_dependencies(/home/zzy/ur_real/install/ur10_moveit_config/share/colcon-core/packages/ur10_moveit_config)
[1.019s] DEBUG:colcon.colcon_core.event_handler.log_command:Invoking command in '/home/zzy/ur_real/build/ur_bringup': CMAKE_PREFIX_PATH=${CMAKE_PREFIX_PATH}:/home/zzy/ur_real/install/ur10_vel:/home/zzy/ur_real/install/gravity_compensation:/home/zzy/ur_real/install/ferrobotics_acf:/home/zzy/ur_real/install/easy_handeye2:/home/zzy/ur_real/install/camera:/home/zzy/ur_real/install/ati_sensor:/opt/ros/humble /usr/bin/cmake --install /home/zzy/ur_real/build/ur_bringup
[1.030s] Level 1:colcon.colcon_core.environment:create_environment_scripts_only(ur10_moveit_config)
[1.030s] Level 1:colcon.colcon_core.environment:checking '/home/zzy/ur_real/install/ur10_moveit_config' for CMake module files
[1.031s] Level 1:colcon.colcon_core.environment:checking '/home/zzy/ur_real/install/ur10_moveit_config' for CMake config files
[1.032s] Level 1:colcon.colcon_core.shell:create_environment_hook('ur10_moveit_config', 'cmake_prefix_path')
[1.032s] INFO:colcon.colcon_core.shell:Creating environment hook '/home/zzy/ur_real/install/ur10_moveit_config/share/ur10_moveit_config/hook/cmake_prefix_path.ps1'
[1.032s] INFO:colcon.colcon_core.shell:Creating environment descriptor '/home/zzy/ur_real/install/ur10_moveit_config/share/ur10_moveit_config/hook/cmake_prefix_path.dsv'
[1.032s] INFO:colcon.colcon_core.shell:Creating environment hook '/home/zzy/ur_real/install/ur10_moveit_config/share/ur10_moveit_config/hook/cmake_prefix_path.sh'
[1.033s] Level 1:colcon.colcon_core.environment:checking '/home/zzy/ur_real/install/ur10_moveit_config/bin'
[1.033s] Level 1:colcon.colcon_core.environment:checking '/home/zzy/ur_real/install/ur10_moveit_config/lib/pkgconfig/ur10_moveit_config.pc'
[1.033s] Level 1:colcon.colcon_core.environment:checking '/home/zzy/ur_real/install/ur10_moveit_config/lib/python3.10/site-packages'
[1.033s] Level 1:colcon.colcon_core.environment:checking '/home/zzy/ur_real/install/ur10_moveit_config/bin'
[1.034s] INFO:colcon.colcon_core.shell:Creating package script '/home/zzy/ur_real/install/ur10_moveit_config/share/ur10_moveit_config/package.ps1'
[1.034s] INFO:colcon.colcon_core.shell:Creating package descriptor '/home/zzy/ur_real/install/ur10_moveit_config/share/ur10_moveit_config/package.dsv'
[1.035s] INFO:colcon.colcon_core.shell:Creating package script '/home/zzy/ur_real/install/ur10_moveit_config/share/ur10_moveit_config/package.sh'
[1.035s] INFO:colcon.colcon_core.shell:Creating package script '/home/zzy/ur_real/install/ur10_moveit_config/share/ur10_moveit_config/package.bash'
[1.035s] INFO:colcon.colcon_core.shell:Creating package script '/home/zzy/ur_real/install/ur10_moveit_config/share/ur10_moveit_config/package.zsh'
[1.036s] Level 1:colcon.colcon_core.environment:create_file_with_runtime_dependencies(/home/zzy/ur_real/install/ur10_moveit_config/share/colcon-core/packages/ur10_moveit_config)
[1.039s] Level 1:colcon.colcon_core.environment:create_environment_scripts_only(ur_bringup)
[1.039s] DEBUG:colcon.colcon_core.event_handler.log_command:Invoking command in '/home/zzy/ur_real/build/ferrobotics': CMAKE_PREFIX_PATH=${CMAKE_PREFIX_PATH}:/home/zzy/ur_real/install/ur10_vel:/home/zzy/ur_real/install/gravity_compensation:/home/zzy/ur_real/install/ferrobotics_acf:/home/zzy/ur_real/install/easy_handeye2:/home/zzy/ur_real/install/camera:/home/zzy/ur_real/install/ati_sensor:/opt/ros/humble /usr/bin/cmake --install /home/zzy/ur_real/build/ferrobotics
[1.040s] Level 1:colcon.colcon_core.environment:checking '/home/zzy/ur_real/install/ur_bringup' for CMake module files
[1.041s] DEBUG:colcon.colcon_core.event_handler.log_command:Invoked command in '/home/zzy/ur_real/build/ur_bringup' returned '0': CMAKE_PREFIX_PATH=${CMAKE_PREFIX_PATH}:/home/zzy/ur_real/install/ur10_vel:/home/zzy/ur_real/install/gravity_compensation:/home/zzy/ur_real/install/ferrobotics_acf:/home/zzy/ur_real/install/easy_handeye2:/home/zzy/ur_real/install/camera:/home/zzy/ur_real/install/ati_sensor:/opt/ros/humble /usr/bin/cmake --install /home/zzy/ur_real/build/ur_bringup
[1.041s] Level 1:colcon.colcon_core.environment:checking '/home/zzy/ur_real/install/ur_bringup' for CMake config files
[1.041s] Level 1:colcon.colcon_core.shell:create_environment_hook('ur_bringup', 'cmake_prefix_path')
[1.041s] INFO:colcon.colcon_core.shell:Creating environment hook '/home/zzy/ur_real/install/ur_bringup/share/ur_bringup/hook/cmake_prefix_path.ps1'
[1.042s] INFO:colcon.colcon_core.shell:Creating environment descriptor '/home/zzy/ur_real/install/ur_bringup/share/ur_bringup/hook/cmake_prefix_path.dsv'
[1.042s] INFO:colcon.colcon_core.shell:Creating environment hook '/home/zzy/ur_real/install/ur_bringup/share/ur_bringup/hook/cmake_prefix_path.sh'
[1.043s] Level 1:colcon.colcon_core.environment:checking '/home/zzy/ur_real/install/ur_bringup/bin'
[1.043s] Level 1:colcon.colcon_core.environment:checking '/home/zzy/ur_real/install/ur_bringup/lib/pkgconfig/ur_bringup.pc'
[1.043s] Level 1:colcon.colcon_core.environment:checking '/home/zzy/ur_real/install/ur_bringup/lib/python3.10/site-packages'
[1.043s] Level 1:colcon.colcon_core.environment:checking '/home/zzy/ur_real/install/ur_bringup/bin'
[1.043s] INFO:colcon.colcon_core.shell:Creating package script '/home/zzy/ur_real/install/ur_bringup/share/ur_bringup/package.ps1'
[1.046s] INFO:colcon.colcon_core.shell:Creating package descriptor '/home/zzy/ur_real/install/ur_bringup/share/ur_bringup/package.dsv'
[1.050s] INFO:colcon.colcon_core.shell:Creating package script '/home/zzy/ur_real/install/ur_bringup/share/ur_bringup/package.sh'
[1.051s] INFO:colcon.colcon_core.shell:Creating package script '/home/zzy/ur_real/install/ur_bringup/share/ur_bringup/package.bash'
[1.052s] INFO:colcon.colcon_core.shell:Creating package script '/home/zzy/ur_real/install/ur_bringup/share/ur_bringup/package.zsh'
[1.052s] Level 1:colcon.colcon_core.environment:create_file_with_runtime_dependencies(/home/zzy/ur_real/install/ur_bringup/share/colcon-core/packages/ur_bringup)
[1.066s] Level 1:colcon.colcon_core.environment:create_environment_scripts_only(ur_bringup)
[1.066s] Level 1:colcon.colcon_core.environment:checking '/home/zzy/ur_real/install/ur_bringup' for CMake module files
[1.067s] Level 1:colcon.colcon_core.environment:checking '/home/zzy/ur_real/install/ur_bringup' for CMake config files
[1.067s] Level 1:colcon.colcon_core.shell:create_environment_hook('ur_bringup', 'cmake_prefix_path')
[1.067s] INFO:colcon.colcon_core.shell:Creating environment hook '/home/zzy/ur_real/install/ur_bringup/share/ur_bringup/hook/cmake_prefix_path.ps1'
[1.067s] INFO:colcon.colcon_core.shell:Creating environment descriptor '/home/zzy/ur_real/install/ur_bringup/share/ur_bringup/hook/cmake_prefix_path.dsv'
[1.067s] INFO:colcon.colcon_core.shell:Creating environment hook '/home/zzy/ur_real/install/ur_bringup/share/ur_bringup/hook/cmake_prefix_path.sh'
[1.068s] Level 1:colcon.colcon_core.environment:checking '/home/zzy/ur_real/install/ur_bringup/bin'
[1.068s] Level 1:colcon.colcon_core.environment:checking '/home/zzy/ur_real/install/ur_bringup/lib/pkgconfig/ur_bringup.pc'
[1.068s] Level 1:colcon.colcon_core.environment:checking '/home/zzy/ur_real/install/ur_bringup/lib/python3.10/site-packages'
[1.068s] Level 1:colcon.colcon_core.environment:checking '/home/zzy/ur_real/install/ur_bringup/bin'
[1.068s] INFO:colcon.colcon_core.shell:Creating package script '/home/zzy/ur_real/install/ur_bringup/share/ur_bringup/package.ps1'
[1.068s] INFO:colcon.colcon_core.shell:Creating package descriptor '/home/zzy/ur_real/install/ur_bringup/share/ur_bringup/package.dsv'
[1.069s] INFO:colcon.colcon_core.shell:Creating package script '/home/zzy/ur_real/install/ur_bringup/share/ur_bringup/package.sh'
[1.069s] INFO:colcon.colcon_core.shell:Creating package script '/home/zzy/ur_real/install/ur_bringup/share/ur_bringup/package.bash'
[1.069s] INFO:colcon.colcon_core.shell:Creating package script '/home/zzy/ur_real/install/ur_bringup/share/ur_bringup/package.zsh'
[1.069s] Level 1:colcon.colcon_core.environment:create_file_with_runtime_dependencies(/home/zzy/ur_real/install/ur_bringup/share/colcon-core/packages/ur_bringup)
[1.095s] DEBUG:colcon.colcon_core.event_handler.log_command:Invoked command in '/home/zzy/ur_real/build/pymoveit2' returned '0': CMAKE_PREFIX_PATH=${CMAKE_PREFIX_PATH}:/home/zzy/ur_real/install/ur10_vel:/home/zzy/ur_real/install/gravity_compensation:/home/zzy/ur_real/install/ferrobotics_acf:/home/zzy/ur_real/install/easy_handeye2:/home/zzy/ur_real/install/camera:/home/zzy/ur_real/install/ati_sensor:/opt/ros/humble /usr/bin/cmake --build /home/zzy/ur_real/build/pymoveit2 -- -j24 -l24
[1.110s] DEBUG:colcon.colcon_core.event_handler.log_command:Invoking command in '/home/zzy/ur_real/build/pymoveit2': CMAKE_PREFIX_PATH=${CMAKE_PREFIX_PATH}:/home/zzy/ur_real/install/ur10_vel:/home/zzy/ur_real/install/gravity_compensation:/home/zzy/ur_real/install/ferrobotics_acf:/home/zzy/ur_real/install/easy_handeye2:/home/zzy/ur_real/install/camera:/home/zzy/ur_real/install/ati_sensor:/opt/ros/humble /usr/bin/cmake --install /home/zzy/ur_real/build/pymoveit2
[1.120s] Level 1:colcon.colcon_core.environment:create_environment_scripts_only(ferrobotics)
[1.120s] Level 1:colcon.colcon_core.environment:checking '/home/zzy/ur_real/install/ferrobotics' for CMake module files
[1.121s] DEBUG:colcon.colcon_core.event_handler.log_command:Invoked command in '/home/zzy/ur_real/build/ferrobotics' returned '0': CMAKE_PREFIX_PATH=${CMAKE_PREFIX_PATH}:/home/zzy/ur_real/install/ur10_vel:/home/zzy/ur_real/install/gravity_compensation:/home/zzy/ur_real/install/ferrobotics_acf:/home/zzy/ur_real/install/easy_handeye2:/home/zzy/ur_real/install/camera:/home/zzy/ur_real/install/ati_sensor:/opt/ros/humble /usr/bin/cmake --install /home/zzy/ur_real/build/ferrobotics
[1.122s] Level 1:colcon.colcon_core.environment:checking '/home/zzy/ur_real/install/ferrobotics' for CMake config files
[1.122s] Level 1:colcon.colcon_core.shell:create_environment_hook('ferrobotics', 'cmake_prefix_path')
[1.122s] INFO:colcon.colcon_core.shell:Creating environment hook '/home/zzy/ur_real/install/ferrobotics/share/ferrobotics/hook/cmake_prefix_path.ps1'
[1.123s] INFO:colcon.colcon_core.shell:Creating environment descriptor '/home/zzy/ur_real/install/ferrobotics/share/ferrobotics/hook/cmake_prefix_path.dsv'
[1.123s] INFO:colcon.colcon_core.shell:Creating environment hook '/home/zzy/ur_real/install/ferrobotics/share/ferrobotics/hook/cmake_prefix_path.sh'
[1.124s] Level 1:colcon.colcon_core.environment:checking '/home/zzy/ur_real/install/ferrobotics/lib'
[1.124s] Level 1:colcon.colcon_core.shell:create_environment_hook('ferrobotics', 'ld_library_path_lib')
[1.124s] INFO:colcon.colcon_core.shell:Creating environment hook '/home/zzy/ur_real/install/ferrobotics/share/ferrobotics/hook/ld_library_path_lib.ps1'
[1.125s] INFO:colcon.colcon_core.shell:Creating environment descriptor '/home/zzy/ur_real/install/ferrobotics/share/ferrobotics/hook/ld_library_path_lib.dsv'
[1.125s] INFO:colcon.colcon_core.shell:Creating environment hook '/home/zzy/ur_real/install/ferrobotics/share/ferrobotics/hook/ld_library_path_lib.sh'
[1.125s] Level 1:colcon.colcon_core.environment:checking '/home/zzy/ur_real/install/ferrobotics/bin'
[1.126s] Level 1:colcon.colcon_core.environment:checking '/home/zzy/ur_real/install/ferrobotics/lib/pkgconfig/ferrobotics.pc'
[1.126s] Level 1:colcon.colcon_core.environment:checking '/home/zzy/ur_real/install/ferrobotics/lib/python3.10/site-packages'
[1.126s] Level 1:colcon.colcon_core.environment:checking '/home/zzy/ur_real/install/ferrobotics/bin'
[1.126s] INFO:colcon.colcon_core.shell:Creating package script '/home/zzy/ur_real/install/ferrobotics/share/ferrobotics/package.ps1'
[1.127s] INFO:colcon.colcon_core.shell:Creating package descriptor '/home/zzy/ur_real/install/ferrobotics/share/ferrobotics/package.dsv'
[1.127s] INFO:colcon.colcon_core.shell:Creating package script '/home/zzy/ur_real/install/ferrobotics/share/ferrobotics/package.sh'
[1.128s] INFO:colcon.colcon_core.shell:Creating package script '/home/zzy/ur_real/install/ferrobotics/share/ferrobotics/package.bash'
[1.128s] INFO:colcon.colcon_core.shell:Creating package script '/home/zzy/ur_real/install/ferrobotics/share/ferrobotics/package.zsh'
[1.128s] Level 1:colcon.colcon_core.environment:create_file_with_runtime_dependencies(/home/zzy/ur_real/install/ferrobotics/share/colcon-core/packages/ferrobotics)
[1.180s] DEBUG:colcon.colcon_core.event_handler.log_command:Invoking command in '/home/zzy/ur_real/build/easy_handeye2_msgs': CMAKE_PREFIX_PATH=${CMAKE_PREFIX_PATH}:/home/zzy/ur_real/install/ur10_vel:/home/zzy/ur_real/install/gravity_compensation:/home/zzy/ur_real/install/ferrobotics_acf:/home/zzy/ur_real/install/easy_handeye2:/home/zzy/ur_real/install/camera:/home/zzy/ur_real/install/ati_sensor:/opt/ros/humble /usr/bin/cmake --install /home/zzy/ur_real/build/easy_handeye2_msgs
[1.181s] Level 1:colcon.colcon_core.environment:create_environment_scripts_only(pymoveit2)
[1.182s] Level 1:colcon.colcon_core.environment:checking '/home/zzy/ur_real/install/pymoveit2' for CMake module files
[1.182s] DEBUG:colcon.colcon_core.event_handler.log_command:Invoked command in '/home/zzy/ur_real/build/pymoveit2' returned '0': CMAKE_PREFIX_PATH=${CMAKE_PREFIX_PATH}:/home/zzy/ur_real/install/ur10_vel:/home/zzy/ur_real/install/gravity_compensation:/home/zzy/ur_real/install/ferrobotics_acf:/home/zzy/ur_real/install/easy_handeye2:/home/zzy/ur_real/install/camera:/home/zzy/ur_real/install/ati_sensor:/opt/ros/humble /usr/bin/cmake --install /home/zzy/ur_real/build/pymoveit2
[1.183s] Level 1:colcon.colcon_core.environment:checking '/home/zzy/ur_real/install/pymoveit2' for CMake config files
[1.183s] Level 1:colcon.colcon_core.shell:create_environment_hook('pymoveit2', 'cmake_prefix_path')
[1.183s] INFO:colcon.colcon_core.shell:Creating environment hook '/home/zzy/ur_real/install/pymoveit2/share/pymoveit2/hook/cmake_prefix_path.ps1'
[1.184s] INFO:colcon.colcon_core.shell:Creating environment descriptor '/home/zzy/ur_real/install/pymoveit2/share/pymoveit2/hook/cmake_prefix_path.dsv'
[1.184s] INFO:colcon.colcon_core.shell:Creating environment hook '/home/zzy/ur_real/install/pymoveit2/share/pymoveit2/hook/cmake_prefix_path.sh'
[1.185s] Level 1:colcon.colcon_core.environment:checking '/home/zzy/ur_real/install/pymoveit2/lib'
[1.185s] Level 1:colcon.colcon_core.environment:checking '/home/zzy/ur_real/install/pymoveit2/bin'
[1.185s] Level 1:colcon.colcon_core.environment:checking '/home/zzy/ur_real/install/pymoveit2/lib/pkgconfig/pymoveit2.pc'
[1.185s] Level 1:colcon.colcon_core.environment:checking '/home/zzy/ur_real/install/pymoveit2/lib/python3.10/site-packages'
[1.185s] Level 1:colcon.colcon_core.environment:checking '/home/zzy/ur_real/install/pymoveit2/bin'
[1.186s] INFO:colcon.colcon_core.shell:Creating package script '/home/zzy/ur_real/install/pymoveit2/share/pymoveit2/package.ps1'
[1.189s] INFO:colcon.colcon_core.shell:Creating package descriptor '/home/zzy/ur_real/install/pymoveit2/share/pymoveit2/package.dsv'
[1.191s] INFO:colcon.colcon_core.shell:Creating package script '/home/zzy/ur_real/install/pymoveit2/share/pymoveit2/package.sh'
[1.192s] INFO:colcon.colcon_core.shell:Creating package script '/home/zzy/ur_real/install/pymoveit2/share/pymoveit2/package.bash'
[1.193s] INFO:colcon.colcon_core.shell:Creating package script '/home/zzy/ur_real/install/pymoveit2/share/pymoveit2/package.zsh'
[1.194s] Level 1:colcon.colcon_core.environment:create_file_with_runtime_dependencies(/home/zzy/ur_real/install/pymoveit2/share/colcon-core/packages/pymoveit2)
[1.197s] Level 1:colcon.colcon_core.environment:create_environment_scripts_only(ferrobotics)
[1.198s] Level 1:colcon.colcon_core.environment:checking '/home/zzy/ur_real/install/ferrobotics' for CMake module files
[1.207s] Level 1:colcon.colcon_core.environment:checking '/home/zzy/ur_real/install/ferrobotics' for CMake config files
[1.211s] Level 1:colcon.colcon_core.shell:create_environment_hook('ferrobotics', 'cmake_prefix_path')
[1.211s] INFO:colcon.colcon_core.shell:Creating environment hook '/home/zzy/ur_real/install/ferrobotics/share/ferrobotics/hook/cmake_prefix_path.ps1'
[1.212s] INFO:colcon.colcon_core.shell:Creating environment descriptor '/home/zzy/ur_real/install/ferrobotics/share/ferrobotics/hook/cmake_prefix_path.dsv'
[1.212s] INFO:colcon.colcon_core.shell:Creating environment hook '/home/zzy/ur_real/install/ferrobotics/share/ferrobotics/hook/cmake_prefix_path.sh'
[1.213s] Level 1:colcon.colcon_core.environment:checking '/home/zzy/ur_real/install/ferrobotics/lib'
[1.213s] Level 1:colcon.colcon_core.shell:create_environment_hook('ferrobotics', 'ld_library_path_lib')
[1.213s] INFO:colcon.colcon_core.shell:Creating environment hook '/home/zzy/ur_real/install/ferrobotics/share/ferrobotics/hook/ld_library_path_lib.ps1'
[1.213s] INFO:colcon.colcon_core.shell:Creating environment descriptor '/home/zzy/ur_real/install/ferrobotics/share/ferrobotics/hook/ld_library_path_lib.dsv'
[1.214s] INFO:colcon.colcon_core.shell:Creating environment hook '/home/zzy/ur_real/install/ferrobotics/share/ferrobotics/hook/ld_library_path_lib.sh'
[1.214s] Level 1:colcon.colcon_core.environment:checking '/home/zzy/ur_real/install/ferrobotics/bin'
[1.214s] Level 1:colcon.colcon_core.environment:checking '/home/zzy/ur_real/install/ferrobotics/lib/pkgconfig/ferrobotics.pc'
[1.214s] Level 1:colcon.colcon_core.environment:checking '/home/zzy/ur_real/install/ferrobotics/lib/python3.10/site-packages'
[1.214s] Level 1:colcon.colcon_core.environment:checking '/home/zzy/ur_real/install/ferrobotics/bin'
[1.214s] INFO:colcon.colcon_core.shell:Creating package script '/home/zzy/ur_real/install/ferrobotics/share/ferrobotics/package.ps1'
[1.215s] INFO:colcon.colcon_core.shell:Creating package descriptor '/home/zzy/ur_real/install/ferrobotics/share/ferrobotics/package.dsv'
[1.215s] INFO:colcon.colcon_core.shell:Creating package script '/home/zzy/ur_real/install/ferrobotics/share/ferrobotics/package.sh'
[1.216s] INFO:colcon.colcon_core.shell:Creating package script '/home/zzy/ur_real/install/ferrobotics/share/ferrobotics/package.bash'
[1.216s] INFO:colcon.colcon_core.shell:Creating package script '/home/zzy/ur_real/install/ferrobotics/share/ferrobotics/package.zsh'
[1.217s] Level 1:colcon.colcon_core.environment:create_file_with_runtime_dependencies(/home/zzy/ur_real/install/ferrobotics/share/colcon-core/packages/ferrobotics)
[1.217s] Level 1:colcon.colcon_core.environment:create_environment_scripts_only(pymoveit2)
[1.217s] Level 1:colcon.colcon_core.environment:checking '/home/zzy/ur_real/install/pymoveit2' for CMake module files
[1.219s] Level 1:colcon.colcon_core.environment:checking '/home/zzy/ur_real/install/pymoveit2' for CMake config files
[1.220s] Level 1:colcon.colcon_core.shell:create_environment_hook('pymoveit2', 'cmake_prefix_path')
[1.220s] INFO:colcon.colcon_core.shell:Creating environment hook '/home/zzy/ur_real/install/pymoveit2/share/pymoveit2/hook/cmake_prefix_path.ps1'
[1.220s] INFO:colcon.colcon_core.shell:Creating environment descriptor '/home/zzy/ur_real/install/pymoveit2/share/pymoveit2/hook/cmake_prefix_path.dsv'
[1.221s] INFO:colcon.colcon_core.shell:Creating environment hook '/home/zzy/ur_real/install/pymoveit2/share/pymoveit2/hook/cmake_prefix_path.sh'
[1.221s] Level 1:colcon.colcon_core.environment:checking '/home/zzy/ur_real/install/pymoveit2/lib'
[1.221s] Level 1:colcon.colcon_core.environment:checking '/home/zzy/ur_real/install/pymoveit2/bin'
[1.221s] Level 1:colcon.colcon_core.environment:checking '/home/zzy/ur_real/install/pymoveit2/lib/pkgconfig/pymoveit2.pc'
[1.222s] Level 1:colcon.colcon_core.environment:checking '/home/zzy/ur_real/install/pymoveit2/lib/python3.10/site-packages'
[1.222s] Level 1:colcon.colcon_core.environment:checking '/home/zzy/ur_real/install/pymoveit2/bin'
[1.222s] INFO:colcon.colcon_core.shell:Creating package script '/home/zzy/ur_real/install/pymoveit2/share/pymoveit2/package.ps1'
[1.222s] INFO:colcon.colcon_core.shell:Creating package descriptor '/home/zzy/ur_real/install/pymoveit2/share/pymoveit2/package.dsv'
[1.222s] INFO:colcon.colcon_core.shell:Creating package script '/home/zzy/ur_real/install/pymoveit2/share/pymoveit2/package.sh'
[1.223s] INFO:colcon.colcon_core.shell:Creating package script '/home/zzy/ur_real/install/pymoveit2/share/pymoveit2/package.bash'
[1.223s] INFO:colcon.colcon_core.shell:Creating package script '/home/zzy/ur_real/install/pymoveit2/share/pymoveit2/package.zsh'
[1.223s] Level 1:colcon.colcon_core.environment:create_file_with_runtime_dependencies(/home/zzy/ur_real/install/pymoveit2/share/colcon-core/packages/pymoveit2)
[1.273s] Level 1:colcon.colcon_core.environment:create_environment_scripts_only(easy_handeye2_msgs)
[1.273s] Level 1:colcon.colcon_core.environment:checking '/home/zzy/ur_real/install/easy_handeye2_msgs' for CMake module files
[1.274s] DEBUG:colcon.colcon_core.event_handler.log_command:Invoked command in '/home/zzy/ur_real/build/easy_handeye2_msgs' returned '0': CMAKE_PREFIX_PATH=${CMAKE_PREFIX_PATH}:/home/zzy/ur_real/install/ur10_vel:/home/zzy/ur_real/install/gravity_compensation:/home/zzy/ur_real/install/ferrobotics_acf:/home/zzy/ur_real/install/easy_handeye2:/home/zzy/ur_real/install/camera:/home/zzy/ur_real/install/ati_sensor:/opt/ros/humble /usr/bin/cmake --install /home/zzy/ur_real/build/easy_handeye2_msgs
[1.275s] Level 1:colcon.colcon_core.environment:checking '/home/zzy/ur_real/install/easy_handeye2_msgs' for CMake config files
[1.275s] Level 1:colcon.colcon_core.shell:create_environment_hook('easy_handeye2_msgs', 'cmake_prefix_path')
[1.275s] INFO:colcon.colcon_core.shell:Creating environment hook '/home/zzy/ur_real/install/easy_handeye2_msgs/share/easy_handeye2_msgs/hook/cmake_prefix_path.ps1'
[1.276s] INFO:colcon.colcon_core.shell:Creating environment descriptor '/home/zzy/ur_real/install/easy_handeye2_msgs/share/easy_handeye2_msgs/hook/cmake_prefix_path.dsv'
[1.276s] INFO:colcon.colcon_core.shell:Creating environment hook '/home/zzy/ur_real/install/easy_handeye2_msgs/share/easy_handeye2_msgs/hook/cmake_prefix_path.sh'
[1.276s] Level 1:colcon.colcon_core.environment:checking '/home/zzy/ur_real/install/easy_handeye2_msgs/lib'
[1.276s] Level 1:colcon.colcon_core.shell:create_environment_hook('easy_handeye2_msgs', 'ld_library_path_lib')
[1.277s] INFO:colcon.colcon_core.shell:Creating environment hook '/home/zzy/ur_real/install/easy_handeye2_msgs/share/easy_handeye2_msgs/hook/ld_library_path_lib.ps1'
[1.277s] INFO:colcon.colcon_core.shell:Creating environment descriptor '/home/zzy/ur_real/install/easy_handeye2_msgs/share/easy_handeye2_msgs/hook/ld_library_path_lib.dsv'
[1.277s] INFO:colcon.colcon_core.shell:Creating environment hook '/home/zzy/ur_real/install/easy_handeye2_msgs/share/easy_handeye2_msgs/hook/ld_library_path_lib.sh'
[1.277s] Level 1:colcon.colcon_core.environment:checking '/home/zzy/ur_real/install/easy_handeye2_msgs/bin'
[1.278s] Level 1:colcon.colcon_core.environment:checking '/home/zzy/ur_real/install/easy_handeye2_msgs/lib/pkgconfig/easy_handeye2_msgs.pc'
[1.278s] Level 1:colcon.colcon_core.environment:checking '/home/zzy/ur_real/install/easy_handeye2_msgs/lib/python3.10/site-packages'
[1.278s] Level 1:colcon.colcon_core.environment:checking '/home/zzy/ur_real/install/easy_handeye2_msgs/bin'
[1.278s] INFO:colcon.colcon_core.shell:Creating package script '/home/zzy/ur_real/install/easy_handeye2_msgs/share/easy_handeye2_msgs/package.ps1'
[1.279s] INFO:colcon.colcon_core.shell:Creating package descriptor '/home/zzy/ur_real/install/easy_handeye2_msgs/share/easy_handeye2_msgs/package.dsv'
[1.279s] INFO:colcon.colcon_core.shell:Creating package script '/home/zzy/ur_real/install/easy_handeye2_msgs/share/easy_handeye2_msgs/package.sh'
[1.279s] INFO:colcon.colcon_core.shell:Creating package script '/home/zzy/ur_real/install/easy_handeye2_msgs/share/easy_handeye2_msgs/package.bash'
[1.280s] INFO:colcon.colcon_core.shell:Creating package script '/home/zzy/ur_real/install/easy_handeye2_msgs/share/easy_handeye2_msgs/package.zsh'
[1.280s] Level 1:colcon.colcon_core.environment:create_file_with_runtime_dependencies(/home/zzy/ur_real/install/easy_handeye2_msgs/share/colcon-core/packages/easy_handeye2_msgs)
[1.346s] DEBUG:colcon.colcon_core.event_handler.log_command:Invoking command in '/home/zzy/ur_real/build/ferrobotics_acf': PYTHONPATH=/home/zzy/ur_real/build/ferrobotics_acf/prefix_override:/home/zzy/.local/lib/python3.10/site-packages/colcon_core/task/python/colcon_distutils_commands:/home/zzy/ur_real/install/ferrobotics_acf/lib/python3.10/site-packages:${PYTHONPATH} /usr/bin/python3 -W ignore:setup.py install is deprecated setup.py develop --editable --build-directory /home/zzy/ur_real/build/ferrobotics_acf/build --no-deps symlink_data
[1.348s] DEBUG:colcon.colcon_core.event_handler.log_command:Invoking command in '/home/zzy/ur_real/build/ati_sensor': PYTHONPATH=/home/zzy/ur_real/build/ati_sensor/prefix_override:/home/zzy/.local/lib/python3.10/site-packages/colcon_core/task/python/colcon_distutils_commands:/home/zzy/ur_real/install/ati_sensor/lib/python3.10/site-packages:${PYTHONPATH} /usr/bin/python3 -W ignore:setup.py install is deprecated setup.py develop --editable --build-directory /home/zzy/ur_real/build/ati_sensor/build --no-deps symlink_data
[1.360s] DEBUG:colcon.colcon_core.event_handler.log_command:Invoking command in '/home/zzy/ur_real/build/ur10_vel': PYTHONPATH=/home/zzy/ur_real/build/ur10_vel/prefix_override:/home/zzy/.local/lib/python3.10/site-packages/colcon_core/task/python/colcon_distutils_commands:/home/zzy/ur_real/install/ur10_vel/lib/python3.10/site-packages:${PYTHONPATH} /usr/bin/python3 -W ignore:setup.py install is deprecated setup.py develop --editable --build-directory /home/zzy/ur_real/build/ur10_vel/build --no-deps symlink_data
[1.362s] DEBUG:colcon.colcon_core.event_handler.log_command:Invoking command in '/home/zzy/ur_real/build/gravity_compensation': PYTHONPATH=/home/zzy/ur_real/build/gravity_compensation/prefix_override:/home/zzy/.local/lib/python3.10/site-packages/colcon_core/task/python/colcon_distutils_commands:/home/zzy/ur_real/install/gravity_compensation/lib/python3.10/site-packages:${PYTHONPATH} /usr/bin/python3 -W ignore:setup.py install is deprecated setup.py develop --editable --build-directory /home/zzy/ur_real/build/gravity_compensation/build --no-deps symlink_data
[1.366s] DEBUG:colcon.colcon_core.event_handler.log_command:Invoking command in '/home/zzy/ur_real/build/camera': PYTHONPATH=/home/zzy/ur_real/build/camera/prefix_override:/home/zzy/.local/lib/python3.10/site-packages/colcon_core/task/python/colcon_distutils_commands:/home/zzy/ur_real/install/camera/lib/python3.10/site-packages:${PYTHONPATH} /usr/bin/python3 -W ignore:setup.py install is deprecated setup.py develop --editable --build-directory /home/zzy/ur_real/build/camera/build --no-deps symlink_data
[1.491s] Level 1:colcon.colcon_core.environment:create_environment_scripts_only(easy_handeye2_msgs)
[1.492s] Level 1:colcon.colcon_core.environment:checking '/home/zzy/ur_real/install/easy_handeye2_msgs' for CMake module files
[1.492s] Level 1:colcon.colcon_core.environment:checking '/home/zzy/ur_real/install/easy_handeye2_msgs' for CMake config files
[1.493s] Level 1:colcon.colcon_core.shell:create_environment_hook('easy_handeye2_msgs', 'cmake_prefix_path')
[1.493s] INFO:colcon.colcon_core.shell:Creating environment hook '/home/zzy/ur_real/install/easy_handeye2_msgs/share/easy_handeye2_msgs/hook/cmake_prefix_path.ps1'
[1.493s] INFO:colcon.colcon_core.shell:Creating environment descriptor '/home/zzy/ur_real/install/easy_handeye2_msgs/share/easy_handeye2_msgs/hook/cmake_prefix_path.dsv'
[1.494s] INFO:colcon.colcon_core.shell:Creating environment hook '/home/zzy/ur_real/install/easy_handeye2_msgs/share/easy_handeye2_msgs/hook/cmake_prefix_path.sh'
[1.494s] Level 1:colcon.colcon_core.environment:checking '/home/zzy/ur_real/install/easy_handeye2_msgs/lib'
[1.494s] Level 1:colcon.colcon_core.shell:create_environment_hook('easy_handeye2_msgs', 'ld_library_path_lib')
[1.494s] INFO:colcon.colcon_core.shell:Creating environment hook '/home/zzy/ur_real/install/easy_handeye2_msgs/share/easy_handeye2_msgs/hook/ld_library_path_lib.ps1'
[1.494s] INFO:colcon.colcon_core.shell:Creating environment descriptor '/home/zzy/ur_real/install/easy_handeye2_msgs/share/easy_handeye2_msgs/hook/ld_library_path_lib.dsv'
[1.495s] INFO:colcon.colcon_core.shell:Creating environment hook '/home/zzy/ur_real/install/easy_handeye2_msgs/share/easy_handeye2_msgs/hook/ld_library_path_lib.sh'
[1.495s] Level 1:colcon.colcon_core.environment:checking '/home/zzy/ur_real/install/easy_handeye2_msgs/bin'
[1.495s] Level 1:colcon.colcon_core.environment:checking '/home/zzy/ur_real/install/easy_handeye2_msgs/lib/pkgconfig/easy_handeye2_msgs.pc'
[1.495s] Level 1:colcon.colcon_core.environment:checking '/home/zzy/ur_real/install/easy_handeye2_msgs/lib/python3.10/site-packages'
[1.495s] Level 1:colcon.colcon_core.environment:checking '/home/zzy/ur_real/install/easy_handeye2_msgs/bin'
[1.495s] INFO:colcon.colcon_core.shell:Creating package script '/home/zzy/ur_real/install/easy_handeye2_msgs/share/easy_handeye2_msgs/package.ps1'
[1.496s] INFO:colcon.colcon_core.shell:Creating package descriptor '/home/zzy/ur_real/install/easy_handeye2_msgs/share/easy_handeye2_msgs/package.dsv'
[1.496s] INFO:colcon.colcon_core.shell:Creating package script '/home/zzy/ur_real/install/easy_handeye2_msgs/share/easy_handeye2_msgs/package.sh'
[1.496s] INFO:colcon.colcon_core.shell:Creating package script '/home/zzy/ur_real/install/easy_handeye2_msgs/share/easy_handeye2_msgs/package.bash'
[1.497s] INFO:colcon.colcon_core.shell:Creating package script '/home/zzy/ur_real/install/easy_handeye2_msgs/share/easy_handeye2_msgs/package.zsh'
[1.497s] Level 1:colcon.colcon_core.environment:create_file_with_runtime_dependencies(/home/zzy/ur_real/install/easy_handeye2_msgs/share/colcon-core/packages/easy_handeye2_msgs)
[1.497s] INFO:colcon.colcon_ros.task.ament_python.build:Building ROS package in '/home/zzy/ur_real/src/easy_handeye2/easy_handeye2' with build type 'ament_python'
[1.497s] Level 1:colcon.colcon_core.shell:create_environment_hook('easy_handeye2', 'ament_prefix_path')
[1.497s] INFO:colcon.colcon_core.shell:Creating environment hook '/home/zzy/ur_real/install/easy_handeye2/share/easy_handeye2/hook/ament_prefix_path.ps1'
[1.498s] INFO:colcon.colcon_core.shell:Creating environment descriptor '/home/zzy/ur_real/install/easy_handeye2/share/easy_handeye2/hook/ament_prefix_path.dsv'
[1.498s] INFO:colcon.colcon_core.shell:Creating environment hook '/home/zzy/ur_real/install/easy_handeye2/share/easy_handeye2/hook/ament_prefix_path.sh'
[1.498s] INFO:colcon.colcon_core.shell:Skip shell extension 'powershell' for command environment: Not usable outside of PowerShell
[1.499s] DEBUG:colcon.colcon_core.shell:Skip shell extension 'dsv' for command environment
[1.654s] INFO:colcon.colcon_core.task.python.build:Building Python package in '/home/zzy/ur_real/src/easy_handeye2/easy_handeye2'
[1.654s] INFO:colcon.colcon_core.shell:Skip shell extension 'powershell' for command environment: Not usable outside of PowerShell
[1.654s] DEBUG:colcon.colcon_core.shell:Skip shell extension 'dsv' for command environment
[1.783s] Level 1:colcon.colcon_core.shell:create_environment_hook('ferrobotics_acf', 'pythonpath_develop')
[1.784s] INFO:colcon.colcon_core.shell:Creating environment hook '/home/zzy/ur_real/build/ferrobotics_acf/share/ferrobotics_acf/hook/pythonpath_develop.ps1'
[1.784s] DEBUG:colcon.colcon_core.event_handler.log_command:Invoked command in '/home/zzy/ur_real/build/ferrobotics_acf' returned '0': PYTHONPATH=/home/zzy/ur_real/build/ferrobotics_acf/prefix_override:/home/zzy/.local/lib/python3.10/site-packages/colcon_core/task/python/colcon_distutils_commands:/home/zzy/ur_real/install/ferrobotics_acf/lib/python3.10/site-packages:${PYTHONPATH} /usr/bin/python3 -W ignore:setup.py install is deprecated setup.py develop --editable --build-directory /home/zzy/ur_real/build/ferrobotics_acf/build --no-deps symlink_data
[1.785s] INFO:colcon.colcon_core.shell:Creating environment descriptor '/home/zzy/ur_real/build/ferrobotics_acf/share/ferrobotics_acf/hook/pythonpath_develop.dsv'
[1.785s] INFO:colcon.colcon_core.shell:Creating environment hook '/home/zzy/ur_real/build/ferrobotics_acf/share/ferrobotics_acf/hook/pythonpath_develop.sh'
[1.786s] Level 1:colcon.colcon_core.environment:checking '/home/zzy/ur_real/install/ferrobotics_acf' for CMake module files
[1.787s] Level 1:colcon.colcon_core.environment:checking '/home/zzy/ur_real/install/ferrobotics_acf' for CMake config files
[1.787s] Level 1:colcon.colcon_core.environment:checking '/home/zzy/ur_real/install/ferrobotics_acf/lib'
[1.788s] Level 1:colcon.colcon_core.environment:checking '/home/zzy/ur_real/install/ferrobotics_acf/bin'
[1.788s] Level 1:colcon.colcon_core.environment:checking '/home/zzy/ur_real/install/ferrobotics_acf/lib/pkgconfig/ferrobotics_acf.pc'
[1.788s] Level 1:colcon.colcon_core.environment:checking '/home/zzy/ur_real/install/ferrobotics_acf/lib/python3.10/site-packages'
[1.788s] Level 1:colcon.colcon_core.shell:create_environment_hook('ferrobotics_acf', 'pythonpath')
[1.788s] INFO:colcon.colcon_core.shell:Creating environment hook '/home/zzy/ur_real/install/ferrobotics_acf/share/ferrobotics_acf/hook/pythonpath.ps1'
[1.789s] INFO:colcon.colcon_core.shell:Creating environment descriptor '/home/zzy/ur_real/install/ferrobotics_acf/share/ferrobotics_acf/hook/pythonpath.dsv'
[1.789s] INFO:colcon.colcon_core.shell:Creating environment hook '/home/zzy/ur_real/install/ferrobotics_acf/share/ferrobotics_acf/hook/pythonpath.sh'
[1.789s] Level 1:colcon.colcon_core.environment:checking '/home/zzy/ur_real/install/ferrobotics_acf/bin'
[1.790s] Level 1:colcon.colcon_core.environment:create_environment_scripts_only(ferrobotics_acf)
[1.790s] INFO:colcon.colcon_core.shell:Creating package script '/home/zzy/ur_real/install/ferrobotics_acf/share/ferrobotics_acf/package.ps1'
[1.790s] INFO:colcon.colcon_core.shell:Creating package descriptor '/home/zzy/ur_real/install/ferrobotics_acf/share/ferrobotics_acf/package.dsv'
[1.791s] INFO:colcon.colcon_core.shell:Creating package script '/home/zzy/ur_real/install/ferrobotics_acf/share/ferrobotics_acf/package.sh'
[1.791s] INFO:colcon.colcon_core.shell:Creating package script '/home/zzy/ur_real/install/ferrobotics_acf/share/ferrobotics_acf/package.bash'
[1.791s] INFO:colcon.colcon_core.shell:Creating package script '/home/zzy/ur_real/install/ferrobotics_acf/share/ferrobotics_acf/package.zsh'
[1.791s] Level 1:colcon.colcon_core.environment:create_file_with_runtime_dependencies(/home/zzy/ur_real/install/ferrobotics_acf/share/colcon-core/packages/ferrobotics_acf)
[1.792s] Level 1:colcon.colcon_core.shell:create_environment_hook('ati_sensor', 'pythonpath_develop')
[1.792s] INFO:colcon.colcon_core.shell:Creating environment hook '/home/zzy/ur_real/build/ati_sensor/share/ati_sensor/hook/pythonpath_develop.ps1'
[1.792s] INFO:colcon.colcon_core.shell:Creating environment descriptor '/home/zzy/ur_real/build/ati_sensor/share/ati_sensor/hook/pythonpath_develop.dsv'
[1.793s] DEBUG:colcon.colcon_core.event_handler.log_command:Invoked command in '/home/zzy/ur_real/build/ati_sensor' returned '0': PYTHONPATH=/home/zzy/ur_real/build/ati_sensor/prefix_override:/home/zzy/.local/lib/python3.10/site-packages/colcon_core/task/python/colcon_distutils_commands:/home/zzy/ur_real/install/ati_sensor/lib/python3.10/site-packages:${PYTHONPATH} /usr/bin/python3 -W ignore:setup.py install is deprecated setup.py develop --editable --build-directory /home/zzy/ur_real/build/ati_sensor/build --no-deps symlink_data
[1.793s] INFO:colcon.colcon_core.shell:Creating environment hook '/home/zzy/ur_real/build/ati_sensor/share/ati_sensor/hook/pythonpath_develop.sh'
[1.793s] Level 1:colcon.colcon_core.environment:checking '/home/zzy/ur_real/install/ati_sensor' for CMake module files
[1.794s] Level 1:colcon.colcon_core.environment:checking '/home/zzy/ur_real/install/ati_sensor' for CMake config files
[1.794s] Level 1:colcon.colcon_core.environment:checking '/home/zzy/ur_real/install/ati_sensor/lib'
[1.794s] Level 1:colcon.colcon_core.environment:checking '/home/zzy/ur_real/install/ati_sensor/bin'
[1.794s] Level 1:colcon.colcon_core.environment:checking '/home/zzy/ur_real/install/ati_sensor/lib/pkgconfig/ati_sensor.pc'
[1.794s] Level 1:colcon.colcon_core.environment:checking '/home/zzy/ur_real/install/ati_sensor/lib/python3.10/site-packages'
[1.794s] Level 1:colcon.colcon_core.shell:create_environment_hook('ati_sensor', 'pythonpath')
[1.794s] INFO:colcon.colcon_core.shell:Creating environment hook '/home/zzy/ur_real/install/ati_sensor/share/ati_sensor/hook/pythonpath.ps1'
[1.795s] INFO:colcon.colcon_core.shell:Creating environment descriptor '/home/zzy/ur_real/install/ati_sensor/share/ati_sensor/hook/pythonpath.dsv'
[1.795s] INFO:colcon.colcon_core.shell:Creating environment hook '/home/zzy/ur_real/install/ati_sensor/share/ati_sensor/hook/pythonpath.sh'
[1.795s] Level 1:colcon.colcon_core.environment:checking '/home/zzy/ur_real/install/ati_sensor/bin'
[1.795s] Level 1:colcon.colcon_core.environment:create_environment_scripts_only(ati_sensor)
[1.795s] INFO:colcon.colcon_core.shell:Creating package script '/home/zzy/ur_real/install/ati_sensor/share/ati_sensor/package.ps1'
[1.796s] INFO:colcon.colcon_core.shell:Creating package descriptor '/home/zzy/ur_real/install/ati_sensor/share/ati_sensor/package.dsv'
[1.796s] INFO:colcon.colcon_core.shell:Creating package script '/home/zzy/ur_real/install/ati_sensor/share/ati_sensor/package.sh'
[1.796s] INFO:colcon.colcon_core.shell:Creating package script '/home/zzy/ur_real/install/ati_sensor/share/ati_sensor/package.bash'
[1.796s] INFO:colcon.colcon_core.shell:Creating package script '/home/zzy/ur_real/install/ati_sensor/share/ati_sensor/package.zsh'
[1.796s] Level 1:colcon.colcon_core.environment:create_file_with_runtime_dependencies(/home/zzy/ur_real/install/ati_sensor/share/colcon-core/packages/ati_sensor)
[1.801s] Level 1:colcon.colcon_core.shell:create_environment_hook('gravity_compensation', 'pythonpath_develop')
[1.802s] INFO:colcon.colcon_core.shell:Creating environment hook '/home/zzy/ur_real/build/gravity_compensation/share/gravity_compensation/hook/pythonpath_develop.ps1'
[1.802s] DEBUG:colcon.colcon_core.event_handler.log_command:Invoked command in '/home/zzy/ur_real/build/gravity_compensation' returned '0': PYTHONPATH=/home/zzy/ur_real/build/gravity_compensation/prefix_override:/home/zzy/.local/lib/python3.10/site-packages/colcon_core/task/python/colcon_distutils_commands:/home/zzy/ur_real/install/gravity_compensation/lib/python3.10/site-packages:${PYTHONPATH} /usr/bin/python3 -W ignore:setup.py install is deprecated setup.py develop --editable --build-directory /home/zzy/ur_real/build/gravity_compensation/build --no-deps symlink_data
[1.802s] INFO:colcon.colcon_core.shell:Creating environment descriptor '/home/zzy/ur_real/build/gravity_compensation/share/gravity_compensation/hook/pythonpath_develop.dsv'
[1.803s] INFO:colcon.colcon_core.shell:Creating environment hook '/home/zzy/ur_real/build/gravity_compensation/share/gravity_compensation/hook/pythonpath_develop.sh'
[1.803s] Level 1:colcon.colcon_core.environment:checking '/home/zzy/ur_real/install/gravity_compensation' for CMake module files
[1.803s] Level 1:colcon.colcon_core.environment:checking '/home/zzy/ur_real/install/gravity_compensation' for CMake config files
[1.804s] Level 1:colcon.colcon_core.environment:checking '/home/zzy/ur_real/install/gravity_compensation/lib'
[1.804s] Level 1:colcon.colcon_core.environment:checking '/home/zzy/ur_real/install/gravity_compensation/bin'
[1.804s] Level 1:colcon.colcon_core.environment:checking '/home/zzy/ur_real/install/gravity_compensation/lib/pkgconfig/gravity_compensation.pc'
[1.804s] Level 1:colcon.colcon_core.environment:checking '/home/zzy/ur_real/install/gravity_compensation/lib/python3.10/site-packages'
[1.804s] Level 1:colcon.colcon_core.shell:create_environment_hook('gravity_compensation', 'pythonpath')
[1.804s] INFO:colcon.colcon_core.shell:Creating environment hook '/home/zzy/ur_real/install/gravity_compensation/share/gravity_compensation/hook/pythonpath.ps1'
[1.804s] INFO:colcon.colcon_core.shell:Creating environment descriptor '/home/zzy/ur_real/install/gravity_compensation/share/gravity_compensation/hook/pythonpath.dsv'
[1.804s] INFO:colcon.colcon_core.shell:Creating environment hook '/home/zzy/ur_real/install/gravity_compensation/share/gravity_compensation/hook/pythonpath.sh'
[1.805s] Level 1:colcon.colcon_core.environment:checking '/home/zzy/ur_real/install/gravity_compensation/bin'
[1.805s] Level 1:colcon.colcon_core.environment:create_environment_scripts_only(gravity_compensation)
[1.805s] INFO:colcon.colcon_core.shell:Creating package script '/home/zzy/ur_real/install/gravity_compensation/share/gravity_compensation/package.ps1'
[1.805s] INFO:colcon.colcon_core.shell:Creating package descriptor '/home/zzy/ur_real/install/gravity_compensation/share/gravity_compensation/package.dsv'
[1.806s] INFO:colcon.colcon_core.shell:Creating package script '/home/zzy/ur_real/install/gravity_compensation/share/gravity_compensation/package.sh'
[1.806s] INFO:colcon.colcon_core.shell:Creating package script '/home/zzy/ur_real/install/gravity_compensation/share/gravity_compensation/package.bash'
[1.806s] INFO:colcon.colcon_core.shell:Creating package script '/home/zzy/ur_real/install/gravity_compensation/share/gravity_compensation/package.zsh'
[1.806s] Level 1:colcon.colcon_core.environment:create_file_with_runtime_dependencies(/home/zzy/ur_real/install/gravity_compensation/share/colcon-core/packages/gravity_compensation)
[1.807s] Level 1:colcon.colcon_core.shell:create_environment_hook('ur10_vel', 'pythonpath_develop')
[1.807s] INFO:colcon.colcon_core.shell:Creating environment hook '/home/zzy/ur_real/build/ur10_vel/share/ur10_vel/hook/pythonpath_develop.ps1'
[1.807s] DEBUG:colcon.colcon_core.event_handler.log_command:Invoked command in '/home/zzy/ur_real/build/ur10_vel' returned '0': PYTHONPATH=/home/zzy/ur_real/build/ur10_vel/prefix_override:/home/zzy/.local/lib/python3.10/site-packages/colcon_core/task/python/colcon_distutils_commands:/home/zzy/ur_real/install/ur10_vel/lib/python3.10/site-packages:${PYTHONPATH} /usr/bin/python3 -W ignore:setup.py install is deprecated setup.py develop --editable --build-directory /home/zzy/ur_real/build/ur10_vel/build --no-deps symlink_data
[1.807s] INFO:colcon.colcon_core.shell:Creating environment descriptor '/home/zzy/ur_real/build/ur10_vel/share/ur10_vel/hook/pythonpath_develop.dsv'
[1.808s] INFO:colcon.colcon_core.shell:Creating environment hook '/home/zzy/ur_real/build/ur10_vel/share/ur10_vel/hook/pythonpath_develop.sh'
[1.808s] Level 1:colcon.colcon_core.environment:checking '/home/zzy/ur_real/install/ur10_vel' for CMake module files
[1.808s] Level 1:colcon.colcon_core.environment:checking '/home/zzy/ur_real/install/ur10_vel' for CMake config files
[1.808s] Level 1:colcon.colcon_core.environment:checking '/home/zzy/ur_real/install/ur10_vel/lib'
[1.808s] Level 1:colcon.colcon_core.environment:checking '/home/zzy/ur_real/install/ur10_vel/bin'
[1.808s] Level 1:colcon.colcon_core.environment:checking '/home/zzy/ur_real/install/ur10_vel/lib/pkgconfig/ur10_vel.pc'
[1.809s] Level 1:colcon.colcon_core.environment:checking '/home/zzy/ur_real/install/ur10_vel/lib/python3.10/site-packages'
[1.809s] Level 1:colcon.colcon_core.shell:create_environment_hook('ur10_vel', 'pythonpath')
[1.809s] INFO:colcon.colcon_core.shell:Creating environment hook '/home/zzy/ur_real/install/ur10_vel/share/ur10_vel/hook/pythonpath.ps1'
[1.809s] INFO:colcon.colcon_core.shell:Creating environment descriptor '/home/zzy/ur_real/install/ur10_vel/share/ur10_vel/hook/pythonpath.dsv'
[1.809s] INFO:colcon.colcon_core.shell:Creating environment hook '/home/zzy/ur_real/install/ur10_vel/share/ur10_vel/hook/pythonpath.sh'
[1.809s] Level 1:colcon.colcon_core.environment:checking '/home/zzy/ur_real/install/ur10_vel/bin'
[1.809s] Level 1:colcon.colcon_core.environment:create_environment_scripts_only(ur10_vel)
[1.810s] INFO:colcon.colcon_core.shell:Creating package script '/home/zzy/ur_real/install/ur10_vel/share/ur10_vel/package.ps1'
[1.810s] INFO:colcon.colcon_core.shell:Creating package descriptor '/home/zzy/ur_real/install/ur10_vel/share/ur10_vel/package.dsv'
[1.810s] INFO:colcon.colcon_core.shell:Creating package script '/home/zzy/ur_real/install/ur10_vel/share/ur10_vel/package.sh'
[1.810s] INFO:colcon.colcon_core.shell:Creating package script '/home/zzy/ur_real/install/ur10_vel/share/ur10_vel/package.bash'
[1.810s] INFO:colcon.colcon_core.shell:Creating package script '/home/zzy/ur_real/install/ur10_vel/share/ur10_vel/package.zsh'
[1.811s] Level 1:colcon.colcon_core.environment:create_file_with_runtime_dependencies(/home/zzy/ur_real/install/ur10_vel/share/colcon-core/packages/ur10_vel)
[1.811s] Level 1:colcon.colcon_core.shell:create_environment_hook('camera', 'pythonpath_develop')
[1.811s] INFO:colcon.colcon_core.shell:Creating environment hook '/home/zzy/ur_real/build/camera/share/camera/hook/pythonpath_develop.ps1'
[1.812s] DEBUG:colcon.colcon_core.event_handler.log_command:Invoked command in '/home/zzy/ur_real/build/camera' returned '0': PYTHONPATH=/home/zzy/ur_real/build/camera/prefix_override:/home/zzy/.local/lib/python3.10/site-packages/colcon_core/task/python/colcon_distutils_commands:/home/zzy/ur_real/install/camera/lib/python3.10/site-packages:${PYTHONPATH} /usr/bin/python3 -W ignore:setup.py install is deprecated setup.py develop --editable --build-directory /home/zzy/ur_real/build/camera/build --no-deps symlink_data
[1.812s] INFO:colcon.colcon_core.shell:Creating environment descriptor '/home/zzy/ur_real/build/camera/share/camera/hook/pythonpath_develop.dsv'
[1.812s] INFO:colcon.colcon_core.shell:Creating environment hook '/home/zzy/ur_real/build/camera/share/camera/hook/pythonpath_develop.sh'
[1.812s] Level 1:colcon.colcon_core.environment:checking '/home/zzy/ur_real/install/camera' for CMake module files
[1.812s] Level 1:colcon.colcon_core.environment:checking '/home/zzy/ur_real/install/camera' for CMake config files
[1.813s] Level 1:colcon.colcon_core.environment:checking '/home/zzy/ur_real/install/camera/lib'
[1.813s] Level 1:colcon.colcon_core.environment:checking '/home/zzy/ur_real/install/camera/bin'
[1.813s] Level 1:colcon.colcon_core.environment:checking '/home/zzy/ur_real/install/camera/lib/pkgconfig/camera.pc'
[1.813s] Level 1:colcon.colcon_core.environment:checking '/home/zzy/ur_real/install/camera/lib/python3.10/site-packages'
[1.813s] Level 1:colcon.colcon_core.shell:create_environment_hook('camera', 'pythonpath')
[1.813s] INFO:colcon.colcon_core.shell:Creating environment hook '/home/zzy/ur_real/install/camera/share/camera/hook/pythonpath.ps1'
[1.813s] INFO:colcon.colcon_core.shell:Creating environment descriptor '/home/zzy/ur_real/install/camera/share/camera/hook/pythonpath.dsv'
[1.813s] INFO:colcon.colcon_core.shell:Creating environment hook '/home/zzy/ur_real/install/camera/share/camera/hook/pythonpath.sh'
[1.814s] Level 1:colcon.colcon_core.environment:checking '/home/zzy/ur_real/install/camera/bin'
[1.814s] Level 1:colcon.colcon_core.environment:create_environment_scripts_only(camera)
[1.814s] INFO:colcon.colcon_core.shell:Creating package script '/home/zzy/ur_real/install/camera/share/camera/package.ps1'
[1.814s] INFO:colcon.colcon_core.shell:Creating package descriptor '/home/zzy/ur_real/install/camera/share/camera/package.dsv'
[1.815s] INFO:colcon.colcon_core.shell:Creating package script '/home/zzy/ur_real/install/camera/share/camera/package.sh'
[1.815s] INFO:colcon.colcon_core.shell:Creating package script '/home/zzy/ur_real/install/camera/share/camera/package.bash'
[1.815s] INFO:colcon.colcon_core.shell:Creating package script '/home/zzy/ur_real/install/camera/share/camera/package.zsh'
[1.815s] Level 1:colcon.colcon_core.environment:create_file_with_runtime_dependencies(/home/zzy/ur_real/install/camera/share/colcon-core/packages/camera)
[2.017s] DEBUG:colcon.colcon_core.event_handler.log_command:Invoking command in '/home/zzy/ur_real/build/easy_handeye2': CMAKE_PREFIX_PATH=/home/zzy/ur_real/install/easy_handeye2_msgs:/home/zzy/ur_real/install/ur_bringup:/home/zzy/ur_real/install/ur10_moveit_config:/home/zzy/ur_real/install/pymoveit2:/home/zzy/ur_real/install/ferrobotics LD_LIBRARY_PATH=/home/zzy/ur_real/install/easy_handeye2_msgs/lib:/home/zzy/ur_real/install/ferrobotics/lib:/opt/ros/humble/opt/rviz_ogre_vendor/lib:/opt/ros/humble/lib/x86_64-linux-gnu:/opt/ros/humble/lib:/home/zzy/mujoco-3.1.6/bin PYTHONPATH=/home/zzy/ur_real/build/easy_handeye2/prefix_override:/home/zzy/.local/lib/python3.10/site-packages/colcon_core/task/python/colcon_distutils_commands:/home/zzy/ur_real/install/easy_handeye2/lib/python3.10/site-packages:${PYTHONPATH} /usr/bin/python3 -W ignore:setup.py install is deprecated setup.py develop --editable --build-directory /home/zzy/ur_real/build/easy_handeye2/build --no-deps symlink_data
[2.445s] Level 1:colcon.colcon_core.shell:create_environment_hook('easy_handeye2', 'pythonpath_develop')
[2.446s] INFO:colcon.colcon_core.shell:Creating environment hook '/home/zzy/ur_real/build/easy_handeye2/share/easy_handeye2/hook/pythonpath_develop.ps1'
[2.446s] DEBUG:colcon.colcon_core.event_handler.log_command:Invoked command in '/home/zzy/ur_real/build/easy_handeye2' returned '0': CMAKE_PREFIX_PATH=/home/zzy/ur_real/install/easy_handeye2_msgs:/home/zzy/ur_real/install/ur_bringup:/home/zzy/ur_real/install/ur10_moveit_config:/home/zzy/ur_real/install/pymoveit2:/home/zzy/ur_real/install/ferrobotics LD_LIBRARY_PATH=/home/zzy/ur_real/install/easy_handeye2_msgs/lib:/home/zzy/ur_real/install/ferrobotics/lib:/opt/ros/humble/opt/rviz_ogre_vendor/lib:/opt/ros/humble/lib/x86_64-linux-gnu:/opt/ros/humble/lib:/home/zzy/mujoco-3.1.6/bin PYTHONPATH=/home/zzy/ur_real/build/easy_handeye2/prefix_override:/home/zzy/.local/lib/python3.10/site-packages/colcon_core/task/python/colcon_distutils_commands:/home/zzy/ur_real/install/easy_handeye2/lib/python3.10/site-packages:${PYTHONPATH} /usr/bin/python3 -W ignore:setup.py install is deprecated setup.py develop --editable --build-directory /home/zzy/ur_real/build/easy_handeye2/build --no-deps symlink_data
[2.446s] INFO:colcon.colcon_core.shell:Creating environment descriptor '/home/zzy/ur_real/build/easy_handeye2/share/easy_handeye2/hook/pythonpath_develop.dsv'
[2.447s] INFO:colcon.colcon_core.shell:Creating environment hook '/home/zzy/ur_real/build/easy_handeye2/share/easy_handeye2/hook/pythonpath_develop.sh'
[2.447s] Level 1:colcon.colcon_core.environment:checking '/home/zzy/ur_real/install/easy_handeye2' for CMake module files
[2.447s] Level 1:colcon.colcon_core.environment:checking '/home/zzy/ur_real/install/easy_handeye2' for CMake config files
[2.448s] Level 1:colcon.colcon_core.environment:checking '/home/zzy/ur_real/install/easy_handeye2/lib'
[2.448s] Level 1:colcon.colcon_core.environment:checking '/home/zzy/ur_real/install/easy_handeye2/bin'
[2.448s] Level 1:colcon.colcon_core.environment:checking '/home/zzy/ur_real/install/easy_handeye2/lib/pkgconfig/easy_handeye2.pc'
[2.448s] Level 1:colcon.colcon_core.environment:checking '/home/zzy/ur_real/install/easy_handeye2/lib/python3.10/site-packages'
[2.448s] Level 1:colcon.colcon_core.shell:create_environment_hook('easy_handeye2', 'pythonpath')
[2.448s] INFO:colcon.colcon_core.shell:Creating environment hook '/home/zzy/ur_real/install/easy_handeye2/share/easy_handeye2/hook/pythonpath.ps1'
[2.448s] INFO:colcon.colcon_core.shell:Creating environment descriptor '/home/zzy/ur_real/install/easy_handeye2/share/easy_handeye2/hook/pythonpath.dsv'
[2.448s] INFO:colcon.colcon_core.shell:Creating environment hook '/home/zzy/ur_real/install/easy_handeye2/share/easy_handeye2/hook/pythonpath.sh'
[2.449s] Level 1:colcon.colcon_core.environment:checking '/home/zzy/ur_real/install/easy_handeye2/bin'
[2.449s] Level 1:colcon.colcon_core.environment:create_environment_scripts_only(easy_handeye2)
[2.449s] INFO:colcon.colcon_core.shell:Creating package script '/home/zzy/ur_real/install/easy_handeye2/share/easy_handeye2/package.ps1'
[2.449s] INFO:colcon.colcon_core.shell:Creating package descriptor '/home/zzy/ur_real/install/easy_handeye2/share/easy_handeye2/package.dsv'
[2.449s] INFO:colcon.colcon_core.shell:Creating package script '/home/zzy/ur_real/install/easy_handeye2/share/easy_handeye2/package.sh'
[2.450s] INFO:colcon.colcon_core.shell:Creating package script '/home/zzy/ur_real/install/easy_handeye2/share/easy_handeye2/package.bash'
[2.450s] INFO:colcon.colcon_core.shell:Creating package script '/home/zzy/ur_real/install/easy_handeye2/share/easy_handeye2/package.zsh'
[2.450s] Level 1:colcon.colcon_core.environment:create_file_with_runtime_dependencies(/home/zzy/ur_real/install/easy_handeye2/share/colcon-core/packages/easy_handeye2)
[2.450s] DEBUG:colcon.colcon_parallel_executor.executor.parallel:closing loop
[2.450s] DEBUG:colcon.colcon_parallel_executor.executor.parallel:loop closed
[2.450s] DEBUG:colcon.colcon_parallel_executor.executor.parallel:run_until_complete finished with '0'
[2.450s] DEBUG:colcon.colcon_core.event_reactor:joining thread
[2.456s] INFO:colcon.colcon_core.plugin_system:Skipping extension 'colcon_notification.desktop_notification.terminal_notifier': Not used on non-Darwin systems
[2.456s] INFO:colcon.colcon_core.plugin_system:Skipping extension 'colcon_notification.desktop_notification.win32': Not used on non-Windows systems
[2.456s] INFO:colcon.colcon_notification.desktop_notification:Sending desktop notification using 'notify2'
[2.464s] DEBUG:colcon.colcon_core.event_reactor:joined thread
[2.464s] INFO:colcon.colcon_core.shell:Creating prefix script '/home/zzy/ur_real/install/local_setup.ps1'
[2.465s] INFO:colcon.colcon_core.shell:Creating prefix util module '/home/zzy/ur_real/install/_local_setup_util_ps1.py'
[2.466s] INFO:colcon.colcon_core.shell:Creating prefix chain script '/home/zzy/ur_real/install/setup.ps1'
[2.467s] INFO:colcon.colcon_core.shell:Creating prefix script '/home/zzy/ur_real/install/local_setup.sh'
[2.467s] INFO:colcon.colcon_core.shell:Creating prefix util module '/home/zzy/ur_real/install/_local_setup_util_sh.py'
[2.467s] INFO:colcon.colcon_core.shell:Creating prefix chain script '/home/zzy/ur_real/install/setup.sh'
[2.468s] INFO:colcon.colcon_core.shell:Creating prefix script '/home/zzy/ur_real/install/local_setup.bash'
[2.469s] INFO:colcon.colcon_core.shell:Creating prefix chain script '/home/zzy/ur_real/install/setup.bash'
[2.470s] INFO:colcon.colcon_core.shell:Creating prefix script '/home/zzy/ur_real/install/local_setup.zsh'
[2.470s] INFO:colcon.colcon_core.shell:Creating prefix chain script '/home/zzy/ur_real/install/setup.zsh'
