[0.042s] Invoking command in '/home/zzy/ur_real/build/easy_handeye2_msgs': CMAKE_PREFIX_PATH=${CMAKE_PREFIX_PATH}:/home/zzy/ur_real/install/ur10_vel:/home/zzy/ur_real/install/gravity_compensation:/home/zzy/ur_real/install/ferrobotics_acf:/home/zzy/ur_real/install/camera:/home/zzy/ur_real/install/ati_sensor:/opt/ros/humble /usr/bin/cmake /home/zzy/ur_real/src/easy_handeye2/easy_handeye2_msgs -DAMENT_CMAKE_SYMLINK_INSTALL=1 -DCMAKE_INSTALL_PREFIX=/home/zzy/ur_real/install/easy_handeye2_msgs
[0.747s] -- The C compiler identification is GNU 11.4.0
[0.747s] -- The CXX compiler identification is GNU 11.4.0
[0.747s] -- Detecting C compiler ABI info
[0.747s] -- Detecting C compiler ABI info - done
[0.747s] -- Check for working C compiler: /usr/bin/cc - skipped
[0.747s] -- Detecting C compile features
[0.747s] -- Detecting C compile features - done
[0.747s] -- Detecting CXX compiler ABI info
[0.747s] -- Detecting CXX compiler ABI info - done
[0.747s] -- Check for working CXX compiler: /usr/bin/c++ - skipped
[0.747s] -- Detecting CXX compile features
[0.747s] -- Detecting CXX compile features - done
[0.747s] -- Found ament_cmake: 1.3.9 (/opt/ros/humble/share/ament_cmake/cmake)
[0.747s] -- Found Python3: /home/zzy/.pyenv/shims/python3 (found version "3.10.12") found components: Interpreter 
[0.748s] -- Override CMake install command with custom implementation using symlinks instead of copying resources
[0.748s] -- Found rosidl_default_generators: 1.2.0 (/opt/ros/humble/share/rosidl_default_generators/cmake)
[0.748s] -- Using all available rosidl_typesupport_c: rosidl_typesupport_fastrtps_c;rosidl_typesupport_introspection_c
[0.748s] -- Found rosidl_adapter: 3.1.5 (/opt/ros/humble/share/rosidl_adapter/cmake)
[0.779s] -- Using all available rosidl_typesupport_cpp: rosidl_typesupport_fastrtps_cpp;rosidl_typesupport_introspection_cpp
[0.805s] -- Found std_msgs: 4.2.4 (/opt/ros/humble/share/std_msgs/cmake)
[0.849s] -- Found geometry_msgs: 4.2.4 (/opt/ros/humble/share/geometry_msgs/cmake)
[1.259s] -- Found ament_cmake_ros: 0.10.0 (/opt/ros/humble/share/ament_cmake_ros/cmake)
[1.518s] -- Using all available rosidl_typesupport_c: rosidl_typesupport_fastrtps_c;rosidl_typesupport_introspection_c
[1.943s] -- Using all available rosidl_typesupport_cpp: rosidl_typesupport_fastrtps_cpp;rosidl_typesupport_introspection_cpp
[2.003s] -- Found PythonInterp: /home/zzy/.pyenv/shims/python3 (found suitable version "3.10.12", minimum required is "3.6") 
[2.005s] -- Found python_cmake_module: 0.10.0 (/opt/ros/humble/share/python_cmake_module/cmake)
[2.069s] -- Found PythonLibs: /usr/lib/x86_64-linux-gnu/libpython3.10.so (found suitable version "3.10.12", minimum required is "3.5") 
[2.069s] -- Using PYTHON_EXECUTABLE: /home/zzy/.pyenv/shims/python3
[2.069s] -- Using PYTHON_INCLUDE_DIRS: /usr/include/python3.10
[2.069s] -- Using PYTHON_LIBRARIES: /usr/lib/x86_64-linux-gnu/libpython3.10.so
[2.130s] -- Found PythonExtra: .so  
[2.238s] -- Configuring done
[2.275s] -- Generating done
[2.277s] -- Build files have been written to: /home/zzy/ur_real/build/easy_handeye2_msgs
[2.281s] Invoked command in '/home/zzy/ur_real/build/easy_handeye2_msgs' returned '0': CMAKE_PREFIX_PATH=${CMAKE_PREFIX_PATH}:/home/zzy/ur_real/install/ur10_vel:/home/zzy/ur_real/install/gravity_compensation:/home/zzy/ur_real/install/ferrobotics_acf:/home/zzy/ur_real/install/camera:/home/zzy/ur_real/install/ati_sensor:/opt/ros/humble /usr/bin/cmake /home/zzy/ur_real/src/easy_handeye2/easy_handeye2_msgs -DAMENT_CMAKE_SYMLINK_INSTALL=1 -DCMAKE_INSTALL_PREFIX=/home/zzy/ur_real/install/easy_handeye2_msgs
[2.282s] Invoking command in '/home/zzy/ur_real/build/easy_handeye2_msgs': CMAKE_PREFIX_PATH=${CMAKE_PREFIX_PATH}:/home/zzy/ur_real/install/ur10_vel:/home/zzy/ur_real/install/gravity_compensation:/home/zzy/ur_real/install/ferrobotics_acf:/home/zzy/ur_real/install/camera:/home/zzy/ur_real/install/ati_sensor:/opt/ros/humble /usr/bin/cmake --build /home/zzy/ur_real/build/easy_handeye2_msgs -- -j24 -l24
[2.319s] [  0%] [34m[1mGenerating C code for ROS interfaces[0m
[2.327s] [  0%] [34m[1mGenerating C++ code for ROS interfaces[0m
[2.332s] [  0%] Built target ament_cmake_python_symlink_easy_handeye2_msgs
[2.495s] running egg_info
[2.496s] creating easy_handeye2_msgs.egg-info
[2.505s] writing easy_handeye2_msgs.egg-info/PKG-INFO
[2.505s] writing dependency_links to easy_handeye2_msgs.egg-info/dependency_links.txt
[2.505s] writing top-level names to easy_handeye2_msgs.egg-info/top_level.txt
[2.506s] writing manifest file 'easy_handeye2_msgs.egg-info/SOURCES.txt'
[2.534s] reading manifest file 'easy_handeye2_msgs.egg-info/SOURCES.txt'
[2.534s] writing manifest file 'easy_handeye2_msgs.egg-info/SOURCES.txt'
[2.552s] [  0%] Built target ament_cmake_python_build_easy_handeye2_msgs_egg
[3.108s] [  0%] Built target easy_handeye2_msgs__cpp
[3.115s] [  1%] [34m[1mGenerating C++ type support dispatch for ROS interfaces[0m
[3.115s] [  2%] [34m[1mGenerating C++ type support for eProsima Fast-RTPS[0m
[3.115s] [  2%] [34m[1mGenerating C++ introspection for ROS interfaces[0m
[3.181s] [  3%] [32mBuilding C object CMakeFiles/easy_handeye2_msgs__rosidl_generator_c.dir/rosidl_generator_c/easy_handeye2_msgs/msg/detail/sample__functions.c.o[0m
[3.181s] [  3%] [32mBuilding C object CMakeFiles/easy_handeye2_msgs__rosidl_generator_c.dir/rosidl_generator_c/easy_handeye2_msgs/msg/detail/target_pose_list__functions.c.o[0m
[3.181s] [  3%] [32mBuilding C object CMakeFiles/easy_handeye2_msgs__rosidl_generator_c.dir/rosidl_generator_c/easy_handeye2_msgs/msg/detail/handeye_calibration_parameters__functions.c.o[0m
[3.182s] [  4%] [32mBuilding C object CMakeFiles/easy_handeye2_msgs__rosidl_generator_c.dir/rosidl_generator_c/easy_handeye2_msgs/msg/detail/sample_list__functions.c.o[0m
[3.182s] [  5%] [32mBuilding C object CMakeFiles/easy_handeye2_msgs__rosidl_generator_c.dir/rosidl_generator_c/easy_handeye2_msgs/msg/detail/handeye_calibration__functions.c.o[0m
[3.184s] [  5%] [32mBuilding C object CMakeFiles/easy_handeye2_msgs__rosidl_generator_c.dir/rosidl_generator_c/easy_handeye2_msgs/srv/detail/set_algorithm__functions.c.o[0m
[3.184s] [  5%] [32mBuilding C object CMakeFiles/easy_handeye2_msgs__rosidl_generator_c.dir/rosidl_generator_c/easy_handeye2_msgs/srv/detail/remove_sample__functions.c.o[0m
[3.184s] [  6%] [32mBuilding C object CMakeFiles/easy_handeye2_msgs__rosidl_generator_c.dir/rosidl_generator_c/easy_handeye2_msgs/srv/detail/list_algorithms__functions.c.o[0m
[3.184s] [  6%] [32mBuilding C object CMakeFiles/easy_handeye2_msgs__rosidl_generator_c.dir/rosidl_generator_c/easy_handeye2_msgs/srv/detail/save_samples__functions.c.o[0m
[3.184s] [  6%] [32mBuilding C object CMakeFiles/easy_handeye2_msgs__rosidl_generator_c.dir/rosidl_generator_c/easy_handeye2_msgs/srv/detail/plan_to_selected_target_pose__functions.c.o[0m
[3.185s] [  7%] [32mBuilding C object CMakeFiles/easy_handeye2_msgs__rosidl_generator_c.dir/rosidl_generator_c/easy_handeye2_msgs/srv/detail/save_calibration__functions.c.o[0m
[3.185s] [  8%] [32mBuilding C object CMakeFiles/easy_handeye2_msgs__rosidl_generator_c.dir/rosidl_generator_c/easy_handeye2_msgs/srv/detail/compute_calibration__functions.c.o[0m
[3.185s] [  9%] [32mBuilding C object CMakeFiles/easy_handeye2_msgs__rosidl_generator_c.dir/rosidl_generator_c/easy_handeye2_msgs/srv/detail/take_sample__functions.c.o[0m
[3.185s] [ 10%] [32mBuilding C object CMakeFiles/easy_handeye2_msgs__rosidl_generator_c.dir/rosidl_generator_c/easy_handeye2_msgs/srv/detail/select_target_pose__functions.c.o[0m
[3.186s] [ 11%] [32mBuilding C object CMakeFiles/easy_handeye2_msgs__rosidl_generator_c.dir/rosidl_generator_c/easy_handeye2_msgs/srv/detail/enumerate_target_poses__functions.c.o[0m
[3.186s] [ 11%] [32mBuilding C object CMakeFiles/easy_handeye2_msgs__rosidl_generator_c.dir/rosidl_generator_c/easy_handeye2_msgs/srv/detail/load_samples__functions.c.o[0m
[3.186s] [ 12%] [32mBuilding C object CMakeFiles/easy_handeye2_msgs__rosidl_generator_c.dir/rosidl_generator_c/easy_handeye2_msgs/srv/detail/execute_plan__functions.c.o[0m
[3.186s] [ 13%] [32mBuilding C object CMakeFiles/easy_handeye2_msgs__rosidl_generator_c.dir/rosidl_generator_c/easy_handeye2_msgs/srv/detail/check_starting_pose__functions.c.o[0m
[3.243s] [ 14%] [32m[1mLinking C shared library libeasy_handeye2_msgs__rosidl_generator_c.so[0m
[3.270s] [ 14%] Built target easy_handeye2_msgs__rosidl_generator_c
[3.277s] [ 17%] [34m[1mGenerating C type support for eProsima Fast-RTPS[0m
[3.277s] [ 17%] [34m[1mGenerating C introspection for ROS interfaces[0m
[3.277s] [ 17%] [34m[1mGenerating C type support dispatch for ROS interfaces[0m
[3.617s] [ 19%] [32mBuilding CXX object CMakeFiles/easy_handeye2_msgs__rosidl_typesupport_cpp.dir/rosidl_typesupport_cpp/easy_handeye2_msgs/msg/handeye_calibration_parameters__type_support.cpp.o[0m
[3.617s] [ 19%] [32mBuilding CXX object CMakeFiles/easy_handeye2_msgs__rosidl_typesupport_cpp.dir/rosidl_typesupport_cpp/easy_handeye2_msgs/msg/sample__type_support.cpp.o[0m
[3.618s] [ 19%] [32mBuilding CXX object CMakeFiles/easy_handeye2_msgs__rosidl_typesupport_cpp.dir/rosidl_typesupport_cpp/easy_handeye2_msgs/msg/sample_list__type_support.cpp.o[0m
[3.618s] [ 20%] [32mBuilding CXX object CMakeFiles/easy_handeye2_msgs__rosidl_typesupport_cpp.dir/rosidl_typesupport_cpp/easy_handeye2_msgs/msg/target_pose_list__type_support.cpp.o[0m
[3.618s] [ 21%] [32mBuilding CXX object CMakeFiles/easy_handeye2_msgs__rosidl_typesupport_cpp.dir/rosidl_typesupport_cpp/easy_handeye2_msgs/srv/compute_calibration__type_support.cpp.o[0m
[3.618s] [ 21%] [32mBuilding CXX object CMakeFiles/easy_handeye2_msgs__rosidl_typesupport_cpp.dir/rosidl_typesupport_cpp/easy_handeye2_msgs/srv/save_calibration__type_support.cpp.o[0m
[3.619s] [ 22%] [32mBuilding CXX object CMakeFiles/easy_handeye2_msgs__rosidl_typesupport_cpp.dir/rosidl_typesupport_cpp/easy_handeye2_msgs/srv/enumerate_target_poses__type_support.cpp.o[0m
[3.619s] [ 23%] [32mBuilding CXX object CMakeFiles/easy_handeye2_msgs__rosidl_typesupport_cpp.dir/rosidl_typesupport_cpp/easy_handeye2_msgs/srv/list_algorithms__type_support.cpp.o[0m
[3.619s] [ 23%] [32mBuilding CXX object CMakeFiles/easy_handeye2_msgs__rosidl_typesupport_cpp.dir/rosidl_typesupport_cpp/easy_handeye2_msgs/srv/set_algorithm__type_support.cpp.o[0m
[3.619s] [ 23%] [32mBuilding CXX object CMakeFiles/easy_handeye2_msgs__rosidl_typesupport_cpp.dir/rosidl_typesupport_cpp/easy_handeye2_msgs/srv/check_starting_pose__type_support.cpp.o[0m
[3.619s] [ 24%] [32mBuilding CXX object CMakeFiles/easy_handeye2_msgs__rosidl_typesupport_cpp.dir/rosidl_typesupport_cpp/easy_handeye2_msgs/srv/remove_sample__type_support.cpp.o[0m
[3.619s] [ 25%] [32mBuilding CXX object CMakeFiles/easy_handeye2_msgs__rosidl_typesupport_cpp.dir/rosidl_typesupport_cpp/easy_handeye2_msgs/srv/load_samples__type_support.cpp.o[0m
[3.620s] [ 26%] [32mBuilding CXX object CMakeFiles/easy_handeye2_msgs__rosidl_typesupport_cpp.dir/rosidl_typesupport_cpp/easy_handeye2_msgs/srv/save_samples__type_support.cpp.o[0m
[3.621s] [ 27%] [32mBuilding CXX object CMakeFiles/easy_handeye2_msgs__rosidl_typesupport_cpp.dir/rosidl_typesupport_cpp/easy_handeye2_msgs/srv/plan_to_selected_target_pose__type_support.cpp.o[0m
[3.621s] [ 26%] [32mBuilding CXX object CMakeFiles/easy_handeye2_msgs__rosidl_typesupport_cpp.dir/rosidl_typesupport_cpp/easy_handeye2_msgs/msg/handeye_calibration__type_support.cpp.o[0m
[3.626s] [ 27%] [32mBuilding CXX object CMakeFiles/easy_handeye2_msgs__rosidl_typesupport_cpp.dir/rosidl_typesupport_cpp/easy_handeye2_msgs/srv/select_target_pose__type_support.cpp.o[0m
[3.627s] [ 28%] [32mBuilding CXX object CMakeFiles/easy_handeye2_msgs__rosidl_typesupport_cpp.dir/rosidl_typesupport_cpp/easy_handeye2_msgs/srv/execute_plan__type_support.cpp.o[0m
[3.633s] [ 26%] [32mBuilding CXX object CMakeFiles/easy_handeye2_msgs__rosidl_typesupport_cpp.dir/rosidl_typesupport_cpp/easy_handeye2_msgs/srv/take_sample__type_support.cpp.o[0m
[3.931s] [ 29%] [32mBuilding CXX object CMakeFiles/easy_handeye2_msgs__rosidl_typesupport_c.dir/rosidl_typesupport_c/easy_handeye2_msgs/msg/target_pose_list__type_support.cpp.o[0m
[3.931s] [ 29%] [32mBuilding CXX object CMakeFiles/easy_handeye2_msgs__rosidl_typesupport_c.dir/rosidl_typesupport_c/easy_handeye2_msgs/srv/compute_calibration__type_support.cpp.o[0m
[3.931s] [ 29%] [32mBuilding CXX object CMakeFiles/easy_handeye2_msgs__rosidl_typesupport_c.dir/rosidl_typesupport_c/easy_handeye2_msgs/msg/sample__type_support.cpp.o[0m
[3.931s] [ 30%] [32mBuilding CXX object CMakeFiles/easy_handeye2_msgs__rosidl_typesupport_c.dir/rosidl_typesupport_c/easy_handeye2_msgs/msg/sample_list__type_support.cpp.o[0m
[3.931s] [ 31%] [32mBuilding CXX object CMakeFiles/easy_handeye2_msgs__rosidl_typesupport_c.dir/rosidl_typesupport_c/easy_handeye2_msgs/srv/save_calibration__type_support.cpp.o[0m
[3.932s] [ 32%] [32mBuilding CXX object CMakeFiles/easy_handeye2_msgs__rosidl_typesupport_c.dir/rosidl_typesupport_c/easy_handeye2_msgs/msg/handeye_calibration_parameters__type_support.cpp.o[0m
[3.932s] [ 33%] [32mBuilding CXX object CMakeFiles/easy_handeye2_msgs__rosidl_typesupport_c.dir/rosidl_typesupport_c/easy_handeye2_msgs/srv/remove_sample__type_support.cpp.o[0m
[3.932s] [ 34%] [32mBuilding CXX object CMakeFiles/easy_handeye2_msgs__rosidl_typesupport_c.dir/rosidl_typesupport_c/easy_handeye2_msgs/srv/set_algorithm__type_support.cpp.o[0m
[3.932s] [ 34%] [32mBuilding CXX object CMakeFiles/easy_handeye2_msgs__rosidl_typesupport_c.dir/rosidl_typesupport_c/easy_handeye2_msgs/msg/handeye_calibration__type_support.cpp.o[0m
[3.932s] [ 34%] [32mBuilding CXX object CMakeFiles/easy_handeye2_msgs__rosidl_typesupport_c.dir/rosidl_typesupport_c/easy_handeye2_msgs/srv/list_algorithms__type_support.cpp.o[0m
[3.934s] [ 34%] [32mBuilding CXX object CMakeFiles/easy_handeye2_msgs__rosidl_typesupport_c.dir/rosidl_typesupport_c/easy_handeye2_msgs/srv/take_sample__type_support.cpp.o[0m
[3.938s] [ 35%] [32mBuilding CXX object CMakeFiles/easy_handeye2_msgs__rosidl_typesupport_c.dir/rosidl_typesupport_c/easy_handeye2_msgs/srv/save_samples__type_support.cpp.o[0m
[3.939s] [ 35%] [32mBuilding CXX object CMakeFiles/easy_handeye2_msgs__rosidl_typesupport_c.dir/rosidl_typesupport_c/easy_handeye2_msgs/srv/load_samples__type_support.cpp.o[0m
[3.939s] [ 36%] [32mBuilding CXX object CMakeFiles/easy_handeye2_msgs__rosidl_typesupport_c.dir/rosidl_typesupport_c/easy_handeye2_msgs/srv/check_starting_pose__type_support.cpp.o[0m
[3.942s] [ 37%] [32mBuilding CXX object CMakeFiles/easy_handeye2_msgs__rosidl_typesupport_introspection_cpp.dir/rosidl_typesupport_introspection_cpp/easy_handeye2_msgs/msg/detail/handeye_calibration__type_support.cpp.o[0m
[3.947s] [ 38%] [32mBuilding CXX object CMakeFiles/easy_handeye2_msgs__rosidl_typesupport_c.dir/rosidl_typesupport_c/easy_handeye2_msgs/srv/enumerate_target_poses__type_support.cpp.o[0m
[3.948s] [ 38%] [32mBuilding CXX object CMakeFiles/easy_handeye2_msgs__rosidl_typesupport_c.dir/rosidl_typesupport_c/easy_handeye2_msgs/srv/select_target_pose__type_support.cpp.o[0m
[3.948s] [ 38%] [32mBuilding CXX object CMakeFiles/easy_handeye2_msgs__rosidl_typesupport_introspection_cpp.dir/rosidl_typesupport_introspection_cpp/easy_handeye2_msgs/msg/detail/handeye_calibration_parameters__type_support.cpp.o[0m
[3.963s] [ 39%] [32mBuilding CXX object CMakeFiles/easy_handeye2_msgs__rosidl_typesupport_c.dir/rosidl_typesupport_c/easy_handeye2_msgs/srv/plan_to_selected_target_pose__type_support.cpp.o[0m
[3.963s] [ 39%] [32mBuilding CXX object CMakeFiles/easy_handeye2_msgs__rosidl_typesupport_c.dir/rosidl_typesupport_c/easy_handeye2_msgs/srv/execute_plan__type_support.cpp.o[0m
[3.970s] [ 39%] [32mBuilding CXX object CMakeFiles/easy_handeye2_msgs__rosidl_typesupport_introspection_cpp.dir/rosidl_typesupport_introspection_cpp/easy_handeye2_msgs/srv/detail/save_samples__type_support.cpp.o[0m
[3.970s] [ 41%] [32mBuilding CXX object CMakeFiles/easy_handeye2_msgs__rosidl_typesupport_introspection_cpp.dir/rosidl_typesupport_introspection_cpp/easy_handeye2_msgs/srv/detail/list_algorithms__type_support.cpp.o[0m
[3.970s] [ 41%] [32mBuilding CXX object CMakeFiles/easy_handeye2_msgs__rosidl_typesupport_introspection_cpp.dir/rosidl_typesupport_introspection_cpp/easy_handeye2_msgs/srv/detail/compute_calibration__type_support.cpp.o[0m
[3.970s] [ 42%] [32mBuilding CXX object CMakeFiles/easy_handeye2_msgs__rosidl_typesupport_introspection_cpp.dir/rosidl_typesupport_introspection_cpp/easy_handeye2_msgs/msg/detail/sample_list__type_support.cpp.o[0m
[3.970s] [ 43%] [32mBuilding CXX object CMakeFiles/easy_handeye2_msgs__rosidl_typesupport_introspection_cpp.dir/rosidl_typesupport_introspection_cpp/easy_handeye2_msgs/msg/detail/sample__type_support.cpp.o[0m
[3.971s] [ 43%] [32mBuilding CXX object CMakeFiles/easy_handeye2_msgs__rosidl_typesupport_introspection_cpp.dir/rosidl_typesupport_introspection_cpp/easy_handeye2_msgs/srv/detail/set_algorithm__type_support.cpp.o[0m
[3.971s] [ 44%] [32mBuilding CXX object CMakeFiles/easy_handeye2_msgs__rosidl_typesupport_introspection_cpp.dir/rosidl_typesupport_introspection_cpp/easy_handeye2_msgs/srv/detail/take_sample__type_support.cpp.o[0m
[3.971s] [ 45%] [32mBuilding CXX object CMakeFiles/easy_handeye2_msgs__rosidl_typesupport_introspection_cpp.dir/rosidl_typesupport_introspection_cpp/easy_handeye2_msgs/srv/detail/save_calibration__type_support.cpp.o[0m
[3.971s] [ 46%] [32mBuilding CXX object CMakeFiles/easy_handeye2_msgs__rosidl_typesupport_introspection_cpp.dir/rosidl_typesupport_introspection_cpp/easy_handeye2_msgs/srv/detail/check_starting_pose__type_support.cpp.o[0m
[3.971s] [ 46%] [32mBuilding CXX object CMakeFiles/easy_handeye2_msgs__rosidl_typesupport_introspection_cpp.dir/rosidl_typesupport_introspection_cpp/easy_handeye2_msgs/msg/detail/target_pose_list__type_support.cpp.o[0m
[3.971s] [ 46%] [32mBuilding CXX object CMakeFiles/easy_handeye2_msgs__rosidl_typesupport_introspection_cpp.dir/rosidl_typesupport_introspection_cpp/easy_handeye2_msgs/srv/detail/remove_sample__type_support.cpp.o[0m
[3.971s] [ 46%] [32m[1mLinking CXX shared library libeasy_handeye2_msgs__rosidl_typesupport_cpp.so[0m
[3.972s] [ 46%] [32mBuilding CXX object CMakeFiles/easy_handeye2_msgs__rosidl_typesupport_introspection_cpp.dir/rosidl_typesupport_introspection_cpp/easy_handeye2_msgs/srv/detail/enumerate_target_poses__type_support.cpp.o[0m
[3.972s] [ 47%] [32mBuilding CXX object CMakeFiles/easy_handeye2_msgs__rosidl_typesupport_introspection_cpp.dir/rosidl_typesupport_introspection_cpp/easy_handeye2_msgs/srv/detail/load_samples__type_support.cpp.o[0m
[3.981s] [ 48%] [32mBuilding CXX object CMakeFiles/easy_handeye2_msgs__rosidl_typesupport_introspection_cpp.dir/rosidl_typesupport_introspection_cpp/easy_handeye2_msgs/srv/detail/select_target_pose__type_support.cpp.o[0m
[3.985s] [ 48%] [32mBuilding CXX object CMakeFiles/easy_handeye2_msgs__rosidl_typesupport_introspection_cpp.dir/rosidl_typesupport_introspection_cpp/easy_handeye2_msgs/srv/detail/plan_to_selected_target_pose__type_support.cpp.o[0m
[3.985s] [ 49%] [32mBuilding CXX object CMakeFiles/easy_handeye2_msgs__rosidl_typesupport_introspection_cpp.dir/rosidl_typesupport_introspection_cpp/easy_handeye2_msgs/srv/detail/execute_plan__type_support.cpp.o[0m
[3.995s] [ 50%] [32m[1mLinking CXX shared library libeasy_handeye2_msgs__rosidl_typesupport_c.so[0m
[4.018s] [ 50%] Built target easy_handeye2_msgs__rosidl_typesupport_cpp
[4.048s] [ 50%] Built target easy_handeye2_msgs__rosidl_typesupport_c
[4.243s] [ 51%] [32mBuilding CXX object CMakeFiles/easy_handeye2_msgs__rosidl_typesupport_fastrtps_cpp.dir/rosidl_typesupport_fastrtps_cpp/easy_handeye2_msgs/msg/detail/dds_fastrtps/handeye_calibration__type_support.cpp.o[0m
[4.264s] [ 52%] [32mBuilding CXX object CMakeFiles/easy_handeye2_msgs__rosidl_typesupport_fastrtps_cpp.dir/rosidl_typesupport_fastrtps_cpp/easy_handeye2_msgs/msg/detail/dds_fastrtps/sample__type_support.cpp.o[0m
[4.264s] [ 52%] [32mBuilding CXX object CMakeFiles/easy_handeye2_msgs__rosidl_typesupport_fastrtps_cpp.dir/rosidl_typesupport_fastrtps_cpp/easy_handeye2_msgs/msg/detail/dds_fastrtps/sample_list__type_support.cpp.o[0m
[4.273s] [ 52%] [32mBuilding CXX object CMakeFiles/easy_handeye2_msgs__rosidl_typesupport_fastrtps_cpp.dir/rosidl_typesupport_fastrtps_cpp/easy_handeye2_msgs/msg/detail/dds_fastrtps/handeye_calibration_parameters__type_support.cpp.o[0m
[4.348s] [ 53%] [32mBuilding CXX object CMakeFiles/easy_handeye2_msgs__rosidl_typesupport_fastrtps_cpp.dir/rosidl_typesupport_fastrtps_cpp/easy_handeye2_msgs/msg/detail/dds_fastrtps/target_pose_list__type_support.cpp.o[0m
[4.386s] [ 54%] [32mBuilding CXX object CMakeFiles/easy_handeye2_msgs__rosidl_typesupport_fastrtps_cpp.dir/rosidl_typesupport_fastrtps_cpp/easy_handeye2_msgs/srv/detail/dds_fastrtps/list_algorithms__type_support.cpp.o[0m
[4.395s] [ 54%] [32mBuilding CXX object CMakeFiles/easy_handeye2_msgs__rosidl_typesupport_fastrtps_cpp.dir/rosidl_typesupport_fastrtps_cpp/easy_handeye2_msgs/srv/detail/dds_fastrtps/set_algorithm__type_support.cpp.o[0m
[4.412s] [ 55%] [32mBuilding CXX object CMakeFiles/easy_handeye2_msgs__rosidl_typesupport_fastrtps_cpp.dir/rosidl_typesupport_fastrtps_cpp/easy_handeye2_msgs/srv/detail/dds_fastrtps/compute_calibration__type_support.cpp.o[0m
[4.420s] [ 55%] [32mBuilding CXX object CMakeFiles/easy_handeye2_msgs__rosidl_typesupport_fastrtps_c.dir/rosidl_typesupport_fastrtps_c/easy_handeye2_msgs/msg/detail/handeye_calibration__type_support_c.cpp.o[0m
[4.421s] [ 56%] [32mBuilding CXX object CMakeFiles/easy_handeye2_msgs__rosidl_typesupport_fastrtps_c.dir/rosidl_typesupport_fastrtps_c/easy_handeye2_msgs/msg/detail/handeye_calibration_parameters__type_support_c.cpp.o[0m
[4.429s] [ 56%] [32mBuilding CXX object CMakeFiles/easy_handeye2_msgs__rosidl_typesupport_fastrtps_cpp.dir/rosidl_typesupport_fastrtps_cpp/easy_handeye2_msgs/srv/detail/dds_fastrtps/save_calibration__type_support.cpp.o[0m
[4.440s] [ 57%] [32mBuilding CXX object CMakeFiles/easy_handeye2_msgs__rosidl_typesupport_fastrtps_cpp.dir/rosidl_typesupport_fastrtps_cpp/easy_handeye2_msgs/srv/detail/dds_fastrtps/remove_sample__type_support.cpp.o[0m
[4.442s] [ 58%] [32mBuilding CXX object CMakeFiles/easy_handeye2_msgs__rosidl_typesupport_fastrtps_cpp.dir/rosidl_typesupport_fastrtps_cpp/easy_handeye2_msgs/srv/detail/dds_fastrtps/take_sample__type_support.cpp.o[0m
[4.446s] [ 59%] [32mBuilding CXX object CMakeFiles/easy_handeye2_msgs__rosidl_typesupport_fastrtps_c.dir/rosidl_typesupport_fastrtps_c/easy_handeye2_msgs/msg/detail/sample__type_support_c.cpp.o[0m
[4.450s] [ 59%] [32mBuilding CXX object CMakeFiles/easy_handeye2_msgs__rosidl_typesupport_fastrtps_c.dir/rosidl_typesupport_fastrtps_c/easy_handeye2_msgs/msg/detail/sample_list__type_support_c.cpp.o[0m
[4.451s] [ 60%] [32mBuilding CXX object CMakeFiles/easy_handeye2_msgs__rosidl_typesupport_fastrtps_c.dir/rosidl_typesupport_fastrtps_c/easy_handeye2_msgs/msg/detail/target_pose_list__type_support_c.cpp.o[0m
[4.452s] [ 60%] [32mBuilding CXX object CMakeFiles/easy_handeye2_msgs__rosidl_typesupport_fastrtps_cpp.dir/rosidl_typesupport_fastrtps_cpp/easy_handeye2_msgs/srv/detail/dds_fastrtps/save_samples__type_support.cpp.o[0m
[4.455s] [ 61%] [32mBuilding CXX object CMakeFiles/easy_handeye2_msgs__rosidl_typesupport_fastrtps_cpp.dir/rosidl_typesupport_fastrtps_cpp/easy_handeye2_msgs/srv/detail/dds_fastrtps/load_samples__type_support.cpp.o[0m
[4.465s] [ 61%] [32mBuilding CXX object CMakeFiles/easy_handeye2_msgs__rosidl_typesupport_fastrtps_c.dir/rosidl_typesupport_fastrtps_c/easy_handeye2_msgs/srv/detail/list_algorithms__type_support_c.cpp.o[0m
[4.467s] [ 62%] [32mBuilding C object CMakeFiles/easy_handeye2_msgs__rosidl_typesupport_introspection_c.dir/rosidl_typesupport_introspection_c/easy_handeye2_msgs/msg/detail/handeye_calibration__type_support.c.o[0m
[4.480s] [ 63%] [32mBuilding CXX object CMakeFiles/easy_handeye2_msgs__rosidl_typesupport_fastrtps_c.dir/rosidl_typesupport_fastrtps_c/easy_handeye2_msgs/srv/detail/set_algorithm__type_support_c.cpp.o[0m
[4.481s] [ 64%] [32mBuilding C object CMakeFiles/easy_handeye2_msgs__rosidl_typesupport_introspection_c.dir/rosidl_typesupport_introspection_c/easy_handeye2_msgs/msg/detail/handeye_calibration_parameters__type_support.c.o[0m
[4.481s] [ 64%] [32mBuilding CXX object CMakeFiles/easy_handeye2_msgs__rosidl_typesupport_fastrtps_c.dir/rosidl_typesupport_fastrtps_c/easy_handeye2_msgs/srv/detail/compute_calibration__type_support_c.cpp.o[0m
[4.501s] [ 65%] [32m[1mLinking CXX shared library libeasy_handeye2_msgs__rosidl_typesupport_introspection_cpp.so[0m
[4.517s] [ 66%] [32mBuilding C object CMakeFiles/easy_handeye2_msgs__rosidl_typesupport_introspection_c.dir/rosidl_typesupport_introspection_c/easy_handeye2_msgs/msg/detail/sample__type_support.c.o[0m
[4.535s] [ 66%] [32mBuilding C object CMakeFiles/easy_handeye2_msgs__rosidl_typesupport_introspection_c.dir/rosidl_typesupport_introspection_c/easy_handeye2_msgs/msg/detail/sample_list__type_support.c.o[0m
[4.564s] [ 66%] [32mBuilding CXX object CMakeFiles/easy_handeye2_msgs__rosidl_typesupport_fastrtps_c.dir/rosidl_typesupport_fastrtps_c/easy_handeye2_msgs/srv/detail/save_calibration__type_support_c.cpp.o[0m
[4.581s] [ 67%] [32mBuilding C object CMakeFiles/easy_handeye2_msgs__rosidl_typesupport_introspection_c.dir/rosidl_typesupport_introspection_c/easy_handeye2_msgs/msg/detail/target_pose_list__type_support.c.o[0m
[4.640s] [ 68%] [32mBuilding C object CMakeFiles/easy_handeye2_msgs__rosidl_typesupport_introspection_c.dir/rosidl_typesupport_introspection_c/easy_handeye2_msgs/srv/detail/list_algorithms__type_support.c.o[0m
[4.674s] [ 69%] [32mBuilding CXX object CMakeFiles/easy_handeye2_msgs__rosidl_typesupport_fastrtps_cpp.dir/rosidl_typesupport_fastrtps_cpp/easy_handeye2_msgs/srv/detail/dds_fastrtps/enumerate_target_poses__type_support.cpp.o[0m
[4.674s] [ 69%] Built target easy_handeye2_msgs__rosidl_typesupport_introspection_cpp
[4.682s] [ 69%] [32mBuilding CXX object CMakeFiles/easy_handeye2_msgs__rosidl_typesupport_fastrtps_cpp.dir/rosidl_typesupport_fastrtps_cpp/easy_handeye2_msgs/srv/detail/dds_fastrtps/check_starting_pose__type_support.cpp.o[0m
[4.689s] [ 69%] [32mBuilding C object CMakeFiles/easy_handeye2_msgs__rosidl_typesupport_introspection_c.dir/rosidl_typesupport_introspection_c/easy_handeye2_msgs/srv/detail/set_algorithm__type_support.c.o[0m
[4.694s] [ 70%] [32mBuilding C object CMakeFiles/easy_handeye2_msgs__rosidl_typesupport_introspection_c.dir/rosidl_typesupport_introspection_c/easy_handeye2_msgs/srv/detail/compute_calibration__type_support.c.o[0m
[4.700s] [ 71%] [32mBuilding CXX object CMakeFiles/easy_handeye2_msgs__rosidl_typesupport_fastrtps_cpp.dir/rosidl_typesupport_fastrtps_cpp/easy_handeye2_msgs/srv/detail/dds_fastrtps/select_target_pose__type_support.cpp.o[0m
[4.747s] [ 71%] [32mBuilding C object CMakeFiles/easy_handeye2_msgs__rosidl_typesupport_introspection_c.dir/rosidl_typesupport_introspection_c/easy_handeye2_msgs/srv/detail/save_calibration__type_support.c.o[0m
[4.767s] [ 71%] [32mBuilding CXX object CMakeFiles/easy_handeye2_msgs__rosidl_typesupport_fastrtps_cpp.dir/rosidl_typesupport_fastrtps_cpp/easy_handeye2_msgs/srv/detail/dds_fastrtps/plan_to_selected_target_pose__type_support.cpp.o[0m
[4.774s] [ 72%] [32mBuilding CXX object CMakeFiles/easy_handeye2_msgs__rosidl_typesupport_fastrtps_c.dir/rosidl_typesupport_fastrtps_c/easy_handeye2_msgs/srv/detail/remove_sample__type_support_c.cpp.o[0m
[4.783s] [ 72%] [32mBuilding CXX object CMakeFiles/easy_handeye2_msgs__rosidl_typesupport_fastrtps_c.dir/rosidl_typesupport_fastrtps_c/easy_handeye2_msgs/srv/detail/take_sample__type_support_c.cpp.o[0m
[4.804s] [ 73%] [32mBuilding C object CMakeFiles/easy_handeye2_msgs__rosidl_typesupport_introspection_c.dir/rosidl_typesupport_introspection_c/easy_handeye2_msgs/srv/detail/remove_sample__type_support.c.o[0m
[4.808s] [ 74%] [32mBuilding CXX object CMakeFiles/easy_handeye2_msgs__rosidl_typesupport_fastrtps_cpp.dir/rosidl_typesupport_fastrtps_cpp/easy_handeye2_msgs/srv/detail/dds_fastrtps/execute_plan__type_support.cpp.o[0m
[4.839s] [ 75%] [32mBuilding C object CMakeFiles/easy_handeye2_msgs__rosidl_typesupport_introspection_c.dir/rosidl_typesupport_introspection_c/easy_handeye2_msgs/srv/detail/take_sample__type_support.c.o[0m
[4.849s] [ 76%] [32mBuilding C object CMakeFiles/easy_handeye2_msgs__rosidl_typesupport_introspection_c.dir/rosidl_typesupport_introspection_c/easy_handeye2_msgs/srv/detail/load_samples__type_support.c.o[0m
[4.851s] [ 77%] [32mBuilding CXX object CMakeFiles/easy_handeye2_msgs__rosidl_typesupport_fastrtps_c.dir/rosidl_typesupport_fastrtps_c/easy_handeye2_msgs/srv/detail/save_samples__type_support_c.cpp.o[0m
[4.851s] [ 77%] [32mBuilding C object CMakeFiles/easy_handeye2_msgs__rosidl_typesupport_introspection_c.dir/rosidl_typesupport_introspection_c/easy_handeye2_msgs/srv/detail/save_samples__type_support.c.o[0m
[4.854s] [ 78%] [32mBuilding CXX object CMakeFiles/easy_handeye2_msgs__rosidl_typesupport_fastrtps_c.dir/rosidl_typesupport_fastrtps_c/easy_handeye2_msgs/srv/detail/load_samples__type_support_c.cpp.o[0m
[4.857s] [ 78%] [32mBuilding CXX object CMakeFiles/easy_handeye2_msgs__rosidl_typesupport_fastrtps_c.dir/rosidl_typesupport_fastrtps_c/easy_handeye2_msgs/srv/detail/check_starting_pose__type_support_c.cpp.o[0m
[4.858s] [ 79%] [32mBuilding CXX object CMakeFiles/easy_handeye2_msgs__rosidl_typesupport_fastrtps_c.dir/rosidl_typesupport_fastrtps_c/easy_handeye2_msgs/srv/detail/enumerate_target_poses__type_support_c.cpp.o[0m
[4.877s] [ 79%] [32mBuilding C object CMakeFiles/easy_handeye2_msgs__rosidl_typesupport_introspection_c.dir/rosidl_typesupport_introspection_c/easy_handeye2_msgs/srv/detail/check_starting_pose__type_support.c.o[0m
[4.881s] [ 79%] [32mBuilding CXX object CMakeFiles/easy_handeye2_msgs__rosidl_typesupport_fastrtps_c.dir/rosidl_typesupport_fastrtps_c/easy_handeye2_msgs/srv/detail/select_target_pose__type_support_c.cpp.o[0m
[4.881s] [ 80%] [32mBuilding C object CMakeFiles/easy_handeye2_msgs__rosidl_typesupport_introspection_c.dir/rosidl_typesupport_introspection_c/easy_handeye2_msgs/srv/detail/enumerate_target_poses__type_support.c.o[0m
[4.890s] [ 81%] [32mBuilding C object CMakeFiles/easy_handeye2_msgs__rosidl_typesupport_introspection_c.dir/rosidl_typesupport_introspection_c/easy_handeye2_msgs/srv/detail/select_target_pose__type_support.c.o[0m
[4.890s] [ 82%] [32mBuilding CXX object CMakeFiles/easy_handeye2_msgs__rosidl_typesupport_fastrtps_c.dir/rosidl_typesupport_fastrtps_c/easy_handeye2_msgs/srv/detail/plan_to_selected_target_pose__type_support_c.cpp.o[0m
[4.893s] [ 82%] [32mBuilding C object CMakeFiles/easy_handeye2_msgs__rosidl_typesupport_introspection_c.dir/rosidl_typesupport_introspection_c/easy_handeye2_msgs/srv/detail/plan_to_selected_target_pose__type_support.c.o[0m
[4.912s] [ 83%] [32mBuilding CXX object CMakeFiles/easy_handeye2_msgs__rosidl_typesupport_fastrtps_c.dir/rosidl_typesupport_fastrtps_c/easy_handeye2_msgs/srv/detail/execute_plan__type_support_c.cpp.o[0m
[4.918s] [ 84%] [32mBuilding C object CMakeFiles/easy_handeye2_msgs__rosidl_typesupport_introspection_c.dir/rosidl_typesupport_introspection_c/easy_handeye2_msgs/srv/detail/execute_plan__type_support.c.o[0m
[4.957s] [ 84%] [32m[1mLinking C shared library libeasy_handeye2_msgs__rosidl_typesupport_introspection_c.so[0m
[4.997s] [ 84%] Built target easy_handeye2_msgs__rosidl_typesupport_introspection_c
[5.178s] [ 84%] [32m[1mLinking CXX shared library libeasy_handeye2_msgs__rosidl_typesupport_fastrtps_cpp.so[0m
[5.205s] [ 84%] [32m[1mLinking CXX shared library libeasy_handeye2_msgs__rosidl_typesupport_fastrtps_c.so[0m
[5.231s] [ 84%] Built target easy_handeye2_msgs__rosidl_typesupport_fastrtps_cpp
[5.256s] [ 84%] Built target easy_handeye2_msgs__rosidl_typesupport_fastrtps_c
[5.270s] [ 84%] Built target easy_handeye2_msgs
[5.296s] [ 85%] [34m[1mGenerating Python code for ROS interfaces[0m
[6.774s] [ 85%] Built target easy_handeye2_msgs__py
[6.793s] [ 86%] [32mBuilding C object CMakeFiles/easy_handeye2_msgs__rosidl_generator_py.dir/rosidl_generator_py/easy_handeye2_msgs/msg/_target_pose_list_s.c.o[0m
[6.793s] [ 87%] [32mBuilding C object CMakeFiles/easy_handeye2_msgs__rosidl_generator_py.dir/rosidl_generator_py/easy_handeye2_msgs/msg/_sample_list_s.c.o[0m
[6.794s] [ 87%] [32mBuilding C object CMakeFiles/easy_handeye2_msgs__rosidl_generator_py.dir/rosidl_generator_py/easy_handeye2_msgs/srv/_list_algorithms_s.c.o[0m
[6.794s] [ 87%] [32mBuilding C object CMakeFiles/easy_handeye2_msgs__rosidl_generator_py.dir/rosidl_generator_py/easy_handeye2_msgs/msg/_sample_s.c.o[0m
[6.795s] [ 87%] [32mBuilding C object CMakeFiles/easy_handeye2_msgs__rosidl_generator_py.dir/rosidl_generator_py/easy_handeye2_msgs/srv/_compute_calibration_s.c.o[0m
[6.795s] [ 88%] [32mBuilding C object CMakeFiles/easy_handeye2_msgs__rosidl_generator_py.dir/rosidl_generator_py/easy_handeye2_msgs/srv/_set_algorithm_s.c.o[0m
[6.795s] [ 88%] [32mBuilding C object CMakeFiles/easy_handeye2_msgs__rosidl_generator_py.dir/rosidl_generator_py/easy_handeye2_msgs/msg/_handeye_calibration_s.c.o[0m
[6.795s] [ 89%] [32mBuilding C object CMakeFiles/easy_handeye2_msgs__rosidl_generator_py.dir/rosidl_generator_py/easy_handeye2_msgs/msg/_handeye_calibration_parameters_s.c.o[0m
[6.798s] [ 90%] [32mBuilding C object CMakeFiles/easy_handeye2_msgs__rosidl_generator_py.dir/rosidl_generator_py/easy_handeye2_msgs/srv/_save_samples_s.c.o[0m
[6.800s] [ 91%] [32mBuilding C object CMakeFiles/easy_handeye2_msgs__rosidl_generator_py.dir/rosidl_generator_py/easy_handeye2_msgs/srv/_save_calibration_s.c.o[0m
[6.800s] [ 92%] [32mBuilding C object CMakeFiles/easy_handeye2_msgs__rosidl_generator_py.dir/rosidl_generator_py/easy_handeye2_msgs/srv/_check_starting_pose_s.c.o[0m
[6.801s] [ 92%] [32mBuilding C object CMakeFiles/easy_handeye2_msgs__rosidl_generator_py.dir/rosidl_generator_py/easy_handeye2_msgs/srv/_load_samples_s.c.o[0m
[6.801s] [ 93%] [32mBuilding C object CMakeFiles/easy_handeye2_msgs__rosidl_generator_py.dir/rosidl_generator_py/easy_handeye2_msgs/srv/_remove_sample_s.c.o[0m
[6.801s] [ 93%] [32mBuilding C object CMakeFiles/easy_handeye2_msgs__rosidl_generator_py.dir/rosidl_generator_py/easy_handeye2_msgs/srv/_take_sample_s.c.o[0m
[6.803s] [ 94%] [32mBuilding C object CMakeFiles/easy_handeye2_msgs__rosidl_generator_py.dir/rosidl_generator_py/easy_handeye2_msgs/srv/_enumerate_target_poses_s.c.o[0m
[6.804s] [ 94%] [32mBuilding C object CMakeFiles/easy_handeye2_msgs__rosidl_generator_py.dir/rosidl_generator_py/easy_handeye2_msgs/srv/_select_target_pose_s.c.o[0m
[6.804s] [ 95%] [32mBuilding C object CMakeFiles/easy_handeye2_msgs__rosidl_generator_py.dir/rosidl_generator_py/easy_handeye2_msgs/srv/_plan_to_selected_target_pose_s.c.o[0m
[6.805s] [ 95%] [32mBuilding C object CMakeFiles/easy_handeye2_msgs__rosidl_generator_py.dir/rosidl_generator_py/easy_handeye2_msgs/srv/_execute_plan_s.c.o[0m
[6.912s] [ 96%] [32m[1mLinking C shared library rosidl_generator_py/easy_handeye2_msgs/libeasy_handeye2_msgs__rosidl_generator_py.so[0m
[6.943s] [ 96%] Built target easy_handeye2_msgs__rosidl_generator_py
[6.956s] [ 97%] [32mBuilding C object CMakeFiles/easy_handeye2_msgs__rosidl_typesupport_c__pyext.dir/rosidl_generator_py/easy_handeye2_msgs/_easy_handeye2_msgs_s.ep.rosidl_typesupport_c.c.o[0m
[6.957s] [ 98%] [32mBuilding C object CMakeFiles/easy_handeye2_msgs__rosidl_typesupport_introspection_c__pyext.dir/rosidl_generator_py/easy_handeye2_msgs/_easy_handeye2_msgs_s.ep.rosidl_typesupport_introspection_c.c.o[0m
[6.957s] [ 99%] [32mBuilding C object CMakeFiles/easy_handeye2_msgs__rosidl_typesupport_fastrtps_c__pyext.dir/rosidl_generator_py/easy_handeye2_msgs/_easy_handeye2_msgs_s.ep.rosidl_typesupport_fastrtps_c.c.o[0m
[7.075s] [ 99%] [32m[1mLinking C shared library rosidl_generator_py/easy_handeye2_msgs/easy_handeye2_msgs_s__rosidl_typesupport_fastrtps_c.cpython-310-x86_64-linux-gnu.so[0m
[7.076s] [ 99%] [32m[1mLinking C shared library rosidl_generator_py/easy_handeye2_msgs/easy_handeye2_msgs_s__rosidl_typesupport_c.cpython-310-x86_64-linux-gnu.so[0m
[7.076s] [100%] [32m[1mLinking C shared library rosidl_generator_py/easy_handeye2_msgs/easy_handeye2_msgs_s__rosidl_typesupport_introspection_c.cpython-310-x86_64-linux-gnu.so[0m
[7.101s] [100%] Built target easy_handeye2_msgs__rosidl_typesupport_fastrtps_c__pyext
[7.102s] [100%] Built target easy_handeye2_msgs__rosidl_typesupport_c__pyext
[7.102s] [100%] Built target easy_handeye2_msgs__rosidl_typesupport_introspection_c__pyext
[7.110s] Invoked command in '/home/zzy/ur_real/build/easy_handeye2_msgs' returned '0': CMAKE_PREFIX_PATH=${CMAKE_PREFIX_PATH}:/home/zzy/ur_real/install/ur10_vel:/home/zzy/ur_real/install/gravity_compensation:/home/zzy/ur_real/install/ferrobotics_acf:/home/zzy/ur_real/install/camera:/home/zzy/ur_real/install/ati_sensor:/opt/ros/humble /usr/bin/cmake --build /home/zzy/ur_real/build/easy_handeye2_msgs -- -j24 -l24
[7.632s] Invoking command in '/home/zzy/ur_real/build/easy_handeye2_msgs': CMAKE_PREFIX_PATH=${CMAKE_PREFIX_PATH}:/home/zzy/ur_real/install/ur10_vel:/home/zzy/ur_real/install/gravity_compensation:/home/zzy/ur_real/install/ferrobotics_acf:/home/zzy/ur_real/install/camera:/home/zzy/ur_real/install/ati_sensor:/opt/ros/humble /usr/bin/cmake --install /home/zzy/ur_real/build/easy_handeye2_msgs
[7.642s] -- Install configuration: ""
[7.643s] -- Execute custom install script
[7.643s] -- Symlinking: /home/zzy/ur_real/install/easy_handeye2_msgs/share/ament_index/resource_index/rosidl_interfaces/easy_handeye2_msgs
[7.653s] -- Symlinking: /home/zzy/ur_real/install/easy_handeye2_msgs/include/easy_handeye2_msgs/easy_handeye2_msgs/msg/detail/handeye_calibration__functions.h
[7.662s] -- Symlinking: /home/zzy/ur_real/install/easy_handeye2_msgs/include/easy_handeye2_msgs/easy_handeye2_msgs/msg/detail/handeye_calibration__struct.h
[7.669s] -- Symlinking: /home/zzy/ur_real/install/easy_handeye2_msgs/include/easy_handeye2_msgs/easy_handeye2_msgs/msg/detail/handeye_calibration__type_support.h
[7.677s] -- Symlinking: /home/zzy/ur_real/install/easy_handeye2_msgs/include/easy_handeye2_msgs/easy_handeye2_msgs/msg/detail/handeye_calibration_parameters__functions.h
[7.685s] -- Symlinking: /home/zzy/ur_real/install/easy_handeye2_msgs/include/easy_handeye2_msgs/easy_handeye2_msgs/msg/detail/handeye_calibration_parameters__struct.h
[7.693s] -- Symlinking: /home/zzy/ur_real/install/easy_handeye2_msgs/include/easy_handeye2_msgs/easy_handeye2_msgs/msg/detail/handeye_calibration_parameters__type_support.h
[7.700s] -- Symlinking: /home/zzy/ur_real/install/easy_handeye2_msgs/include/easy_handeye2_msgs/easy_handeye2_msgs/msg/detail/sample__functions.h
[7.708s] -- Symlinking: /home/zzy/ur_real/install/easy_handeye2_msgs/include/easy_handeye2_msgs/easy_handeye2_msgs/msg/detail/sample__struct.h
[7.715s] -- Symlinking: /home/zzy/ur_real/install/easy_handeye2_msgs/include/easy_handeye2_msgs/easy_handeye2_msgs/msg/detail/sample__type_support.h
[7.722s] -- Symlinking: /home/zzy/ur_real/install/easy_handeye2_msgs/include/easy_handeye2_msgs/easy_handeye2_msgs/msg/detail/sample_list__functions.h
[7.728s] -- Symlinking: /home/zzy/ur_real/install/easy_handeye2_msgs/include/easy_handeye2_msgs/easy_handeye2_msgs/msg/detail/sample_list__struct.h
[7.734s] -- Symlinking: /home/zzy/ur_real/install/easy_handeye2_msgs/include/easy_handeye2_msgs/easy_handeye2_msgs/msg/detail/sample_list__type_support.h
[7.740s] -- Symlinking: /home/zzy/ur_real/install/easy_handeye2_msgs/include/easy_handeye2_msgs/easy_handeye2_msgs/msg/detail/target_pose_list__functions.h
[7.745s] -- Symlinking: /home/zzy/ur_real/install/easy_handeye2_msgs/include/easy_handeye2_msgs/easy_handeye2_msgs/msg/detail/target_pose_list__struct.h
[7.750s] -- Symlinking: /home/zzy/ur_real/install/easy_handeye2_msgs/include/easy_handeye2_msgs/easy_handeye2_msgs/msg/detail/target_pose_list__type_support.h
[7.755s] -- Symlinking: /home/zzy/ur_real/install/easy_handeye2_msgs/include/easy_handeye2_msgs/easy_handeye2_msgs/msg/handeye_calibration.h
[7.761s] -- Symlinking: /home/zzy/ur_real/install/easy_handeye2_msgs/include/easy_handeye2_msgs/easy_handeye2_msgs/msg/handeye_calibration_parameters.h
[7.766s] -- Symlinking: /home/zzy/ur_real/install/easy_handeye2_msgs/include/easy_handeye2_msgs/easy_handeye2_msgs/msg/rosidl_generator_c__visibility_control.h
[7.771s] -- Symlinking: /home/zzy/ur_real/install/easy_handeye2_msgs/include/easy_handeye2_msgs/easy_handeye2_msgs/msg/sample.h
[7.777s] -- Symlinking: /home/zzy/ur_real/install/easy_handeye2_msgs/include/easy_handeye2_msgs/easy_handeye2_msgs/msg/sample_list.h
[7.782s] -- Symlinking: /home/zzy/ur_real/install/easy_handeye2_msgs/include/easy_handeye2_msgs/easy_handeye2_msgs/msg/target_pose_list.h
[7.787s] -- Symlinking: /home/zzy/ur_real/install/easy_handeye2_msgs/include/easy_handeye2_msgs/easy_handeye2_msgs/srv/check_starting_pose.h
[7.792s] -- Symlinking: /home/zzy/ur_real/install/easy_handeye2_msgs/include/easy_handeye2_msgs/easy_handeye2_msgs/srv/compute_calibration.h
[7.798s] -- Symlinking: /home/zzy/ur_real/install/easy_handeye2_msgs/include/easy_handeye2_msgs/easy_handeye2_msgs/srv/detail/check_starting_pose__functions.h
[7.803s] -- Symlinking: /home/zzy/ur_real/install/easy_handeye2_msgs/include/easy_handeye2_msgs/easy_handeye2_msgs/srv/detail/check_starting_pose__struct.h
[7.808s] -- Symlinking: /home/zzy/ur_real/install/easy_handeye2_msgs/include/easy_handeye2_msgs/easy_handeye2_msgs/srv/detail/check_starting_pose__type_support.h
[7.814s] -- Symlinking: /home/zzy/ur_real/install/easy_handeye2_msgs/include/easy_handeye2_msgs/easy_handeye2_msgs/srv/detail/compute_calibration__functions.h
[7.819s] -- Symlinking: /home/zzy/ur_real/install/easy_handeye2_msgs/include/easy_handeye2_msgs/easy_handeye2_msgs/srv/detail/compute_calibration__struct.h
[7.827s] -- Symlinking: /home/zzy/ur_real/install/easy_handeye2_msgs/include/easy_handeye2_msgs/easy_handeye2_msgs/srv/detail/compute_calibration__type_support.h
[7.836s] -- Symlinking: /home/zzy/ur_real/install/easy_handeye2_msgs/include/easy_handeye2_msgs/easy_handeye2_msgs/srv/detail/enumerate_target_poses__functions.h
[7.845s] -- Symlinking: /home/zzy/ur_real/install/easy_handeye2_msgs/include/easy_handeye2_msgs/easy_handeye2_msgs/srv/detail/enumerate_target_poses__struct.h
[7.854s] -- Symlinking: /home/zzy/ur_real/install/easy_handeye2_msgs/include/easy_handeye2_msgs/easy_handeye2_msgs/srv/detail/enumerate_target_poses__type_support.h
[7.862s] -- Symlinking: /home/zzy/ur_real/install/easy_handeye2_msgs/include/easy_handeye2_msgs/easy_handeye2_msgs/srv/detail/execute_plan__functions.h
[7.873s] -- Symlinking: /home/zzy/ur_real/install/easy_handeye2_msgs/include/easy_handeye2_msgs/easy_handeye2_msgs/srv/detail/execute_plan__struct.h
[7.883s] -- Symlinking: /home/zzy/ur_real/install/easy_handeye2_msgs/include/easy_handeye2_msgs/easy_handeye2_msgs/srv/detail/execute_plan__type_support.h
[7.892s] -- Symlinking: /home/zzy/ur_real/install/easy_handeye2_msgs/include/easy_handeye2_msgs/easy_handeye2_msgs/srv/detail/list_algorithms__functions.h
[7.901s] -- Symlinking: /home/zzy/ur_real/install/easy_handeye2_msgs/include/easy_handeye2_msgs/easy_handeye2_msgs/srv/detail/list_algorithms__struct.h
[7.907s] -- Symlinking: /home/zzy/ur_real/install/easy_handeye2_msgs/include/easy_handeye2_msgs/easy_handeye2_msgs/srv/detail/list_algorithms__type_support.h
[7.913s] -- Symlinking: /home/zzy/ur_real/install/easy_handeye2_msgs/include/easy_handeye2_msgs/easy_handeye2_msgs/srv/detail/load_samples__functions.h
[7.919s] -- Symlinking: /home/zzy/ur_real/install/easy_handeye2_msgs/include/easy_handeye2_msgs/easy_handeye2_msgs/srv/detail/load_samples__struct.h
[7.924s] -- Symlinking: /home/zzy/ur_real/install/easy_handeye2_msgs/include/easy_handeye2_msgs/easy_handeye2_msgs/srv/detail/load_samples__type_support.h
[7.931s] -- Symlinking: /home/zzy/ur_real/install/easy_handeye2_msgs/include/easy_handeye2_msgs/easy_handeye2_msgs/srv/detail/plan_to_selected_target_pose__functions.h
[7.936s] -- Symlinking: /home/zzy/ur_real/install/easy_handeye2_msgs/include/easy_handeye2_msgs/easy_handeye2_msgs/srv/detail/plan_to_selected_target_pose__struct.h
[7.941s] -- Symlinking: /home/zzy/ur_real/install/easy_handeye2_msgs/include/easy_handeye2_msgs/easy_handeye2_msgs/srv/detail/plan_to_selected_target_pose__type_support.h
[7.946s] -- Symlinking: /home/zzy/ur_real/install/easy_handeye2_msgs/include/easy_handeye2_msgs/easy_handeye2_msgs/srv/detail/remove_sample__functions.h
[7.951s] -- Symlinking: /home/zzy/ur_real/install/easy_handeye2_msgs/include/easy_handeye2_msgs/easy_handeye2_msgs/srv/detail/remove_sample__struct.h
[7.956s] -- Symlinking: /home/zzy/ur_real/install/easy_handeye2_msgs/include/easy_handeye2_msgs/easy_handeye2_msgs/srv/detail/remove_sample__type_support.h
[7.961s] -- Symlinking: /home/zzy/ur_real/install/easy_handeye2_msgs/include/easy_handeye2_msgs/easy_handeye2_msgs/srv/detail/save_calibration__functions.h
[7.966s] -- Symlinking: /home/zzy/ur_real/install/easy_handeye2_msgs/include/easy_handeye2_msgs/easy_handeye2_msgs/srv/detail/save_calibration__struct.h
[7.973s] -- Symlinking: /home/zzy/ur_real/install/easy_handeye2_msgs/include/easy_handeye2_msgs/easy_handeye2_msgs/srv/detail/save_calibration__type_support.h
[7.981s] -- Symlinking: /home/zzy/ur_real/install/easy_handeye2_msgs/include/easy_handeye2_msgs/easy_handeye2_msgs/srv/detail/save_samples__functions.h
[7.989s] -- Symlinking: /home/zzy/ur_real/install/easy_handeye2_msgs/include/easy_handeye2_msgs/easy_handeye2_msgs/srv/detail/save_samples__struct.h
[7.995s] -- Symlinking: /home/zzy/ur_real/install/easy_handeye2_msgs/include/easy_handeye2_msgs/easy_handeye2_msgs/srv/detail/save_samples__type_support.h
[8.000s] -- Symlinking: /home/zzy/ur_real/install/easy_handeye2_msgs/include/easy_handeye2_msgs/easy_handeye2_msgs/srv/detail/select_target_pose__functions.h
[8.006s] -- Symlinking: /home/zzy/ur_real/install/easy_handeye2_msgs/include/easy_handeye2_msgs/easy_handeye2_msgs/srv/detail/select_target_pose__struct.h
[8.011s] -- Symlinking: /home/zzy/ur_real/install/easy_handeye2_msgs/include/easy_handeye2_msgs/easy_handeye2_msgs/srv/detail/select_target_pose__type_support.h
[8.016s] -- Symlinking: /home/zzy/ur_real/install/easy_handeye2_msgs/include/easy_handeye2_msgs/easy_handeye2_msgs/srv/detail/set_algorithm__functions.h
[8.022s] -- Symlinking: /home/zzy/ur_real/install/easy_handeye2_msgs/include/easy_handeye2_msgs/easy_handeye2_msgs/srv/detail/set_algorithm__struct.h
[8.027s] -- Symlinking: /home/zzy/ur_real/install/easy_handeye2_msgs/include/easy_handeye2_msgs/easy_handeye2_msgs/srv/detail/set_algorithm__type_support.h
[8.033s] -- Symlinking: /home/zzy/ur_real/install/easy_handeye2_msgs/include/easy_handeye2_msgs/easy_handeye2_msgs/srv/detail/take_sample__functions.h
[8.040s] -- Symlinking: /home/zzy/ur_real/install/easy_handeye2_msgs/include/easy_handeye2_msgs/easy_handeye2_msgs/srv/detail/take_sample__struct.h
[8.047s] -- Symlinking: /home/zzy/ur_real/install/easy_handeye2_msgs/include/easy_handeye2_msgs/easy_handeye2_msgs/srv/detail/take_sample__type_support.h
[8.054s] -- Symlinking: /home/zzy/ur_real/install/easy_handeye2_msgs/include/easy_handeye2_msgs/easy_handeye2_msgs/srv/enumerate_target_poses.h
[8.061s] -- Symlinking: /home/zzy/ur_real/install/easy_handeye2_msgs/include/easy_handeye2_msgs/easy_handeye2_msgs/srv/execute_plan.h
[8.067s] -- Symlinking: /home/zzy/ur_real/install/easy_handeye2_msgs/include/easy_handeye2_msgs/easy_handeye2_msgs/srv/list_algorithms.h
[8.074s] -- Symlinking: /home/zzy/ur_real/install/easy_handeye2_msgs/include/easy_handeye2_msgs/easy_handeye2_msgs/srv/load_samples.h
[8.079s] -- Symlinking: /home/zzy/ur_real/install/easy_handeye2_msgs/include/easy_handeye2_msgs/easy_handeye2_msgs/srv/plan_to_selected_target_pose.h
[8.084s] -- Symlinking: /home/zzy/ur_real/install/easy_handeye2_msgs/include/easy_handeye2_msgs/easy_handeye2_msgs/srv/remove_sample.h
[8.090s] -- Symlinking: /home/zzy/ur_real/install/easy_handeye2_msgs/include/easy_handeye2_msgs/easy_handeye2_msgs/srv/save_calibration.h
[8.097s] -- Symlinking: /home/zzy/ur_real/install/easy_handeye2_msgs/include/easy_handeye2_msgs/easy_handeye2_msgs/srv/save_samples.h
[8.103s] -- Symlinking: /home/zzy/ur_real/install/easy_handeye2_msgs/include/easy_handeye2_msgs/easy_handeye2_msgs/srv/select_target_pose.h
[8.109s] -- Symlinking: /home/zzy/ur_real/install/easy_handeye2_msgs/include/easy_handeye2_msgs/easy_handeye2_msgs/srv/set_algorithm.h
[8.115s] -- Symlinking: /home/zzy/ur_real/install/easy_handeye2_msgs/include/easy_handeye2_msgs/easy_handeye2_msgs/srv/take_sample.h
[8.121s] -- Symlinking: /home/zzy/ur_real/install/easy_handeye2_msgs/share/easy_handeye2_msgs/environment/library_path.sh
[8.127s] -- Symlinking: /home/zzy/ur_real/install/easy_handeye2_msgs/share/easy_handeye2_msgs/environment/library_path.dsv
[8.133s] -- Symlinking: /home/zzy/ur_real/install/easy_handeye2_msgs/include/easy_handeye2_msgs/easy_handeye2_msgs/msg/detail/handeye_calibration__rosidl_typesupport_fastrtps_c.h
[8.139s] -- Symlinking: /home/zzy/ur_real/install/easy_handeye2_msgs/include/easy_handeye2_msgs/easy_handeye2_msgs/msg/detail/handeye_calibration_parameters__rosidl_typesupport_fastrtps_c.h
[8.144s] -- Symlinking: /home/zzy/ur_real/install/easy_handeye2_msgs/include/easy_handeye2_msgs/easy_handeye2_msgs/msg/detail/sample__rosidl_typesupport_fastrtps_c.h
[8.149s] -- Symlinking: /home/zzy/ur_real/install/easy_handeye2_msgs/include/easy_handeye2_msgs/easy_handeye2_msgs/msg/detail/sample_list__rosidl_typesupport_fastrtps_c.h
[8.154s] -- Symlinking: /home/zzy/ur_real/install/easy_handeye2_msgs/include/easy_handeye2_msgs/easy_handeye2_msgs/msg/detail/target_pose_list__rosidl_typesupport_fastrtps_c.h
[8.160s] -- Symlinking: /home/zzy/ur_real/install/easy_handeye2_msgs/include/easy_handeye2_msgs/easy_handeye2_msgs/msg/rosidl_typesupport_fastrtps_c__visibility_control.h
[8.165s] -- Symlinking: /home/zzy/ur_real/install/easy_handeye2_msgs/include/easy_handeye2_msgs/easy_handeye2_msgs/srv/detail/check_starting_pose__rosidl_typesupport_fastrtps_c.h
[8.170s] -- Symlinking: /home/zzy/ur_real/install/easy_handeye2_msgs/include/easy_handeye2_msgs/easy_handeye2_msgs/srv/detail/compute_calibration__rosidl_typesupport_fastrtps_c.h
[8.175s] -- Symlinking: /home/zzy/ur_real/install/easy_handeye2_msgs/include/easy_handeye2_msgs/easy_handeye2_msgs/srv/detail/enumerate_target_poses__rosidl_typesupport_fastrtps_c.h
[8.181s] -- Symlinking: /home/zzy/ur_real/install/easy_handeye2_msgs/include/easy_handeye2_msgs/easy_handeye2_msgs/srv/detail/execute_plan__rosidl_typesupport_fastrtps_c.h
[8.187s] -- Symlinking: /home/zzy/ur_real/install/easy_handeye2_msgs/include/easy_handeye2_msgs/easy_handeye2_msgs/srv/detail/list_algorithms__rosidl_typesupport_fastrtps_c.h
[8.194s] -- Symlinking: /home/zzy/ur_real/install/easy_handeye2_msgs/include/easy_handeye2_msgs/easy_handeye2_msgs/srv/detail/load_samples__rosidl_typesupport_fastrtps_c.h
[8.201s] -- Symlinking: /home/zzy/ur_real/install/easy_handeye2_msgs/include/easy_handeye2_msgs/easy_handeye2_msgs/srv/detail/plan_to_selected_target_pose__rosidl_typesupport_fastrtps_c.h
[8.208s] -- Symlinking: /home/zzy/ur_real/install/easy_handeye2_msgs/include/easy_handeye2_msgs/easy_handeye2_msgs/srv/detail/remove_sample__rosidl_typesupport_fastrtps_c.h
[8.215s] -- Symlinking: /home/zzy/ur_real/install/easy_handeye2_msgs/include/easy_handeye2_msgs/easy_handeye2_msgs/srv/detail/save_calibration__rosidl_typesupport_fastrtps_c.h
[8.221s] -- Symlinking: /home/zzy/ur_real/install/easy_handeye2_msgs/include/easy_handeye2_msgs/easy_handeye2_msgs/srv/detail/save_samples__rosidl_typesupport_fastrtps_c.h
[8.228s] -- Symlinking: /home/zzy/ur_real/install/easy_handeye2_msgs/include/easy_handeye2_msgs/easy_handeye2_msgs/srv/detail/select_target_pose__rosidl_typesupport_fastrtps_c.h
[8.234s] -- Symlinking: /home/zzy/ur_real/install/easy_handeye2_msgs/include/easy_handeye2_msgs/easy_handeye2_msgs/srv/detail/set_algorithm__rosidl_typesupport_fastrtps_c.h
[8.239s] -- Symlinking: /home/zzy/ur_real/install/easy_handeye2_msgs/include/easy_handeye2_msgs/easy_handeye2_msgs/srv/detail/take_sample__rosidl_typesupport_fastrtps_c.h
[8.245s] -- Symlinking: /home/zzy/ur_real/install/easy_handeye2_msgs/include/easy_handeye2_msgs/easy_handeye2_msgs/msg/detail/handeye_calibration__rosidl_typesupport_introspection_c.h
[8.251s] -- Symlinking: /home/zzy/ur_real/install/easy_handeye2_msgs/include/easy_handeye2_msgs/easy_handeye2_msgs/msg/detail/handeye_calibration_parameters__rosidl_typesupport_introspection_c.h
[8.257s] -- Symlinking: /home/zzy/ur_real/install/easy_handeye2_msgs/include/easy_handeye2_msgs/easy_handeye2_msgs/msg/detail/sample__rosidl_typesupport_introspection_c.h
[8.267s] -- Symlinking: /home/zzy/ur_real/install/easy_handeye2_msgs/include/easy_handeye2_msgs/easy_handeye2_msgs/msg/detail/sample_list__rosidl_typesupport_introspection_c.h
[8.279s] -- Symlinking: /home/zzy/ur_real/install/easy_handeye2_msgs/include/easy_handeye2_msgs/easy_handeye2_msgs/msg/detail/target_pose_list__rosidl_typesupport_introspection_c.h
[8.286s] -- Symlinking: /home/zzy/ur_real/install/easy_handeye2_msgs/include/easy_handeye2_msgs/easy_handeye2_msgs/msg/rosidl_typesupport_introspection_c__visibility_control.h
[8.292s] -- Symlinking: /home/zzy/ur_real/install/easy_handeye2_msgs/include/easy_handeye2_msgs/easy_handeye2_msgs/srv/detail/check_starting_pose__rosidl_typesupport_introspection_c.h
[8.301s] -- Symlinking: /home/zzy/ur_real/install/easy_handeye2_msgs/include/easy_handeye2_msgs/easy_handeye2_msgs/srv/detail/compute_calibration__rosidl_typesupport_introspection_c.h
[8.312s] -- Symlinking: /home/zzy/ur_real/install/easy_handeye2_msgs/include/easy_handeye2_msgs/easy_handeye2_msgs/srv/detail/enumerate_target_poses__rosidl_typesupport_introspection_c.h
[8.323s] -- Symlinking: /home/zzy/ur_real/install/easy_handeye2_msgs/include/easy_handeye2_msgs/easy_handeye2_msgs/srv/detail/execute_plan__rosidl_typesupport_introspection_c.h
[8.333s] -- Symlinking: /home/zzy/ur_real/install/easy_handeye2_msgs/include/easy_handeye2_msgs/easy_handeye2_msgs/srv/detail/list_algorithms__rosidl_typesupport_introspection_c.h
[8.343s] -- Symlinking: /home/zzy/ur_real/install/easy_handeye2_msgs/include/easy_handeye2_msgs/easy_handeye2_msgs/srv/detail/load_samples__rosidl_typesupport_introspection_c.h
[8.353s] -- Symlinking: /home/zzy/ur_real/install/easy_handeye2_msgs/include/easy_handeye2_msgs/easy_handeye2_msgs/srv/detail/plan_to_selected_target_pose__rosidl_typesupport_introspection_c.h
[8.363s] -- Symlinking: /home/zzy/ur_real/install/easy_handeye2_msgs/include/easy_handeye2_msgs/easy_handeye2_msgs/srv/detail/remove_sample__rosidl_typesupport_introspection_c.h
[8.371s] -- Symlinking: /home/zzy/ur_real/install/easy_handeye2_msgs/include/easy_handeye2_msgs/easy_handeye2_msgs/srv/detail/save_calibration__rosidl_typesupport_introspection_c.h
[8.379s] -- Symlinking: /home/zzy/ur_real/install/easy_handeye2_msgs/include/easy_handeye2_msgs/easy_handeye2_msgs/srv/detail/save_samples__rosidl_typesupport_introspection_c.h
[8.387s] -- Symlinking: /home/zzy/ur_real/install/easy_handeye2_msgs/include/easy_handeye2_msgs/easy_handeye2_msgs/srv/detail/select_target_pose__rosidl_typesupport_introspection_c.h
[8.396s] -- Symlinking: /home/zzy/ur_real/install/easy_handeye2_msgs/include/easy_handeye2_msgs/easy_handeye2_msgs/srv/detail/set_algorithm__rosidl_typesupport_introspection_c.h
[8.405s] -- Symlinking: /home/zzy/ur_real/install/easy_handeye2_msgs/include/easy_handeye2_msgs/easy_handeye2_msgs/srv/detail/take_sample__rosidl_typesupport_introspection_c.h
[8.418s] -- Symlinking: /home/zzy/ur_real/install/easy_handeye2_msgs/include/easy_handeye2_msgs/easy_handeye2_msgs/msg/detail/handeye_calibration__builder.hpp
[8.430s] -- Symlinking: /home/zzy/ur_real/install/easy_handeye2_msgs/include/easy_handeye2_msgs/easy_handeye2_msgs/msg/detail/handeye_calibration__struct.hpp
[8.441s] -- Symlinking: /home/zzy/ur_real/install/easy_handeye2_msgs/include/easy_handeye2_msgs/easy_handeye2_msgs/msg/detail/handeye_calibration__traits.hpp
[8.455s] -- Symlinking: /home/zzy/ur_real/install/easy_handeye2_msgs/include/easy_handeye2_msgs/easy_handeye2_msgs/msg/detail/handeye_calibration_parameters__builder.hpp
[8.466s] -- Symlinking: /home/zzy/ur_real/install/easy_handeye2_msgs/include/easy_handeye2_msgs/easy_handeye2_msgs/msg/detail/handeye_calibration_parameters__struct.hpp
[8.473s] -- Symlinking: /home/zzy/ur_real/install/easy_handeye2_msgs/include/easy_handeye2_msgs/easy_handeye2_msgs/msg/detail/handeye_calibration_parameters__traits.hpp
[8.478s] -- Symlinking: /home/zzy/ur_real/install/easy_handeye2_msgs/include/easy_handeye2_msgs/easy_handeye2_msgs/msg/detail/sample__builder.hpp
[8.484s] -- Symlinking: /home/zzy/ur_real/install/easy_handeye2_msgs/include/easy_handeye2_msgs/easy_handeye2_msgs/msg/detail/sample__struct.hpp
[8.489s] -- Symlinking: /home/zzy/ur_real/install/easy_handeye2_msgs/include/easy_handeye2_msgs/easy_handeye2_msgs/msg/detail/sample__traits.hpp
[8.494s] -- Symlinking: /home/zzy/ur_real/install/easy_handeye2_msgs/include/easy_handeye2_msgs/easy_handeye2_msgs/msg/detail/sample_list__builder.hpp
[8.502s] -- Symlinking: /home/zzy/ur_real/install/easy_handeye2_msgs/include/easy_handeye2_msgs/easy_handeye2_msgs/msg/detail/sample_list__struct.hpp
[8.508s] -- Symlinking: /home/zzy/ur_real/install/easy_handeye2_msgs/include/easy_handeye2_msgs/easy_handeye2_msgs/msg/detail/sample_list__traits.hpp
[8.514s] -- Symlinking: /home/zzy/ur_real/install/easy_handeye2_msgs/include/easy_handeye2_msgs/easy_handeye2_msgs/msg/detail/target_pose_list__builder.hpp
[8.520s] -- Symlinking: /home/zzy/ur_real/install/easy_handeye2_msgs/include/easy_handeye2_msgs/easy_handeye2_msgs/msg/detail/target_pose_list__struct.hpp
[8.526s] -- Symlinking: /home/zzy/ur_real/install/easy_handeye2_msgs/include/easy_handeye2_msgs/easy_handeye2_msgs/msg/detail/target_pose_list__traits.hpp
[8.531s] -- Symlinking: /home/zzy/ur_real/install/easy_handeye2_msgs/include/easy_handeye2_msgs/easy_handeye2_msgs/msg/handeye_calibration.hpp
[8.536s] -- Symlinking: /home/zzy/ur_real/install/easy_handeye2_msgs/include/easy_handeye2_msgs/easy_handeye2_msgs/msg/handeye_calibration_parameters.hpp
[8.544s] -- Symlinking: /home/zzy/ur_real/install/easy_handeye2_msgs/include/easy_handeye2_msgs/easy_handeye2_msgs/msg/sample.hpp
[8.552s] -- Symlinking: /home/zzy/ur_real/install/easy_handeye2_msgs/include/easy_handeye2_msgs/easy_handeye2_msgs/msg/sample_list.hpp
[8.558s] -- Symlinking: /home/zzy/ur_real/install/easy_handeye2_msgs/include/easy_handeye2_msgs/easy_handeye2_msgs/msg/target_pose_list.hpp
[8.565s] -- Symlinking: /home/zzy/ur_real/install/easy_handeye2_msgs/include/easy_handeye2_msgs/easy_handeye2_msgs/srv/check_starting_pose.hpp
[8.572s] -- Symlinking: /home/zzy/ur_real/install/easy_handeye2_msgs/include/easy_handeye2_msgs/easy_handeye2_msgs/srv/compute_calibration.hpp
[8.579s] -- Symlinking: /home/zzy/ur_real/install/easy_handeye2_msgs/include/easy_handeye2_msgs/easy_handeye2_msgs/srv/detail/check_starting_pose__builder.hpp
[8.585s] -- Symlinking: /home/zzy/ur_real/install/easy_handeye2_msgs/include/easy_handeye2_msgs/easy_handeye2_msgs/srv/detail/check_starting_pose__struct.hpp
[8.592s] -- Symlinking: /home/zzy/ur_real/install/easy_handeye2_msgs/include/easy_handeye2_msgs/easy_handeye2_msgs/srv/detail/check_starting_pose__traits.hpp
[8.598s] -- Symlinking: /home/zzy/ur_real/install/easy_handeye2_msgs/include/easy_handeye2_msgs/easy_handeye2_msgs/srv/detail/compute_calibration__builder.hpp
[8.604s] -- Symlinking: /home/zzy/ur_real/install/easy_handeye2_msgs/include/easy_handeye2_msgs/easy_handeye2_msgs/srv/detail/compute_calibration__struct.hpp
[8.610s] -- Symlinking: /home/zzy/ur_real/install/easy_handeye2_msgs/include/easy_handeye2_msgs/easy_handeye2_msgs/srv/detail/compute_calibration__traits.hpp
[8.617s] -- Symlinking: /home/zzy/ur_real/install/easy_handeye2_msgs/include/easy_handeye2_msgs/easy_handeye2_msgs/srv/detail/enumerate_target_poses__builder.hpp
[8.624s] -- Symlinking: /home/zzy/ur_real/install/easy_handeye2_msgs/include/easy_handeye2_msgs/easy_handeye2_msgs/srv/detail/enumerate_target_poses__struct.hpp
[8.630s] -- Symlinking: /home/zzy/ur_real/install/easy_handeye2_msgs/include/easy_handeye2_msgs/easy_handeye2_msgs/srv/detail/enumerate_target_poses__traits.hpp
[8.636s] -- Symlinking: /home/zzy/ur_real/install/easy_handeye2_msgs/include/easy_handeye2_msgs/easy_handeye2_msgs/srv/detail/execute_plan__builder.hpp
[8.642s] -- Symlinking: /home/zzy/ur_real/install/easy_handeye2_msgs/include/easy_handeye2_msgs/easy_handeye2_msgs/srv/detail/execute_plan__struct.hpp
[8.648s] -- Symlinking: /home/zzy/ur_real/install/easy_handeye2_msgs/include/easy_handeye2_msgs/easy_handeye2_msgs/srv/detail/execute_plan__traits.hpp
[8.653s] -- Symlinking: /home/zzy/ur_real/install/easy_handeye2_msgs/include/easy_handeye2_msgs/easy_handeye2_msgs/srv/detail/list_algorithms__builder.hpp
[8.659s] -- Symlinking: /home/zzy/ur_real/install/easy_handeye2_msgs/include/easy_handeye2_msgs/easy_handeye2_msgs/srv/detail/list_algorithms__struct.hpp
[8.663s] -- Symlinking: /home/zzy/ur_real/install/easy_handeye2_msgs/include/easy_handeye2_msgs/easy_handeye2_msgs/srv/detail/list_algorithms__traits.hpp
[8.669s] -- Symlinking: /home/zzy/ur_real/install/easy_handeye2_msgs/include/easy_handeye2_msgs/easy_handeye2_msgs/srv/detail/load_samples__builder.hpp
[8.675s] -- Symlinking: /home/zzy/ur_real/install/easy_handeye2_msgs/include/easy_handeye2_msgs/easy_handeye2_msgs/srv/detail/load_samples__struct.hpp
[8.680s] -- Symlinking: /home/zzy/ur_real/install/easy_handeye2_msgs/include/easy_handeye2_msgs/easy_handeye2_msgs/srv/detail/load_samples__traits.hpp
[8.685s] -- Symlinking: /home/zzy/ur_real/install/easy_handeye2_msgs/include/easy_handeye2_msgs/easy_handeye2_msgs/srv/detail/plan_to_selected_target_pose__builder.hpp
[8.690s] -- Symlinking: /home/zzy/ur_real/install/easy_handeye2_msgs/include/easy_handeye2_msgs/easy_handeye2_msgs/srv/detail/plan_to_selected_target_pose__struct.hpp
[8.696s] -- Symlinking: /home/zzy/ur_real/install/easy_handeye2_msgs/include/easy_handeye2_msgs/easy_handeye2_msgs/srv/detail/plan_to_selected_target_pose__traits.hpp
[8.701s] -- Symlinking: /home/zzy/ur_real/install/easy_handeye2_msgs/include/easy_handeye2_msgs/easy_handeye2_msgs/srv/detail/remove_sample__builder.hpp
[8.707s] -- Symlinking: /home/zzy/ur_real/install/easy_handeye2_msgs/include/easy_handeye2_msgs/easy_handeye2_msgs/srv/detail/remove_sample__struct.hpp
[8.712s] -- Symlinking: /home/zzy/ur_real/install/easy_handeye2_msgs/include/easy_handeye2_msgs/easy_handeye2_msgs/srv/detail/remove_sample__traits.hpp
[8.718s] -- Symlinking: /home/zzy/ur_real/install/easy_handeye2_msgs/include/easy_handeye2_msgs/easy_handeye2_msgs/srv/detail/save_calibration__builder.hpp
[8.725s] -- Symlinking: /home/zzy/ur_real/install/easy_handeye2_msgs/include/easy_handeye2_msgs/easy_handeye2_msgs/srv/detail/save_calibration__struct.hpp
[8.734s] -- Symlinking: /home/zzy/ur_real/install/easy_handeye2_msgs/include/easy_handeye2_msgs/easy_handeye2_msgs/srv/detail/save_calibration__traits.hpp
[8.746s] -- Symlinking: /home/zzy/ur_real/install/easy_handeye2_msgs/include/easy_handeye2_msgs/easy_handeye2_msgs/srv/detail/save_samples__builder.hpp
[8.756s] -- Symlinking: /home/zzy/ur_real/install/easy_handeye2_msgs/include/easy_handeye2_msgs/easy_handeye2_msgs/srv/detail/save_samples__struct.hpp
[8.765s] -- Symlinking: /home/zzy/ur_real/install/easy_handeye2_msgs/include/easy_handeye2_msgs/easy_handeye2_msgs/srv/detail/save_samples__traits.hpp
[8.774s] -- Symlinking: /home/zzy/ur_real/install/easy_handeye2_msgs/include/easy_handeye2_msgs/easy_handeye2_msgs/srv/detail/select_target_pose__builder.hpp
[8.780s] -- Symlinking: /home/zzy/ur_real/install/easy_handeye2_msgs/include/easy_handeye2_msgs/easy_handeye2_msgs/srv/detail/select_target_pose__struct.hpp
[8.786s] -- Symlinking: /home/zzy/ur_real/install/easy_handeye2_msgs/include/easy_handeye2_msgs/easy_handeye2_msgs/srv/detail/select_target_pose__traits.hpp
[8.792s] -- Symlinking: /home/zzy/ur_real/install/easy_handeye2_msgs/include/easy_handeye2_msgs/easy_handeye2_msgs/srv/detail/set_algorithm__builder.hpp
[8.797s] -- Symlinking: /home/zzy/ur_real/install/easy_handeye2_msgs/include/easy_handeye2_msgs/easy_handeye2_msgs/srv/detail/set_algorithm__struct.hpp
[8.804s] -- Symlinking: /home/zzy/ur_real/install/easy_handeye2_msgs/include/easy_handeye2_msgs/easy_handeye2_msgs/srv/detail/set_algorithm__traits.hpp
[8.812s] -- Symlinking: /home/zzy/ur_real/install/easy_handeye2_msgs/include/easy_handeye2_msgs/easy_handeye2_msgs/srv/detail/take_sample__builder.hpp
[8.820s] -- Symlinking: /home/zzy/ur_real/install/easy_handeye2_msgs/include/easy_handeye2_msgs/easy_handeye2_msgs/srv/detail/take_sample__struct.hpp
[8.828s] -- Symlinking: /home/zzy/ur_real/install/easy_handeye2_msgs/include/easy_handeye2_msgs/easy_handeye2_msgs/srv/detail/take_sample__traits.hpp
[8.835s] -- Symlinking: /home/zzy/ur_real/install/easy_handeye2_msgs/include/easy_handeye2_msgs/easy_handeye2_msgs/srv/enumerate_target_poses.hpp
[8.841s] -- Symlinking: /home/zzy/ur_real/install/easy_handeye2_msgs/include/easy_handeye2_msgs/easy_handeye2_msgs/srv/execute_plan.hpp
[8.848s] -- Symlinking: /home/zzy/ur_real/install/easy_handeye2_msgs/include/easy_handeye2_msgs/easy_handeye2_msgs/srv/list_algorithms.hpp
[8.856s] -- Symlinking: /home/zzy/ur_real/install/easy_handeye2_msgs/include/easy_handeye2_msgs/easy_handeye2_msgs/srv/load_samples.hpp
[8.863s] -- Symlinking: /home/zzy/ur_real/install/easy_handeye2_msgs/include/easy_handeye2_msgs/easy_handeye2_msgs/srv/plan_to_selected_target_pose.hpp
[8.870s] -- Symlinking: /home/zzy/ur_real/install/easy_handeye2_msgs/include/easy_handeye2_msgs/easy_handeye2_msgs/srv/remove_sample.hpp
[8.876s] -- Symlinking: /home/zzy/ur_real/install/easy_handeye2_msgs/include/easy_handeye2_msgs/easy_handeye2_msgs/srv/save_calibration.hpp
[8.881s] -- Symlinking: /home/zzy/ur_real/install/easy_handeye2_msgs/include/easy_handeye2_msgs/easy_handeye2_msgs/srv/save_samples.hpp
[8.886s] -- Symlinking: /home/zzy/ur_real/install/easy_handeye2_msgs/include/easy_handeye2_msgs/easy_handeye2_msgs/srv/select_target_pose.hpp
[8.891s] -- Symlinking: /home/zzy/ur_real/install/easy_handeye2_msgs/include/easy_handeye2_msgs/easy_handeye2_msgs/srv/set_algorithm.hpp
[8.897s] -- Symlinking: /home/zzy/ur_real/install/easy_handeye2_msgs/include/easy_handeye2_msgs/easy_handeye2_msgs/srv/take_sample.hpp
[8.903s] -- Symlinking: /home/zzy/ur_real/install/easy_handeye2_msgs/include/easy_handeye2_msgs/easy_handeye2_msgs/msg/detail/handeye_calibration__rosidl_typesupport_fastrtps_cpp.hpp
[8.910s] -- Symlinking: /home/zzy/ur_real/install/easy_handeye2_msgs/include/easy_handeye2_msgs/easy_handeye2_msgs/msg/detail/handeye_calibration_parameters__rosidl_typesupport_fastrtps_cpp.hpp
[8.917s] -- Symlinking: /home/zzy/ur_real/install/easy_handeye2_msgs/include/easy_handeye2_msgs/easy_handeye2_msgs/msg/detail/sample__rosidl_typesupport_fastrtps_cpp.hpp
[8.923s] -- Symlinking: /home/zzy/ur_real/install/easy_handeye2_msgs/include/easy_handeye2_msgs/easy_handeye2_msgs/msg/detail/sample_list__rosidl_typesupport_fastrtps_cpp.hpp
[8.930s] -- Symlinking: /home/zzy/ur_real/install/easy_handeye2_msgs/include/easy_handeye2_msgs/easy_handeye2_msgs/msg/detail/target_pose_list__rosidl_typesupport_fastrtps_cpp.hpp
[8.936s] -- Symlinking: /home/zzy/ur_real/install/easy_handeye2_msgs/include/easy_handeye2_msgs/easy_handeye2_msgs/msg/rosidl_typesupport_fastrtps_cpp__visibility_control.h
[8.942s] -- Symlinking: /home/zzy/ur_real/install/easy_handeye2_msgs/include/easy_handeye2_msgs/easy_handeye2_msgs/srv/detail/check_starting_pose__rosidl_typesupport_fastrtps_cpp.hpp
[8.948s] -- Symlinking: /home/zzy/ur_real/install/easy_handeye2_msgs/include/easy_handeye2_msgs/easy_handeye2_msgs/srv/detail/compute_calibration__rosidl_typesupport_fastrtps_cpp.hpp
[8.959s] -- Symlinking: /home/zzy/ur_real/install/easy_handeye2_msgs/include/easy_handeye2_msgs/easy_handeye2_msgs/srv/detail/enumerate_target_poses__rosidl_typesupport_fastrtps_cpp.hpp
[8.968s] -- Symlinking: /home/zzy/ur_real/install/easy_handeye2_msgs/include/easy_handeye2_msgs/easy_handeye2_msgs/srv/detail/execute_plan__rosidl_typesupport_fastrtps_cpp.hpp
[8.975s] -- Symlinking: /home/zzy/ur_real/install/easy_handeye2_msgs/include/easy_handeye2_msgs/easy_handeye2_msgs/srv/detail/list_algorithms__rosidl_typesupport_fastrtps_cpp.hpp
[8.983s] -- Symlinking: /home/zzy/ur_real/install/easy_handeye2_msgs/include/easy_handeye2_msgs/easy_handeye2_msgs/srv/detail/load_samples__rosidl_typesupport_fastrtps_cpp.hpp
[8.990s] -- Symlinking: /home/zzy/ur_real/install/easy_handeye2_msgs/include/easy_handeye2_msgs/easy_handeye2_msgs/srv/detail/plan_to_selected_target_pose__rosidl_typesupport_fastrtps_cpp.hpp
[8.997s] -- Symlinking: /home/zzy/ur_real/install/easy_handeye2_msgs/include/easy_handeye2_msgs/easy_handeye2_msgs/srv/detail/remove_sample__rosidl_typesupport_fastrtps_cpp.hpp
[9.003s] -- Symlinking: /home/zzy/ur_real/install/easy_handeye2_msgs/include/easy_handeye2_msgs/easy_handeye2_msgs/srv/detail/save_calibration__rosidl_typesupport_fastrtps_cpp.hpp
[9.011s] -- Symlinking: /home/zzy/ur_real/install/easy_handeye2_msgs/include/easy_handeye2_msgs/easy_handeye2_msgs/srv/detail/save_samples__rosidl_typesupport_fastrtps_cpp.hpp
[9.017s] -- Symlinking: /home/zzy/ur_real/install/easy_handeye2_msgs/include/easy_handeye2_msgs/easy_handeye2_msgs/srv/detail/select_target_pose__rosidl_typesupport_fastrtps_cpp.hpp
[9.022s] -- Symlinking: /home/zzy/ur_real/install/easy_handeye2_msgs/include/easy_handeye2_msgs/easy_handeye2_msgs/srv/detail/set_algorithm__rosidl_typesupport_fastrtps_cpp.hpp
[9.031s] -- Symlinking: /home/zzy/ur_real/install/easy_handeye2_msgs/include/easy_handeye2_msgs/easy_handeye2_msgs/srv/detail/take_sample__rosidl_typesupport_fastrtps_cpp.hpp
[9.041s] -- Symlinking: /home/zzy/ur_real/install/easy_handeye2_msgs/include/easy_handeye2_msgs/easy_handeye2_msgs/msg/detail/handeye_calibration__rosidl_typesupport_introspection_cpp.hpp
[9.052s] -- Symlinking: /home/zzy/ur_real/install/easy_handeye2_msgs/include/easy_handeye2_msgs/easy_handeye2_msgs/msg/detail/handeye_calibration_parameters__rosidl_typesupport_introspection_cpp.hpp
[9.062s] -- Symlinking: /home/zzy/ur_real/install/easy_handeye2_msgs/include/easy_handeye2_msgs/easy_handeye2_msgs/msg/detail/sample__rosidl_typesupport_introspection_cpp.hpp
[9.071s] -- Symlinking: /home/zzy/ur_real/install/easy_handeye2_msgs/include/easy_handeye2_msgs/easy_handeye2_msgs/msg/detail/sample_list__rosidl_typesupport_introspection_cpp.hpp
[9.080s] -- Symlinking: /home/zzy/ur_real/install/easy_handeye2_msgs/include/easy_handeye2_msgs/easy_handeye2_msgs/msg/detail/target_pose_list__rosidl_typesupport_introspection_cpp.hpp
[9.085s] -- Symlinking: /home/zzy/ur_real/install/easy_handeye2_msgs/include/easy_handeye2_msgs/easy_handeye2_msgs/srv/detail/check_starting_pose__rosidl_typesupport_introspection_cpp.hpp
[9.091s] -- Symlinking: /home/zzy/ur_real/install/easy_handeye2_msgs/include/easy_handeye2_msgs/easy_handeye2_msgs/srv/detail/compute_calibration__rosidl_typesupport_introspection_cpp.hpp
[9.099s] -- Symlinking: /home/zzy/ur_real/install/easy_handeye2_msgs/include/easy_handeye2_msgs/easy_handeye2_msgs/srv/detail/enumerate_target_poses__rosidl_typesupport_introspection_cpp.hpp
[9.110s] -- Symlinking: /home/zzy/ur_real/install/easy_handeye2_msgs/include/easy_handeye2_msgs/easy_handeye2_msgs/srv/detail/execute_plan__rosidl_typesupport_introspection_cpp.hpp
[9.122s] -- Symlinking: /home/zzy/ur_real/install/easy_handeye2_msgs/include/easy_handeye2_msgs/easy_handeye2_msgs/srv/detail/list_algorithms__rosidl_typesupport_introspection_cpp.hpp
[9.133s] -- Symlinking: /home/zzy/ur_real/install/easy_handeye2_msgs/include/easy_handeye2_msgs/easy_handeye2_msgs/srv/detail/load_samples__rosidl_typesupport_introspection_cpp.hpp
[9.142s] -- Symlinking: /home/zzy/ur_real/install/easy_handeye2_msgs/include/easy_handeye2_msgs/easy_handeye2_msgs/srv/detail/plan_to_selected_target_pose__rosidl_typesupport_introspection_cpp.hpp
[9.151s] -- Symlinking: /home/zzy/ur_real/install/easy_handeye2_msgs/include/easy_handeye2_msgs/easy_handeye2_msgs/srv/detail/remove_sample__rosidl_typesupport_introspection_cpp.hpp
[9.160s] -- Symlinking: /home/zzy/ur_real/install/easy_handeye2_msgs/include/easy_handeye2_msgs/easy_handeye2_msgs/srv/detail/save_calibration__rosidl_typesupport_introspection_cpp.hpp
[9.167s] -- Symlinking: /home/zzy/ur_real/install/easy_handeye2_msgs/include/easy_handeye2_msgs/easy_handeye2_msgs/srv/detail/save_samples__rosidl_typesupport_introspection_cpp.hpp
[9.174s] -- Symlinking: /home/zzy/ur_real/install/easy_handeye2_msgs/include/easy_handeye2_msgs/easy_handeye2_msgs/srv/detail/select_target_pose__rosidl_typesupport_introspection_cpp.hpp
[9.180s] -- Symlinking: /home/zzy/ur_real/install/easy_handeye2_msgs/include/easy_handeye2_msgs/easy_handeye2_msgs/srv/detail/set_algorithm__rosidl_typesupport_introspection_cpp.hpp
[9.185s] -- Symlinking: /home/zzy/ur_real/install/easy_handeye2_msgs/include/easy_handeye2_msgs/easy_handeye2_msgs/srv/detail/take_sample__rosidl_typesupport_introspection_cpp.hpp
[9.193s] -- Symlinking: /home/zzy/ur_real/install/easy_handeye2_msgs/share/easy_handeye2_msgs/environment/pythonpath.sh
[9.201s] -- Symlinking: /home/zzy/ur_real/install/easy_handeye2_msgs/share/easy_handeye2_msgs/environment/pythonpath.dsv
[9.209s] -- Symlinking: /home/zzy/ur_real/install/easy_handeye2_msgs/local/lib/python3.10/dist-packages/easy_handeye2_msgs-0.5.0-py3.10.egg-info/PKG-INFO
[9.218s] -- Symlinking: /home/zzy/ur_real/install/easy_handeye2_msgs/local/lib/python3.10/dist-packages/easy_handeye2_msgs-0.5.0-py3.10.egg-info/SOURCES.txt
[9.226s] -- Symlinking: /home/zzy/ur_real/install/easy_handeye2_msgs/local/lib/python3.10/dist-packages/easy_handeye2_msgs-0.5.0-py3.10.egg-info/dependency_links.txt
[9.233s] -- Symlinking: /home/zzy/ur_real/install/easy_handeye2_msgs/local/lib/python3.10/dist-packages/easy_handeye2_msgs-0.5.0-py3.10.egg-info/top_level.txt
[9.241s] -- Symlinking: /home/zzy/ur_real/install/easy_handeye2_msgs/local/lib/python3.10/dist-packages/easy_handeye2_msgs/__init__.py
[9.250s] -- Symlinking: /home/zzy/ur_real/install/easy_handeye2_msgs/local/lib/python3.10/dist-packages/easy_handeye2_msgs/_easy_handeye2_msgs_s.ep.rosidl_typesupport_c.c
[9.257s] -- Symlinking: /home/zzy/ur_real/install/easy_handeye2_msgs/local/lib/python3.10/dist-packages/easy_handeye2_msgs/_easy_handeye2_msgs_s.ep.rosidl_typesupport_fastrtps_c.c
[9.264s] -- Symlinking: /home/zzy/ur_real/install/easy_handeye2_msgs/local/lib/python3.10/dist-packages/easy_handeye2_msgs/_easy_handeye2_msgs_s.ep.rosidl_typesupport_introspection_c.c
[9.269s] -- Symlinking: /home/zzy/ur_real/install/easy_handeye2_msgs/local/lib/python3.10/dist-packages/easy_handeye2_msgs/easy_handeye2_msgs_s__rosidl_typesupport_c.cpython-310-x86_64-linux-gnu.so
[9.276s] -- Symlinking: /home/zzy/ur_real/install/easy_handeye2_msgs/local/lib/python3.10/dist-packages/easy_handeye2_msgs/easy_handeye2_msgs_s__rosidl_typesupport_fastrtps_c.cpython-310-x86_64-linux-gnu.so
[9.283s] -- Symlinking: /home/zzy/ur_real/install/easy_handeye2_msgs/local/lib/python3.10/dist-packages/easy_handeye2_msgs/easy_handeye2_msgs_s__rosidl_typesupport_introspection_c.cpython-310-x86_64-linux-gnu.so
[9.290s] -- Symlinking: /home/zzy/ur_real/install/easy_handeye2_msgs/local/lib/python3.10/dist-packages/easy_handeye2_msgs/libeasy_handeye2_msgs__rosidl_generator_py.so
[9.297s] -- Symlinking: /home/zzy/ur_real/install/easy_handeye2_msgs/local/lib/python3.10/dist-packages/easy_handeye2_msgs/msg/__init__.py
[9.304s] -- Symlinking: /home/zzy/ur_real/install/easy_handeye2_msgs/local/lib/python3.10/dist-packages/easy_handeye2_msgs/msg/_handeye_calibration.py
[9.310s] -- Symlinking: /home/zzy/ur_real/install/easy_handeye2_msgs/local/lib/python3.10/dist-packages/easy_handeye2_msgs/msg/_handeye_calibration_parameters.py
[9.316s] -- Symlinking: /home/zzy/ur_real/install/easy_handeye2_msgs/local/lib/python3.10/dist-packages/easy_handeye2_msgs/msg/_handeye_calibration_parameters_s.c
[9.321s] -- Symlinking: /home/zzy/ur_real/install/easy_handeye2_msgs/local/lib/python3.10/dist-packages/easy_handeye2_msgs/msg/_handeye_calibration_s.c
[9.327s] -- Symlinking: /home/zzy/ur_real/install/easy_handeye2_msgs/local/lib/python3.10/dist-packages/easy_handeye2_msgs/msg/_sample.py
[9.332s] -- Symlinking: /home/zzy/ur_real/install/easy_handeye2_msgs/local/lib/python3.10/dist-packages/easy_handeye2_msgs/msg/_sample_list.py
[9.337s] -- Symlinking: /home/zzy/ur_real/install/easy_handeye2_msgs/local/lib/python3.10/dist-packages/easy_handeye2_msgs/msg/_sample_list_s.c
[9.342s] -- Symlinking: /home/zzy/ur_real/install/easy_handeye2_msgs/local/lib/python3.10/dist-packages/easy_handeye2_msgs/msg/_sample_s.c
[9.348s] -- Symlinking: /home/zzy/ur_real/install/easy_handeye2_msgs/local/lib/python3.10/dist-packages/easy_handeye2_msgs/msg/_target_pose_list.py
[9.353s] -- Symlinking: /home/zzy/ur_real/install/easy_handeye2_msgs/local/lib/python3.10/dist-packages/easy_handeye2_msgs/msg/_target_pose_list_s.c
[9.358s] -- Symlinking: /home/zzy/ur_real/install/easy_handeye2_msgs/local/lib/python3.10/dist-packages/easy_handeye2_msgs/srv/__init__.py
[9.363s] -- Symlinking: /home/zzy/ur_real/install/easy_handeye2_msgs/local/lib/python3.10/dist-packages/easy_handeye2_msgs/srv/_check_starting_pose.py
[9.368s] -- Symlinking: /home/zzy/ur_real/install/easy_handeye2_msgs/local/lib/python3.10/dist-packages/easy_handeye2_msgs/srv/_check_starting_pose_s.c
[9.373s] -- Symlinking: /home/zzy/ur_real/install/easy_handeye2_msgs/local/lib/python3.10/dist-packages/easy_handeye2_msgs/srv/_compute_calibration.py
[9.379s] -- Symlinking: /home/zzy/ur_real/install/easy_handeye2_msgs/local/lib/python3.10/dist-packages/easy_handeye2_msgs/srv/_compute_calibration_s.c
[9.384s] -- Symlinking: /home/zzy/ur_real/install/easy_handeye2_msgs/local/lib/python3.10/dist-packages/easy_handeye2_msgs/srv/_enumerate_target_poses.py
[9.390s] -- Symlinking: /home/zzy/ur_real/install/easy_handeye2_msgs/local/lib/python3.10/dist-packages/easy_handeye2_msgs/srv/_enumerate_target_poses_s.c
[9.396s] -- Symlinking: /home/zzy/ur_real/install/easy_handeye2_msgs/local/lib/python3.10/dist-packages/easy_handeye2_msgs/srv/_execute_plan.py
[9.401s] -- Symlinking: /home/zzy/ur_real/install/easy_handeye2_msgs/local/lib/python3.10/dist-packages/easy_handeye2_msgs/srv/_execute_plan_s.c
[9.407s] -- Symlinking: /home/zzy/ur_real/install/easy_handeye2_msgs/local/lib/python3.10/dist-packages/easy_handeye2_msgs/srv/_list_algorithms.py
[9.413s] -- Symlinking: /home/zzy/ur_real/install/easy_handeye2_msgs/local/lib/python3.10/dist-packages/easy_handeye2_msgs/srv/_list_algorithms_s.c
[9.418s] -- Symlinking: /home/zzy/ur_real/install/easy_handeye2_msgs/local/lib/python3.10/dist-packages/easy_handeye2_msgs/srv/_load_samples.py
[9.423s] -- Symlinking: /home/zzy/ur_real/install/easy_handeye2_msgs/local/lib/python3.10/dist-packages/easy_handeye2_msgs/srv/_load_samples_s.c
[9.428s] -- Symlinking: /home/zzy/ur_real/install/easy_handeye2_msgs/local/lib/python3.10/dist-packages/easy_handeye2_msgs/srv/_plan_to_selected_target_pose.py
[9.433s] -- Symlinking: /home/zzy/ur_real/install/easy_handeye2_msgs/local/lib/python3.10/dist-packages/easy_handeye2_msgs/srv/_plan_to_selected_target_pose_s.c
[9.441s] -- Symlinking: /home/zzy/ur_real/install/easy_handeye2_msgs/local/lib/python3.10/dist-packages/easy_handeye2_msgs/srv/_remove_sample.py
[9.449s] -- Symlinking: /home/zzy/ur_real/install/easy_handeye2_msgs/local/lib/python3.10/dist-packages/easy_handeye2_msgs/srv/_remove_sample_s.c
[9.456s] -- Symlinking: /home/zzy/ur_real/install/easy_handeye2_msgs/local/lib/python3.10/dist-packages/easy_handeye2_msgs/srv/_save_calibration.py
[9.464s] -- Symlinking: /home/zzy/ur_real/install/easy_handeye2_msgs/local/lib/python3.10/dist-packages/easy_handeye2_msgs/srv/_save_calibration_s.c
[9.470s] -- Symlinking: /home/zzy/ur_real/install/easy_handeye2_msgs/local/lib/python3.10/dist-packages/easy_handeye2_msgs/srv/_save_samples.py
[9.477s] -- Symlinking: /home/zzy/ur_real/install/easy_handeye2_msgs/local/lib/python3.10/dist-packages/easy_handeye2_msgs/srv/_save_samples_s.c
[9.483s] -- Symlinking: /home/zzy/ur_real/install/easy_handeye2_msgs/local/lib/python3.10/dist-packages/easy_handeye2_msgs/srv/_select_target_pose.py
[9.488s] -- Symlinking: /home/zzy/ur_real/install/easy_handeye2_msgs/local/lib/python3.10/dist-packages/easy_handeye2_msgs/srv/_select_target_pose_s.c
[9.494s] -- Symlinking: /home/zzy/ur_real/install/easy_handeye2_msgs/local/lib/python3.10/dist-packages/easy_handeye2_msgs/srv/_set_algorithm.py
[9.501s] -- Symlinking: /home/zzy/ur_real/install/easy_handeye2_msgs/local/lib/python3.10/dist-packages/easy_handeye2_msgs/srv/_set_algorithm_s.c
[9.508s] -- Symlinking: /home/zzy/ur_real/install/easy_handeye2_msgs/local/lib/python3.10/dist-packages/easy_handeye2_msgs/srv/_take_sample.py
[9.514s] -- Symlinking: /home/zzy/ur_real/install/easy_handeye2_msgs/local/lib/python3.10/dist-packages/easy_handeye2_msgs/srv/_take_sample_s.c
[9.520s] -- Up-to-date symlink: /home/zzy/ur_real/install/easy_handeye2_msgs/local/lib/python3.10/dist-packages/easy_handeye2_msgs/easy_handeye2_msgs_s__rosidl_typesupport_fastrtps_c.cpython-310-x86_64-linux-gnu.so
[9.520s] -- Up-to-date symlink: /home/zzy/ur_real/install/easy_handeye2_msgs/local/lib/python3.10/dist-packages/easy_handeye2_msgs/easy_handeye2_msgs_s__rosidl_typesupport_introspection_c.cpython-310-x86_64-linux-gnu.so
[9.520s] -- Up-to-date symlink: /home/zzy/ur_real/install/easy_handeye2_msgs/local/lib/python3.10/dist-packages/easy_handeye2_msgs/easy_handeye2_msgs_s__rosidl_typesupport_c.cpython-310-x86_64-linux-gnu.so
[9.520s] -- Symlinking: /home/zzy/ur_real/install/easy_handeye2_msgs/share/easy_handeye2_msgs/msg/HandeyeCalibration.idl
[9.525s] -- Symlinking: /home/zzy/ur_real/install/easy_handeye2_msgs/share/easy_handeye2_msgs/msg/HandeyeCalibrationParameters.idl
[9.531s] -- Symlinking: /home/zzy/ur_real/install/easy_handeye2_msgs/share/easy_handeye2_msgs/msg/Sample.idl
[9.536s] -- Symlinking: /home/zzy/ur_real/install/easy_handeye2_msgs/share/easy_handeye2_msgs/msg/SampleList.idl
[9.542s] -- Symlinking: /home/zzy/ur_real/install/easy_handeye2_msgs/share/easy_handeye2_msgs/msg/TargetPoseList.idl
[9.548s] -- Symlinking: /home/zzy/ur_real/install/easy_handeye2_msgs/share/easy_handeye2_msgs/srv/ListAlgorithms.idl
[9.554s] -- Symlinking: /home/zzy/ur_real/install/easy_handeye2_msgs/share/easy_handeye2_msgs/srv/SetAlgorithm.idl
[9.559s] -- Symlinking: /home/zzy/ur_real/install/easy_handeye2_msgs/share/easy_handeye2_msgs/srv/ComputeCalibration.idl
[9.566s] -- Symlinking: /home/zzy/ur_real/install/easy_handeye2_msgs/share/easy_handeye2_msgs/srv/SaveCalibration.idl
[9.575s] -- Symlinking: /home/zzy/ur_real/install/easy_handeye2_msgs/share/easy_handeye2_msgs/srv/RemoveSample.idl
[9.585s] -- Symlinking: /home/zzy/ur_real/install/easy_handeye2_msgs/share/easy_handeye2_msgs/srv/TakeSample.idl
[9.594s] -- Symlinking: /home/zzy/ur_real/install/easy_handeye2_msgs/share/easy_handeye2_msgs/srv/SaveSamples.idl
[9.603s] -- Symlinking: /home/zzy/ur_real/install/easy_handeye2_msgs/share/easy_handeye2_msgs/srv/LoadSamples.idl
[9.613s] -- Symlinking: /home/zzy/ur_real/install/easy_handeye2_msgs/share/easy_handeye2_msgs/srv/CheckStartingPose.idl
[9.620s] -- Symlinking: /home/zzy/ur_real/install/easy_handeye2_msgs/share/easy_handeye2_msgs/srv/EnumerateTargetPoses.idl
[9.628s] -- Symlinking: /home/zzy/ur_real/install/easy_handeye2_msgs/share/easy_handeye2_msgs/srv/SelectTargetPose.idl
[9.635s] -- Symlinking: /home/zzy/ur_real/install/easy_handeye2_msgs/share/easy_handeye2_msgs/srv/PlanToSelectedTargetPose.idl
[9.646s] -- Symlinking: /home/zzy/ur_real/install/easy_handeye2_msgs/share/easy_handeye2_msgs/srv/ExecutePlan.idl
[9.655s] -- Symlinking: /home/zzy/ur_real/install/easy_handeye2_msgs/share/easy_handeye2_msgs/msg/HandeyeCalibration.msg
[9.665s] -- Symlinking: /home/zzy/ur_real/install/easy_handeye2_msgs/share/easy_handeye2_msgs/msg/HandeyeCalibrationParameters.msg
[9.674s] -- Symlinking: /home/zzy/ur_real/install/easy_handeye2_msgs/share/easy_handeye2_msgs/msg/Sample.msg
[9.681s] -- Symlinking: /home/zzy/ur_real/install/easy_handeye2_msgs/share/easy_handeye2_msgs/msg/SampleList.msg
[9.689s] -- Symlinking: /home/zzy/ur_real/install/easy_handeye2_msgs/share/easy_handeye2_msgs/msg/TargetPoseList.msg
[9.696s] -- Symlinking: /home/zzy/ur_real/install/easy_handeye2_msgs/share/easy_handeye2_msgs/calibration/ListAlgorithms.srv
[9.704s] -- Symlinking: /home/zzy/ur_real/install/easy_handeye2_msgs/share/easy_handeye2_msgs/calibration/ListAlgorithms_Request.msg
[9.712s] -- Symlinking: /home/zzy/ur_real/install/easy_handeye2_msgs/share/easy_handeye2_msgs/calibration/ListAlgorithms_Response.msg
[9.719s] -- Symlinking: /home/zzy/ur_real/install/easy_handeye2_msgs/share/easy_handeye2_msgs/calibration/SetAlgorithm.srv
[9.727s] -- Symlinking: /home/zzy/ur_real/install/easy_handeye2_msgs/share/easy_handeye2_msgs/calibration/SetAlgorithm_Request.msg
[9.732s] -- Symlinking: /home/zzy/ur_real/install/easy_handeye2_msgs/share/easy_handeye2_msgs/calibration/SetAlgorithm_Response.msg
[9.737s] -- Symlinking: /home/zzy/ur_real/install/easy_handeye2_msgs/share/easy_handeye2_msgs/calibration/ComputeCalibration.srv
[9.744s] -- Symlinking: /home/zzy/ur_real/install/easy_handeye2_msgs/share/easy_handeye2_msgs/calibration/ComputeCalibration_Request.msg
[9.750s] -- Symlinking: /home/zzy/ur_real/install/easy_handeye2_msgs/share/easy_handeye2_msgs/calibration/ComputeCalibration_Response.msg
[9.756s] -- Symlinking: /home/zzy/ur_real/install/easy_handeye2_msgs/share/easy_handeye2_msgs/calibration/SaveCalibration.srv
[9.763s] -- Symlinking: /home/zzy/ur_real/install/easy_handeye2_msgs/share/easy_handeye2_msgs/calibration/SaveCalibration_Request.msg
[9.769s] -- Symlinking: /home/zzy/ur_real/install/easy_handeye2_msgs/share/easy_handeye2_msgs/calibration/SaveCalibration_Response.msg
[9.775s] -- Symlinking: /home/zzy/ur_real/install/easy_handeye2_msgs/share/easy_handeye2_msgs/calibration/RemoveSample.srv
[9.780s] -- Symlinking: /home/zzy/ur_real/install/easy_handeye2_msgs/share/easy_handeye2_msgs/calibration/RemoveSample_Request.msg
[9.785s] -- Symlinking: /home/zzy/ur_real/install/easy_handeye2_msgs/share/easy_handeye2_msgs/calibration/RemoveSample_Response.msg
[9.790s] -- Symlinking: /home/zzy/ur_real/install/easy_handeye2_msgs/share/easy_handeye2_msgs/calibration/TakeSample.srv
[9.797s] -- Symlinking: /home/zzy/ur_real/install/easy_handeye2_msgs/share/easy_handeye2_msgs/calibration/TakeSample_Request.msg
[9.803s] -- Symlinking: /home/zzy/ur_real/install/easy_handeye2_msgs/share/easy_handeye2_msgs/calibration/TakeSample_Response.msg
[9.809s] -- Symlinking: /home/zzy/ur_real/install/easy_handeye2_msgs/share/easy_handeye2_msgs/calibration/SaveSamples.srv
[9.816s] -- Symlinking: /home/zzy/ur_real/install/easy_handeye2_msgs/share/easy_handeye2_msgs/calibration/SaveSamples_Request.msg
[9.822s] -- Symlinking: /home/zzy/ur_real/install/easy_handeye2_msgs/share/easy_handeye2_msgs/calibration/SaveSamples_Response.msg
[9.829s] -- Symlinking: /home/zzy/ur_real/install/easy_handeye2_msgs/share/easy_handeye2_msgs/calibration/LoadSamples.srv
[9.834s] -- Symlinking: /home/zzy/ur_real/install/easy_handeye2_msgs/share/easy_handeye2_msgs/calibration/LoadSamples_Request.msg
[9.841s] -- Symlinking: /home/zzy/ur_real/install/easy_handeye2_msgs/share/easy_handeye2_msgs/calibration/LoadSamples_Response.msg
[9.847s] -- Symlinking: /home/zzy/ur_real/install/easy_handeye2_msgs/share/easy_handeye2_msgs/robot_movements/CheckStartingPose.srv
[9.853s] -- Symlinking: /home/zzy/ur_real/install/easy_handeye2_msgs/share/easy_handeye2_msgs/robot_movements/CheckStartingPose_Request.msg
[9.859s] -- Symlinking: /home/zzy/ur_real/install/easy_handeye2_msgs/share/easy_handeye2_msgs/robot_movements/CheckStartingPose_Response.msg
[9.865s] -- Symlinking: /home/zzy/ur_real/install/easy_handeye2_msgs/share/easy_handeye2_msgs/robot_movements/EnumerateTargetPoses.srv
[9.871s] -- Symlinking: /home/zzy/ur_real/install/easy_handeye2_msgs/share/easy_handeye2_msgs/robot_movements/EnumerateTargetPoses_Request.msg
[9.879s] -- Symlinking: /home/zzy/ur_real/install/easy_handeye2_msgs/share/easy_handeye2_msgs/robot_movements/EnumerateTargetPoses_Response.msg
[9.885s] -- Symlinking: /home/zzy/ur_real/install/easy_handeye2_msgs/share/easy_handeye2_msgs/robot_movements/SelectTargetPose.srv
[9.891s] -- Symlinking: /home/zzy/ur_real/install/easy_handeye2_msgs/share/easy_handeye2_msgs/robot_movements/SelectTargetPose_Request.msg
[9.897s] -- Symlinking: /home/zzy/ur_real/install/easy_handeye2_msgs/share/easy_handeye2_msgs/robot_movements/SelectTargetPose_Response.msg
[9.933s] -- Symlinking: /home/zzy/ur_real/install/easy_handeye2_msgs/share/easy_handeye2_msgs/robot_movements/PlanToSelectedTargetPose.srv
[9.946s] -- Symlinking: /home/zzy/ur_real/install/easy_handeye2_msgs/share/easy_handeye2_msgs/robot_movements/PlanToSelectedTargetPose_Request.msg
[9.954s] -- Symlinking: /home/zzy/ur_real/install/easy_handeye2_msgs/share/easy_handeye2_msgs/robot_movements/PlanToSelectedTargetPose_Response.msg
[9.960s] -- Symlinking: /home/zzy/ur_real/install/easy_handeye2_msgs/share/easy_handeye2_msgs/robot_movements/ExecutePlan.srv
[9.967s] -- Symlinking: /home/zzy/ur_real/install/easy_handeye2_msgs/share/easy_handeye2_msgs/robot_movements/ExecutePlan_Request.msg
[9.972s] -- Symlinking: /home/zzy/ur_real/install/easy_handeye2_msgs/share/easy_handeye2_msgs/robot_movements/ExecutePlan_Response.msg
[9.977s] -- Symlinking: /home/zzy/ur_real/install/easy_handeye2_msgs/share/ament_index/resource_index/package_run_dependencies/easy_handeye2_msgs
[9.983s] -- Symlinking: /home/zzy/ur_real/install/easy_handeye2_msgs/share/ament_index/resource_index/parent_prefix_path/easy_handeye2_msgs
[9.993s] -- Symlinking: /home/zzy/ur_real/install/easy_handeye2_msgs/share/easy_handeye2_msgs/environment/ament_prefix_path.sh
[10.001s] -- Symlinking: /home/zzy/ur_real/install/easy_handeye2_msgs/share/easy_handeye2_msgs/environment/ament_prefix_path.dsv
[10.010s] -- Symlinking: /home/zzy/ur_real/install/easy_handeye2_msgs/share/easy_handeye2_msgs/environment/path.sh
[10.017s] -- Symlinking: /home/zzy/ur_real/install/easy_handeye2_msgs/share/easy_handeye2_msgs/environment/path.dsv
[10.024s] -- Symlinking: /home/zzy/ur_real/install/easy_handeye2_msgs/share/easy_handeye2_msgs/local_setup.bash
[10.030s] -- Symlinking: /home/zzy/ur_real/install/easy_handeye2_msgs/share/easy_handeye2_msgs/local_setup.sh
[10.036s] -- Symlinking: /home/zzy/ur_real/install/easy_handeye2_msgs/share/easy_handeye2_msgs/local_setup.zsh
[10.042s] -- Symlinking: /home/zzy/ur_real/install/easy_handeye2_msgs/share/easy_handeye2_msgs/local_setup.dsv
[10.049s] -- Symlinking: /home/zzy/ur_real/install/easy_handeye2_msgs/share/easy_handeye2_msgs/package.dsv
[10.055s] -- Symlinking: /home/zzy/ur_real/install/easy_handeye2_msgs/share/ament_index/resource_index/packages/easy_handeye2_msgs
[10.060s] -- Symlinking: /home/zzy/ur_real/install/easy_handeye2_msgs/share/easy_handeye2_msgs/cmake/rosidl_cmake-extras.cmake
[10.066s] -- Symlinking: /home/zzy/ur_real/install/easy_handeye2_msgs/share/easy_handeye2_msgs/cmake/ament_cmake_export_dependencies-extras.cmake
[10.072s] -- Symlinking: /home/zzy/ur_real/install/easy_handeye2_msgs/share/easy_handeye2_msgs/cmake/ament_cmake_export_include_directories-extras.cmake
[10.077s] -- Symlinking: /home/zzy/ur_real/install/easy_handeye2_msgs/share/easy_handeye2_msgs/cmake/ament_cmake_export_libraries-extras.cmake
[10.083s] -- Symlinking: /home/zzy/ur_real/install/easy_handeye2_msgs/share/easy_handeye2_msgs/cmake/ament_cmake_export_targets-extras.cmake
[10.089s] -- Symlinking: /home/zzy/ur_real/install/easy_handeye2_msgs/share/easy_handeye2_msgs/cmake/rosidl_cmake_export_typesupport_targets-extras.cmake
[10.094s] -- Symlinking: /home/zzy/ur_real/install/easy_handeye2_msgs/share/easy_handeye2_msgs/cmake/rosidl_cmake_export_typesupport_libraries-extras.cmake
[10.099s] -- Symlinking: /home/zzy/ur_real/install/easy_handeye2_msgs/share/easy_handeye2_msgs/cmake/easy_handeye2_msgsConfig.cmake
[10.105s] -- Symlinking: /home/zzy/ur_real/install/easy_handeye2_msgs/share/easy_handeye2_msgs/cmake/easy_handeye2_msgsConfig-version.cmake
[10.115s] -- Symlinking: /home/zzy/ur_real/install/easy_handeye2_msgs/share/easy_handeye2_msgs/package.xml
[10.125s] -- Installing: /home/zzy/ur_real/install/easy_handeye2_msgs/lib/libeasy_handeye2_msgs__rosidl_generator_c.so
[10.125s] -- Set runtime path of "/home/zzy/ur_real/install/easy_handeye2_msgs/lib/libeasy_handeye2_msgs__rosidl_generator_c.so" to ""
[10.126s] -- Installing: /home/zzy/ur_real/install/easy_handeye2_msgs/lib/libeasy_handeye2_msgs__rosidl_typesupport_fastrtps_c.so
[10.126s] -- Set runtime path of "/home/zzy/ur_real/install/easy_handeye2_msgs/lib/libeasy_handeye2_msgs__rosidl_typesupport_fastrtps_c.so" to ""
[10.126s] -- Installing: /home/zzy/ur_real/install/easy_handeye2_msgs/lib/libeasy_handeye2_msgs__rosidl_typesupport_introspection_c.so
[10.126s] -- Set runtime path of "/home/zzy/ur_real/install/easy_handeye2_msgs/lib/libeasy_handeye2_msgs__rosidl_typesupport_introspection_c.so" to ""
[10.126s] -- Installing: /home/zzy/ur_real/install/easy_handeye2_msgs/lib/libeasy_handeye2_msgs__rosidl_typesupport_c.so
[10.126s] -- Set runtime path of "/home/zzy/ur_real/install/easy_handeye2_msgs/lib/libeasy_handeye2_msgs__rosidl_typesupport_c.so" to ""
[10.126s] -- Installing: /home/zzy/ur_real/install/easy_handeye2_msgs/lib/libeasy_handeye2_msgs__rosidl_typesupport_fastrtps_cpp.so
[10.126s] -- Set runtime path of "/home/zzy/ur_real/install/easy_handeye2_msgs/lib/libeasy_handeye2_msgs__rosidl_typesupport_fastrtps_cpp.so" to ""
[10.127s] -- Installing: /home/zzy/ur_real/install/easy_handeye2_msgs/lib/libeasy_handeye2_msgs__rosidl_typesupport_introspection_cpp.so
[10.127s] -- Set runtime path of "/home/zzy/ur_real/install/easy_handeye2_msgs/lib/libeasy_handeye2_msgs__rosidl_typesupport_introspection_cpp.so" to ""
[10.127s] -- Installing: /home/zzy/ur_real/install/easy_handeye2_msgs/lib/libeasy_handeye2_msgs__rosidl_typesupport_cpp.so
[10.127s] -- Set runtime path of "/home/zzy/ur_real/install/easy_handeye2_msgs/lib/libeasy_handeye2_msgs__rosidl_typesupport_cpp.so" to ""
[10.222s] Listing '/home/zzy/ur_real/install/easy_handeye2_msgs/local/lib/python3.10/dist-packages/easy_handeye2_msgs'...
[10.222s] Compiling '/home/zzy/ur_real/install/easy_handeye2_msgs/local/lib/python3.10/dist-packages/easy_handeye2_msgs/__init__.py'...
[10.222s] Listing '/home/zzy/ur_real/install/easy_handeye2_msgs/local/lib/python3.10/dist-packages/easy_handeye2_msgs/msg'...
[10.222s] Compiling '/home/zzy/ur_real/install/easy_handeye2_msgs/local/lib/python3.10/dist-packages/easy_handeye2_msgs/msg/__init__.py'...
[10.222s] Compiling '/home/zzy/ur_real/install/easy_handeye2_msgs/local/lib/python3.10/dist-packages/easy_handeye2_msgs/msg/_handeye_calibration.py'...
[10.222s] Compiling '/home/zzy/ur_real/install/easy_handeye2_msgs/local/lib/python3.10/dist-packages/easy_handeye2_msgs/msg/_handeye_calibration_parameters.py'...
[10.222s] Compiling '/home/zzy/ur_real/install/easy_handeye2_msgs/local/lib/python3.10/dist-packages/easy_handeye2_msgs/msg/_sample.py'...
[10.222s] Compiling '/home/zzy/ur_real/install/easy_handeye2_msgs/local/lib/python3.10/dist-packages/easy_handeye2_msgs/msg/_sample_list.py'...
[10.222s] Compiling '/home/zzy/ur_real/install/easy_handeye2_msgs/local/lib/python3.10/dist-packages/easy_handeye2_msgs/msg/_target_pose_list.py'...
[10.222s] Listing '/home/zzy/ur_real/install/easy_handeye2_msgs/local/lib/python3.10/dist-packages/easy_handeye2_msgs/srv'...
[10.222s] Compiling '/home/zzy/ur_real/install/easy_handeye2_msgs/local/lib/python3.10/dist-packages/easy_handeye2_msgs/srv/__init__.py'...
[10.222s] Compiling '/home/zzy/ur_real/install/easy_handeye2_msgs/local/lib/python3.10/dist-packages/easy_handeye2_msgs/srv/_check_starting_pose.py'...
[10.222s] Compiling '/home/zzy/ur_real/install/easy_handeye2_msgs/local/lib/python3.10/dist-packages/easy_handeye2_msgs/srv/_compute_calibration.py'...
[10.222s] Compiling '/home/zzy/ur_real/install/easy_handeye2_msgs/local/lib/python3.10/dist-packages/easy_handeye2_msgs/srv/_enumerate_target_poses.py'...
[10.222s] Compiling '/home/zzy/ur_real/install/easy_handeye2_msgs/local/lib/python3.10/dist-packages/easy_handeye2_msgs/srv/_execute_plan.py'...
[10.222s] Compiling '/home/zzy/ur_real/install/easy_handeye2_msgs/local/lib/python3.10/dist-packages/easy_handeye2_msgs/srv/_list_algorithms.py'...
[10.222s] Compiling '/home/zzy/ur_real/install/easy_handeye2_msgs/local/lib/python3.10/dist-packages/easy_handeye2_msgs/srv/_load_samples.py'...
[10.222s] Compiling '/home/zzy/ur_real/install/easy_handeye2_msgs/local/lib/python3.10/dist-packages/easy_handeye2_msgs/srv/_plan_to_selected_target_pose.py'...
[10.222s] Compiling '/home/zzy/ur_real/install/easy_handeye2_msgs/local/lib/python3.10/dist-packages/easy_handeye2_msgs/srv/_remove_sample.py'...
[10.222s] Compiling '/home/zzy/ur_real/install/easy_handeye2_msgs/local/lib/python3.10/dist-packages/easy_handeye2_msgs/srv/_save_calibration.py'...
[10.222s] Compiling '/home/zzy/ur_real/install/easy_handeye2_msgs/local/lib/python3.10/dist-packages/easy_handeye2_msgs/srv/_save_samples.py'...
[10.222s] Compiling '/home/zzy/ur_real/install/easy_handeye2_msgs/local/lib/python3.10/dist-packages/easy_handeye2_msgs/srv/_select_target_pose.py'...
[10.222s] Compiling '/home/zzy/ur_real/install/easy_handeye2_msgs/local/lib/python3.10/dist-packages/easy_handeye2_msgs/srv/_set_algorithm.py'...
[10.222s] Compiling '/home/zzy/ur_real/install/easy_handeye2_msgs/local/lib/python3.10/dist-packages/easy_handeye2_msgs/srv/_take_sample.py'...
[10.225s] -- Installing: /home/zzy/ur_real/install/easy_handeye2_msgs/lib/libeasy_handeye2_msgs__rosidl_generator_py.so
[10.225s] -- Set runtime path of "/home/zzy/ur_real/install/easy_handeye2_msgs/lib/libeasy_handeye2_msgs__rosidl_generator_py.so" to ""
[10.225s] -- Installing: /home/zzy/ur_real/install/easy_handeye2_msgs/share/easy_handeye2_msgs/cmake/export_easy_handeye2_msgs__rosidl_generator_cExport.cmake
[10.225s] -- Installing: /home/zzy/ur_real/install/easy_handeye2_msgs/share/easy_handeye2_msgs/cmake/export_easy_handeye2_msgs__rosidl_generator_cExport-noconfig.cmake
[10.225s] -- Installing: /home/zzy/ur_real/install/easy_handeye2_msgs/share/easy_handeye2_msgs/cmake/export_easy_handeye2_msgs__rosidl_typesupport_fastrtps_cExport.cmake
[10.225s] -- Installing: /home/zzy/ur_real/install/easy_handeye2_msgs/share/easy_handeye2_msgs/cmake/export_easy_handeye2_msgs__rosidl_typesupport_fastrtps_cExport-noconfig.cmake
[10.225s] -- Installing: /home/zzy/ur_real/install/easy_handeye2_msgs/share/easy_handeye2_msgs/cmake/easy_handeye2_msgs__rosidl_typesupport_introspection_cExport.cmake
[10.225s] -- Installing: /home/zzy/ur_real/install/easy_handeye2_msgs/share/easy_handeye2_msgs/cmake/easy_handeye2_msgs__rosidl_typesupport_introspection_cExport-noconfig.cmake
[10.225s] -- Installing: /home/zzy/ur_real/install/easy_handeye2_msgs/share/easy_handeye2_msgs/cmake/easy_handeye2_msgs__rosidl_typesupport_cExport.cmake
[10.225s] -- Installing: /home/zzy/ur_real/install/easy_handeye2_msgs/share/easy_handeye2_msgs/cmake/easy_handeye2_msgs__rosidl_typesupport_cExport-noconfig.cmake
[10.226s] -- Installing: /home/zzy/ur_real/install/easy_handeye2_msgs/share/easy_handeye2_msgs/cmake/export_easy_handeye2_msgs__rosidl_generator_cppExport.cmake
[10.226s] -- Installing: /home/zzy/ur_real/install/easy_handeye2_msgs/share/easy_handeye2_msgs/cmake/export_easy_handeye2_msgs__rosidl_typesupport_fastrtps_cppExport.cmake
[10.226s] -- Installing: /home/zzy/ur_real/install/easy_handeye2_msgs/share/easy_handeye2_msgs/cmake/export_easy_handeye2_msgs__rosidl_typesupport_fastrtps_cppExport-noconfig.cmake
[10.226s] -- Installing: /home/zzy/ur_real/install/easy_handeye2_msgs/share/easy_handeye2_msgs/cmake/easy_handeye2_msgs__rosidl_typesupport_introspection_cppExport.cmake
[10.226s] -- Installing: /home/zzy/ur_real/install/easy_handeye2_msgs/share/easy_handeye2_msgs/cmake/easy_handeye2_msgs__rosidl_typesupport_introspection_cppExport-noconfig.cmake
[10.226s] -- Installing: /home/zzy/ur_real/install/easy_handeye2_msgs/share/easy_handeye2_msgs/cmake/easy_handeye2_msgs__rosidl_typesupport_cppExport.cmake
[10.226s] -- Installing: /home/zzy/ur_real/install/easy_handeye2_msgs/share/easy_handeye2_msgs/cmake/easy_handeye2_msgs__rosidl_typesupport_cppExport-noconfig.cmake
[10.226s] -- Installing: /home/zzy/ur_real/install/easy_handeye2_msgs/share/easy_handeye2_msgs/cmake/export_easy_handeye2_msgs__rosidl_generator_pyExport.cmake
[10.226s] -- Installing: /home/zzy/ur_real/install/easy_handeye2_msgs/share/easy_handeye2_msgs/cmake/export_easy_handeye2_msgs__rosidl_generator_pyExport-noconfig.cmake
[10.227s] Invoked command in '/home/zzy/ur_real/build/easy_handeye2_msgs' returned '0': CMAKE_PREFIX_PATH=${CMAKE_PREFIX_PATH}:/home/zzy/ur_real/install/ur10_vel:/home/zzy/ur_real/install/gravity_compensation:/home/zzy/ur_real/install/ferrobotics_acf:/home/zzy/ur_real/install/camera:/home/zzy/ur_real/install/ati_sensor:/opt/ros/humble /usr/bin/cmake --install /home/zzy/ur_real/build/easy_handeye2_msgs
