[0.157s] DEBUG:colcon:Command line arguments: ['/home/zzy/.local/bin/colcon', 'build', '--symlink-install']
[0.157s] DEBUG:colcon:Parsed command line arguments: Namespace(log_base=None, log_level=None, verb_name='build', build_base='build', install_base='install', merge_install=False, symlink_install=True, test_result_base=None, continue_on_error=False, executor='parallel', parallel_workers=24, event_handlers=None, ignore_user_meta=False, metas=['./colcon.meta'], base_paths=['.'], packages_ignore=None, packages_ignore_regex=None, paths=None, packages_up_to=None, packages_up_to_regex=None, packages_above=None, packages_above_and_dependencies=None, packages_above_depth=None, packages_select_by_dep=None, packages_skip_by_dep=None, packages_skip_up_to=None, packages_select_build_failed=False, packages_skip_build_finished=False, packages_select_test_failures=False, packages_skip_test_passed=False, packages_select=None, packages_skip=None, packages_select_regex=None, packages_skip_regex=None, packages_start=None, packages_end=None, allow_overriding=[], cmake_args=None, cmake_target=None, cmake_target_skip_unavailable=False, cmake_clean_cache=False, cmake_clean_first=False, cmake_force_configure=False, ament_cmake_args=None, catkin_cmake_args=None, catkin_skip_building_tests=False, mixin_files=None, mixin=None, verb_parser=<colcon_mixin.mixin.mixin_argument.MixinArgumentDecorator object at 0x7f57a165d2d0>, verb_extension=<colcon_core.verb.build.BuildVerb object at 0x7f57a17620b0>, main=<bound method BuildVerb.main of <colcon_core.verb.build.BuildVerb object at 0x7f57a17620b0>>, mixin_verb=('build',))
[0.206s] Level 1:colcon.colcon_core.package_discovery:discover_packages(colcon_meta) check parameters
[0.206s] Level 1:colcon.colcon_core.package_discovery:discover_packages(recursive) check parameters
[0.206s] Level 1:colcon.colcon_core.package_discovery:discover_packages(ignore) check parameters
[0.206s] Level 1:colcon.colcon_core.package_discovery:discover_packages(path) check parameters
[0.206s] Level 1:colcon.colcon_core.package_discovery:discover_packages(colcon_meta) discover
[0.206s] Level 1:colcon.colcon_core.package_discovery:discover_packages(recursive) discover
[0.206s] INFO:colcon.colcon_core.package_discovery:Crawling recursively for packages in '/home/zzy/ur_real'
[0.206s] Level 1:colcon.colcon_core.package_identification:_identify(.) by extensions ['ignore', 'ignore_ament_install']
[0.206s] Level 1:colcon.colcon_core.package_identification:_identify(.) by extension 'ignore'
[0.206s] Level 1:colcon.colcon_core.package_identification:_identify(.) by extension 'ignore_ament_install'
[0.207s] Level 1:colcon.colcon_core.package_identification:_identify(.) by extensions ['colcon_pkg']
[0.207s] Level 1:colcon.colcon_core.package_identification:_identify(.) by extension 'colcon_pkg'
[0.207s] Level 1:colcon.colcon_core.package_identification:_identify(.) by extensions ['colcon_meta']
[0.207s] Level 1:colcon.colcon_core.package_identification:_identify(.) by extension 'colcon_meta'
[0.207s] Level 1:colcon.colcon_core.package_identification:_identify(.) by extensions ['ros']
[0.207s] Level 1:colcon.colcon_core.package_identification:_identify(.) by extension 'ros'
[0.216s] Level 1:colcon.colcon_core.package_identification:_identify(.) by extensions ['cmake', 'python']
[0.216s] Level 1:colcon.colcon_core.package_identification:_identify(.) by extension 'cmake'
[0.216s] Level 1:colcon.colcon_core.package_identification:_identify(.) by extension 'python'
[0.216s] Level 1:colcon.colcon_core.package_identification:_identify(.) by extensions ['python_setup_py']
[0.216s] Level 1:colcon.colcon_core.package_identification:_identify(.) by extension 'python_setup_py'
[0.216s] Level 1:colcon.colcon_core.package_identification:_identify(Documents) by extensions ['ignore', 'ignore_ament_install']
[0.217s] Level 1:colcon.colcon_core.package_identification:_identify(Documents) by extension 'ignore'
[0.217s] Level 1:colcon.colcon_core.package_identification:_identify(Documents) by extension 'ignore_ament_install'
[0.217s] Level 1:colcon.colcon_core.package_identification:_identify(Documents) by extensions ['colcon_pkg']
[0.217s] Level 1:colcon.colcon_core.package_identification:_identify(Documents) by extension 'colcon_pkg'
[0.217s] Level 1:colcon.colcon_core.package_identification:_identify(Documents) by extensions ['colcon_meta']
[0.217s] Level 1:colcon.colcon_core.package_identification:_identify(Documents) by extension 'colcon_meta'
[0.217s] Level 1:colcon.colcon_core.package_identification:_identify(Documents) by extensions ['ros']
[0.217s] Level 1:colcon.colcon_core.package_identification:_identify(Documents) by extension 'ros'
[0.217s] Level 1:colcon.colcon_core.package_identification:_identify(Documents) by extensions ['cmake', 'python']
[0.217s] Level 1:colcon.colcon_core.package_identification:_identify(Documents) by extension 'cmake'
[0.217s] Level 1:colcon.colcon_core.package_identification:_identify(Documents) by extension 'python'
[0.217s] Level 1:colcon.colcon_core.package_identification:_identify(Documents) by extensions ['python_setup_py']
[0.217s] Level 1:colcon.colcon_core.package_identification:_identify(Documents) by extension 'python_setup_py'
[0.217s] Level 1:colcon.colcon_core.package_identification:_identify(Documents/10-29 平滑路径规划) by extensions ['ignore', 'ignore_ament_install']
[0.217s] Level 1:colcon.colcon_core.package_identification:_identify(Documents/10-29 平滑路径规划) by extension 'ignore'
[0.217s] Level 1:colcon.colcon_core.package_identification:_identify(Documents/10-29 平滑路径规划) by extension 'ignore_ament_install'
[0.217s] Level 1:colcon.colcon_core.package_identification:_identify(Documents/10-29 平滑路径规划) by extensions ['colcon_pkg']
[0.217s] Level 1:colcon.colcon_core.package_identification:_identify(Documents/10-29 平滑路径规划) by extension 'colcon_pkg'
[0.217s] Level 1:colcon.colcon_core.package_identification:_identify(Documents/10-29 平滑路径规划) by extensions ['colcon_meta']
[0.217s] Level 1:colcon.colcon_core.package_identification:_identify(Documents/10-29 平滑路径规划) by extension 'colcon_meta'
[0.217s] Level 1:colcon.colcon_core.package_identification:_identify(Documents/10-29 平滑路径规划) by extensions ['ros']
[0.217s] Level 1:colcon.colcon_core.package_identification:_identify(Documents/10-29 平滑路径规划) by extension 'ros'
[0.217s] Level 1:colcon.colcon_core.package_identification:_identify(Documents/10-29 平滑路径规划) by extensions ['cmake', 'python']
[0.217s] Level 1:colcon.colcon_core.package_identification:_identify(Documents/10-29 平滑路径规划) by extension 'cmake'
[0.217s] Level 1:colcon.colcon_core.package_identification:_identify(Documents/10-29 平滑路径规划) by extension 'python'
[0.217s] Level 1:colcon.colcon_core.package_identification:_identify(Documents/10-29 平滑路径规划) by extensions ['python_setup_py']
[0.217s] Level 1:colcon.colcon_core.package_identification:_identify(Documents/10-29 平滑路径规划) by extension 'python_setup_py'
[0.218s] Level 1:colcon.colcon_core.package_identification:_identify(Documents/11-22 push box) by extensions ['ignore', 'ignore_ament_install']
[0.218s] Level 1:colcon.colcon_core.package_identification:_identify(Documents/11-22 push box) by extension 'ignore'
[0.218s] Level 1:colcon.colcon_core.package_identification:_identify(Documents/11-22 push box) by extension 'ignore_ament_install'
[0.218s] Level 1:colcon.colcon_core.package_identification:_identify(Documents/11-22 push box) by extensions ['colcon_pkg']
[0.218s] Level 1:colcon.colcon_core.package_identification:_identify(Documents/11-22 push box) by extension 'colcon_pkg'
[0.218s] Level 1:colcon.colcon_core.package_identification:_identify(Documents/11-22 push box) by extensions ['colcon_meta']
[0.218s] Level 1:colcon.colcon_core.package_identification:_identify(Documents/11-22 push box) by extension 'colcon_meta'
[0.218s] Level 1:colcon.colcon_core.package_identification:_identify(Documents/11-22 push box) by extensions ['ros']
[0.218s] Level 1:colcon.colcon_core.package_identification:_identify(Documents/11-22 push box) by extension 'ros'
[0.218s] Level 1:colcon.colcon_core.package_identification:_identify(Documents/11-22 push box) by extensions ['cmake', 'python']
[0.218s] Level 1:colcon.colcon_core.package_identification:_identify(Documents/11-22 push box) by extension 'cmake'
[0.218s] Level 1:colcon.colcon_core.package_identification:_identify(Documents/11-22 push box) by extension 'python'
[0.218s] Level 1:colcon.colcon_core.package_identification:_identify(Documents/11-22 push box) by extensions ['python_setup_py']
[0.218s] Level 1:colcon.colcon_core.package_identification:_identify(Documents/11-22 push box) by extension 'python_setup_py'
[0.218s] Level 1:colcon.colcon_core.package_identification:_identify(Documents/12-16 UR10打磨加速度-位置-力) by extensions ['ignore', 'ignore_ament_install']
[0.218s] Level 1:colcon.colcon_core.package_identification:_identify(Documents/12-16 UR10打磨加速度-位置-力) by extension 'ignore'
[0.218s] Level 1:colcon.colcon_core.package_identification:_identify(Documents/12-16 UR10打磨加速度-位置-力) by extension 'ignore_ament_install'
[0.218s] Level 1:colcon.colcon_core.package_identification:_identify(Documents/12-16 UR10打磨加速度-位置-力) by extensions ['colcon_pkg']
[0.218s] Level 1:colcon.colcon_core.package_identification:_identify(Documents/12-16 UR10打磨加速度-位置-力) by extension 'colcon_pkg'
[0.218s] Level 1:colcon.colcon_core.package_identification:_identify(Documents/12-16 UR10打磨加速度-位置-力) by extensions ['colcon_meta']
[0.218s] Level 1:colcon.colcon_core.package_identification:_identify(Documents/12-16 UR10打磨加速度-位置-力) by extension 'colcon_meta'
[0.218s] Level 1:colcon.colcon_core.package_identification:_identify(Documents/12-16 UR10打磨加速度-位置-力) by extensions ['ros']
[0.218s] Level 1:colcon.colcon_core.package_identification:_identify(Documents/12-16 UR10打磨加速度-位置-力) by extension 'ros'
[0.218s] Level 1:colcon.colcon_core.package_identification:_identify(Documents/12-16 UR10打磨加速度-位置-力) by extensions ['cmake', 'python']
[0.218s] Level 1:colcon.colcon_core.package_identification:_identify(Documents/12-16 UR10打磨加速度-位置-力) by extension 'cmake'
[0.218s] Level 1:colcon.colcon_core.package_identification:_identify(Documents/12-16 UR10打磨加速度-位置-力) by extension 'python'
[0.219s] Level 1:colcon.colcon_core.package_identification:_identify(Documents/12-16 UR10打磨加速度-位置-力) by extensions ['python_setup_py']
[0.219s] Level 1:colcon.colcon_core.package_identification:_identify(Documents/12-16 UR10打磨加速度-位置-力) by extension 'python_setup_py'
[0.219s] Level 1:colcon.colcon_core.package_identification:_identify(Documents/12-9 IMU测试) by extensions ['ignore', 'ignore_ament_install']
[0.219s] Level 1:colcon.colcon_core.package_identification:_identify(Documents/12-9 IMU测试) by extension 'ignore'
[0.219s] Level 1:colcon.colcon_core.package_identification:_identify(Documents/12-9 IMU测试) by extension 'ignore_ament_install'
[0.219s] Level 1:colcon.colcon_core.package_identification:_identify(Documents/12-9 IMU测试) by extensions ['colcon_pkg']
[0.219s] Level 1:colcon.colcon_core.package_identification:_identify(Documents/12-9 IMU测试) by extension 'colcon_pkg'
[0.219s] Level 1:colcon.colcon_core.package_identification:_identify(Documents/12-9 IMU测试) by extensions ['colcon_meta']
[0.219s] Level 1:colcon.colcon_core.package_identification:_identify(Documents/12-9 IMU测试) by extension 'colcon_meta'
[0.219s] Level 1:colcon.colcon_core.package_identification:_identify(Documents/12-9 IMU测试) by extensions ['ros']
[0.219s] Level 1:colcon.colcon_core.package_identification:_identify(Documents/12-9 IMU测试) by extension 'ros'
[0.219s] Level 1:colcon.colcon_core.package_identification:_identify(Documents/12-9 IMU测试) by extensions ['cmake', 'python']
[0.219s] Level 1:colcon.colcon_core.package_identification:_identify(Documents/12-9 IMU测试) by extension 'cmake'
[0.219s] Level 1:colcon.colcon_core.package_identification:_identify(Documents/12-9 IMU测试) by extension 'python'
[0.219s] Level 1:colcon.colcon_core.package_identification:_identify(Documents/12-9 IMU测试) by extensions ['python_setup_py']
[0.219s] Level 1:colcon.colcon_core.package_identification:_identify(Documents/12-9 IMU测试) by extension 'python_setup_py'
[0.219s] Level 1:colcon.colcon_core.package_identification:_identify(Documents/force_z_axis) by extensions ['ignore', 'ignore_ament_install']
[0.219s] Level 1:colcon.colcon_core.package_identification:_identify(Documents/force_z_axis) by extension 'ignore'
[0.219s] Level 1:colcon.colcon_core.package_identification:_identify(Documents/force_z_axis) by extension 'ignore_ament_install'
[0.220s] Level 1:colcon.colcon_core.package_identification:_identify(Documents/force_z_axis) by extensions ['colcon_pkg']
[0.220s] Level 1:colcon.colcon_core.package_identification:_identify(Documents/force_z_axis) by extension 'colcon_pkg'
[0.220s] Level 1:colcon.colcon_core.package_identification:_identify(Documents/force_z_axis) by extensions ['colcon_meta']
[0.220s] Level 1:colcon.colcon_core.package_identification:_identify(Documents/force_z_axis) by extension 'colcon_meta'
[0.220s] Level 1:colcon.colcon_core.package_identification:_identify(Documents/force_z_axis) by extensions ['ros']
[0.220s] Level 1:colcon.colcon_core.package_identification:_identify(Documents/force_z_axis) by extension 'ros'
[0.220s] Level 1:colcon.colcon_core.package_identification:_identify(Documents/force_z_axis) by extensions ['cmake', 'python']
[0.220s] Level 1:colcon.colcon_core.package_identification:_identify(Documents/force_z_axis) by extension 'cmake'
[0.220s] Level 1:colcon.colcon_core.package_identification:_identify(Documents/force_z_axis) by extension 'python'
[0.220s] Level 1:colcon.colcon_core.package_identification:_identify(Documents/force_z_axis) by extensions ['python_setup_py']
[0.220s] Level 1:colcon.colcon_core.package_identification:_identify(Documents/force_z_axis) by extension 'python_setup_py'
[0.220s] Level 1:colcon.colcon_core.package_identification:_identify(build) by extensions ['ignore', 'ignore_ament_install']
[0.220s] Level 1:colcon.colcon_core.package_identification:_identify(build) by extension 'ignore'
[0.220s] Level 1:colcon.colcon_core.package_identification:_identify(build) ignored
[0.220s] Level 1:colcon.colcon_core.package_identification:_identify(install) by extensions ['ignore', 'ignore_ament_install']
[0.220s] Level 1:colcon.colcon_core.package_identification:_identify(install) by extension 'ignore'
[0.220s] Level 1:colcon.colcon_core.package_identification:_identify(install) ignored
[0.220s] Level 1:colcon.colcon_core.package_identification:_identify(log) by extensions ['ignore', 'ignore_ament_install']
[0.220s] Level 1:colcon.colcon_core.package_identification:_identify(log) by extension 'ignore'
[0.220s] Level 1:colcon.colcon_core.package_identification:_identify(log) ignored
[0.220s] Level 1:colcon.colcon_core.package_identification:_identify(src) by extensions ['ignore', 'ignore_ament_install']
[0.220s] Level 1:colcon.colcon_core.package_identification:_identify(src) by extension 'ignore'
[0.220s] Level 1:colcon.colcon_core.package_identification:_identify(src) by extension 'ignore_ament_install'
[0.220s] Level 1:colcon.colcon_core.package_identification:_identify(src) by extensions ['colcon_pkg']
[0.220s] Level 1:colcon.colcon_core.package_identification:_identify(src) by extension 'colcon_pkg'
[0.220s] Level 1:colcon.colcon_core.package_identification:_identify(src) by extensions ['colcon_meta']
[0.220s] Level 1:colcon.colcon_core.package_identification:_identify(src) by extension 'colcon_meta'
[0.220s] Level 1:colcon.colcon_core.package_identification:_identify(src) by extensions ['ros']
[0.220s] Level 1:colcon.colcon_core.package_identification:_identify(src) by extension 'ros'
[0.220s] Level 1:colcon.colcon_core.package_identification:_identify(src) by extensions ['cmake', 'python']
[0.221s] Level 1:colcon.colcon_core.package_identification:_identify(src) by extension 'cmake'
[0.221s] Level 1:colcon.colcon_core.package_identification:_identify(src) by extension 'python'
[0.221s] Level 1:colcon.colcon_core.package_identification:_identify(src) by extensions ['python_setup_py']
[0.221s] Level 1:colcon.colcon_core.package_identification:_identify(src) by extension 'python_setup_py'
[0.221s] Level 1:colcon.colcon_core.package_identification:_identify(src/ati_sensor) by extensions ['ignore', 'ignore_ament_install']
[0.221s] Level 1:colcon.colcon_core.package_identification:_identify(src/ati_sensor) by extension 'ignore'
[0.221s] Level 1:colcon.colcon_core.package_identification:_identify(src/ati_sensor) by extension 'ignore_ament_install'
[0.221s] Level 1:colcon.colcon_core.package_identification:_identify(src/ati_sensor) by extensions ['colcon_pkg']
[0.221s] Level 1:colcon.colcon_core.package_identification:_identify(src/ati_sensor) by extension 'colcon_pkg'
[0.221s] Level 1:colcon.colcon_core.package_identification:_identify(src/ati_sensor) by extensions ['colcon_meta']
[0.221s] Level 1:colcon.colcon_core.package_identification:_identify(src/ati_sensor) by extension 'colcon_meta'
[0.221s] Level 1:colcon.colcon_core.package_identification:_identify(src/ati_sensor) by extensions ['ros']
[0.221s] Level 1:colcon.colcon_core.package_identification:_identify(src/ati_sensor) by extension 'ros'
[0.223s] DEBUG:colcon.colcon_core.package_identification:Package 'src/ati_sensor' with type 'ros.ament_python' and name 'ati_sensor'
[0.223s] Level 1:colcon.colcon_core.package_identification:_identify(src/camera) by extensions ['ignore', 'ignore_ament_install']
[0.223s] Level 1:colcon.colcon_core.package_identification:_identify(src/camera) by extension 'ignore'
[0.223s] Level 1:colcon.colcon_core.package_identification:_identify(src/camera) by extension 'ignore_ament_install'
[0.223s] Level 1:colcon.colcon_core.package_identification:_identify(src/camera) by extensions ['colcon_pkg']
[0.223s] Level 1:colcon.colcon_core.package_identification:_identify(src/camera) by extension 'colcon_pkg'
[0.223s] Level 1:colcon.colcon_core.package_identification:_identify(src/camera) by extensions ['colcon_meta']
[0.223s] Level 1:colcon.colcon_core.package_identification:_identify(src/camera) by extension 'colcon_meta'
[0.223s] Level 1:colcon.colcon_core.package_identification:_identify(src/camera) by extensions ['ros']
[0.223s] Level 1:colcon.colcon_core.package_identification:_identify(src/camera) by extension 'ros'
[0.224s] DEBUG:colcon.colcon_core.package_identification:Package 'src/camera' with type 'ros.ament_python' and name 'camera'
[0.224s] Level 1:colcon.colcon_core.package_identification:_identify(src/easy_handeye2) by extensions ['ignore', 'ignore_ament_install']
[0.224s] Level 1:colcon.colcon_core.package_identification:_identify(src/easy_handeye2) by extension 'ignore'
[0.224s] Level 1:colcon.colcon_core.package_identification:_identify(src/easy_handeye2) by extension 'ignore_ament_install'
[0.224s] Level 1:colcon.colcon_core.package_identification:_identify(src/easy_handeye2) by extensions ['colcon_pkg']
[0.224s] Level 1:colcon.colcon_core.package_identification:_identify(src/easy_handeye2) by extension 'colcon_pkg'
[0.224s] Level 1:colcon.colcon_core.package_identification:_identify(src/easy_handeye2) by extensions ['colcon_meta']
[0.224s] Level 1:colcon.colcon_core.package_identification:_identify(src/easy_handeye2) by extension 'colcon_meta'
[0.224s] Level 1:colcon.colcon_core.package_identification:_identify(src/easy_handeye2) by extensions ['ros']
[0.224s] Level 1:colcon.colcon_core.package_identification:_identify(src/easy_handeye2) by extension 'ros'
[0.224s] Level 1:colcon.colcon_core.package_identification:_identify(src/easy_handeye2) by extensions ['cmake', 'python']
[0.224s] Level 1:colcon.colcon_core.package_identification:_identify(src/easy_handeye2) by extension 'cmake'
[0.224s] Level 1:colcon.colcon_core.package_identification:_identify(src/easy_handeye2) by extension 'python'
[0.224s] Level 1:colcon.colcon_core.package_identification:_identify(src/easy_handeye2) by extensions ['python_setup_py']
[0.224s] Level 1:colcon.colcon_core.package_identification:_identify(src/easy_handeye2) by extension 'python_setup_py'
[0.225s] Level 1:colcon.colcon_core.package_identification:_identify(src/easy_handeye2/docs) by extensions ['ignore', 'ignore_ament_install']
[0.225s] Level 1:colcon.colcon_core.package_identification:_identify(src/easy_handeye2/docs) by extension 'ignore'
[0.225s] Level 1:colcon.colcon_core.package_identification:_identify(src/easy_handeye2/docs) by extension 'ignore_ament_install'
[0.225s] Level 1:colcon.colcon_core.package_identification:_identify(src/easy_handeye2/docs) by extensions ['colcon_pkg']
[0.225s] Level 1:colcon.colcon_core.package_identification:_identify(src/easy_handeye2/docs) by extension 'colcon_pkg'
[0.225s] Level 1:colcon.colcon_core.package_identification:_identify(src/easy_handeye2/docs) by extensions ['colcon_meta']
[0.225s] Level 1:colcon.colcon_core.package_identification:_identify(src/easy_handeye2/docs) by extension 'colcon_meta'
[0.225s] Level 1:colcon.colcon_core.package_identification:_identify(src/easy_handeye2/docs) by extensions ['ros']
[0.225s] Level 1:colcon.colcon_core.package_identification:_identify(src/easy_handeye2/docs) by extension 'ros'
[0.225s] Level 1:colcon.colcon_core.package_identification:_identify(src/easy_handeye2/docs) by extensions ['cmake', 'python']
[0.225s] Level 1:colcon.colcon_core.package_identification:_identify(src/easy_handeye2/docs) by extension 'cmake'
[0.225s] Level 1:colcon.colcon_core.package_identification:_identify(src/easy_handeye2/docs) by extension 'python'
[0.225s] Level 1:colcon.colcon_core.package_identification:_identify(src/easy_handeye2/docs) by extensions ['python_setup_py']
[0.225s] Level 1:colcon.colcon_core.package_identification:_identify(src/easy_handeye2/docs) by extension 'python_setup_py'
[0.225s] Level 1:colcon.colcon_core.package_identification:_identify(src/easy_handeye2/docs/img) by extensions ['ignore', 'ignore_ament_install']
[0.225s] Level 1:colcon.colcon_core.package_identification:_identify(src/easy_handeye2/docs/img) by extension 'ignore'
[0.225s] Level 1:colcon.colcon_core.package_identification:_identify(src/easy_handeye2/docs/img) by extension 'ignore_ament_install'
[0.225s] Level 1:colcon.colcon_core.package_identification:_identify(src/easy_handeye2/docs/img) by extensions ['colcon_pkg']
[0.225s] Level 1:colcon.colcon_core.package_identification:_identify(src/easy_handeye2/docs/img) by extension 'colcon_pkg'
[0.225s] Level 1:colcon.colcon_core.package_identification:_identify(src/easy_handeye2/docs/img) by extensions ['colcon_meta']
[0.225s] Level 1:colcon.colcon_core.package_identification:_identify(src/easy_handeye2/docs/img) by extension 'colcon_meta'
[0.225s] Level 1:colcon.colcon_core.package_identification:_identify(src/easy_handeye2/docs/img) by extensions ['ros']
[0.225s] Level 1:colcon.colcon_core.package_identification:_identify(src/easy_handeye2/docs/img) by extension 'ros'
[0.225s] Level 1:colcon.colcon_core.package_identification:_identify(src/easy_handeye2/docs/img) by extensions ['cmake', 'python']
[0.225s] Level 1:colcon.colcon_core.package_identification:_identify(src/easy_handeye2/docs/img) by extension 'cmake'
[0.225s] Level 1:colcon.colcon_core.package_identification:_identify(src/easy_handeye2/docs/img) by extension 'python'
[0.225s] Level 1:colcon.colcon_core.package_identification:_identify(src/easy_handeye2/docs/img) by extensions ['python_setup_py']
[0.225s] Level 1:colcon.colcon_core.package_identification:_identify(src/easy_handeye2/docs/img) by extension 'python_setup_py'
[0.225s] Level 1:colcon.colcon_core.package_identification:_identify(src/easy_handeye2/easy_handeye2) by extensions ['ignore', 'ignore_ament_install']
[0.225s] Level 1:colcon.colcon_core.package_identification:_identify(src/easy_handeye2/easy_handeye2) by extension 'ignore'
[0.225s] Level 1:colcon.colcon_core.package_identification:_identify(src/easy_handeye2/easy_handeye2) by extension 'ignore_ament_install'
[0.225s] Level 1:colcon.colcon_core.package_identification:_identify(src/easy_handeye2/easy_handeye2) by extensions ['colcon_pkg']
[0.226s] Level 1:colcon.colcon_core.package_identification:_identify(src/easy_handeye2/easy_handeye2) by extension 'colcon_pkg'
[0.226s] Level 1:colcon.colcon_core.package_identification:_identify(src/easy_handeye2/easy_handeye2) by extensions ['colcon_meta']
[0.226s] Level 1:colcon.colcon_core.package_identification:_identify(src/easy_handeye2/easy_handeye2) by extension 'colcon_meta'
[0.226s] Level 1:colcon.colcon_core.package_identification:_identify(src/easy_handeye2/easy_handeye2) by extensions ['ros']
[0.226s] Level 1:colcon.colcon_core.package_identification:_identify(src/easy_handeye2/easy_handeye2) by extension 'ros'
[0.226s] DEBUG:colcon.colcon_core.package_identification:Package 'src/easy_handeye2/easy_handeye2' with type 'ros.ament_python' and name 'easy_handeye2'
[0.226s] Level 1:colcon.colcon_core.package_identification:_identify(src/easy_handeye2/easy_handeye2_msgs) by extensions ['ignore', 'ignore_ament_install']
[0.227s] Level 1:colcon.colcon_core.package_identification:_identify(src/easy_handeye2/easy_handeye2_msgs) by extension 'ignore'
[0.227s] Level 1:colcon.colcon_core.package_identification:_identify(src/easy_handeye2/easy_handeye2_msgs) by extension 'ignore_ament_install'
[0.227s] Level 1:colcon.colcon_core.package_identification:_identify(src/easy_handeye2/easy_handeye2_msgs) by extensions ['colcon_pkg']
[0.227s] Level 1:colcon.colcon_core.package_identification:_identify(src/easy_handeye2/easy_handeye2_msgs) by extension 'colcon_pkg'
[0.227s] Level 1:colcon.colcon_core.package_identification:_identify(src/easy_handeye2/easy_handeye2_msgs) by extensions ['colcon_meta']
[0.227s] Level 1:colcon.colcon_core.package_identification:_identify(src/easy_handeye2/easy_handeye2_msgs) by extension 'colcon_meta'
[0.227s] Level 1:colcon.colcon_core.package_identification:_identify(src/easy_handeye2/easy_handeye2_msgs) by extensions ['ros']
[0.227s] Level 1:colcon.colcon_core.package_identification:_identify(src/easy_handeye2/easy_handeye2_msgs) by extension 'ros'
[0.227s] DEBUG:colcon.colcon_core.package_identification:Package 'src/easy_handeye2/easy_handeye2_msgs' with type 'ros.ament_cmake' and name 'easy_handeye2_msgs'
[0.227s] Level 1:colcon.colcon_core.package_identification:_identify(src/ferrobotics) by extensions ['ignore', 'ignore_ament_install']
[0.227s] Level 1:colcon.colcon_core.package_identification:_identify(src/ferrobotics) by extension 'ignore'
[0.227s] Level 1:colcon.colcon_core.package_identification:_identify(src/ferrobotics) by extension 'ignore_ament_install'
[0.227s] Level 1:colcon.colcon_core.package_identification:_identify(src/ferrobotics) by extensions ['colcon_pkg']
[0.228s] Level 1:colcon.colcon_core.package_identification:_identify(src/ferrobotics) by extension 'colcon_pkg'
[0.228s] Level 1:colcon.colcon_core.package_identification:_identify(src/ferrobotics) by extensions ['colcon_meta']
[0.228s] Level 1:colcon.colcon_core.package_identification:_identify(src/ferrobotics) by extension 'colcon_meta'
[0.228s] Level 1:colcon.colcon_core.package_identification:_identify(src/ferrobotics) by extensions ['ros']
[0.228s] Level 1:colcon.colcon_core.package_identification:_identify(src/ferrobotics) by extension 'ros'
[0.228s] DEBUG:colcon.colcon_core.package_identification:Package 'src/ferrobotics' with type 'ros.ament_cmake' and name 'ferrobotics'
[0.228s] Level 1:colcon.colcon_core.package_identification:_identify(src/ferrobotics_acf) by extensions ['ignore', 'ignore_ament_install']
[0.228s] Level 1:colcon.colcon_core.package_identification:_identify(src/ferrobotics_acf) by extension 'ignore'
[0.228s] Level 1:colcon.colcon_core.package_identification:_identify(src/ferrobotics_acf) by extension 'ignore_ament_install'
[0.228s] Level 1:colcon.colcon_core.package_identification:_identify(src/ferrobotics_acf) by extensions ['colcon_pkg']
[0.228s] Level 1:colcon.colcon_core.package_identification:_identify(src/ferrobotics_acf) by extension 'colcon_pkg'
[0.228s] Level 1:colcon.colcon_core.package_identification:_identify(src/ferrobotics_acf) by extensions ['colcon_meta']
[0.228s] Level 1:colcon.colcon_core.package_identification:_identify(src/ferrobotics_acf) by extension 'colcon_meta'
[0.228s] Level 1:colcon.colcon_core.package_identification:_identify(src/ferrobotics_acf) by extensions ['ros']
[0.228s] Level 1:colcon.colcon_core.package_identification:_identify(src/ferrobotics_acf) by extension 'ros'
[0.229s] DEBUG:colcon.colcon_core.package_identification:Package 'src/ferrobotics_acf' with type 'ros.ament_python' and name 'ferrobotics_acf'
[0.229s] Level 1:colcon.colcon_core.package_identification:_identify(src/gravity_compensation) by extensions ['ignore', 'ignore_ament_install']
[0.229s] Level 1:colcon.colcon_core.package_identification:_identify(src/gravity_compensation) by extension 'ignore'
[0.229s] Level 1:colcon.colcon_core.package_identification:_identify(src/gravity_compensation) by extension 'ignore_ament_install'
[0.229s] Level 1:colcon.colcon_core.package_identification:_identify(src/gravity_compensation) by extensions ['colcon_pkg']
[0.229s] Level 1:colcon.colcon_core.package_identification:_identify(src/gravity_compensation) by extension 'colcon_pkg'
[0.229s] Level 1:colcon.colcon_core.package_identification:_identify(src/gravity_compensation) by extensions ['colcon_meta']
[0.229s] Level 1:colcon.colcon_core.package_identification:_identify(src/gravity_compensation) by extension 'colcon_meta'
[0.229s] Level 1:colcon.colcon_core.package_identification:_identify(src/gravity_compensation) by extensions ['ros']
[0.229s] Level 1:colcon.colcon_core.package_identification:_identify(src/gravity_compensation) by extension 'ros'
[0.230s] DEBUG:colcon.colcon_core.package_identification:Package 'src/gravity_compensation' with type 'ros.ament_python' and name 'gravity_compensation'
[0.230s] Level 1:colcon.colcon_core.package_identification:_identify(src/pymoveit2) by extensions ['ignore', 'ignore_ament_install']
[0.230s] Level 1:colcon.colcon_core.package_identification:_identify(src/pymoveit2) by extension 'ignore'
[0.230s] Level 1:colcon.colcon_core.package_identification:_identify(src/pymoveit2) by extension 'ignore_ament_install'
[0.230s] Level 1:colcon.colcon_core.package_identification:_identify(src/pymoveit2) by extensions ['colcon_pkg']
[0.230s] Level 1:colcon.colcon_core.package_identification:_identify(src/pymoveit2) by extension 'colcon_pkg'
[0.230s] Level 1:colcon.colcon_core.package_identification:_identify(src/pymoveit2) by extensions ['colcon_meta']
[0.230s] Level 1:colcon.colcon_core.package_identification:_identify(src/pymoveit2) by extension 'colcon_meta'
[0.230s] Level 1:colcon.colcon_core.package_identification:_identify(src/pymoveit2) by extensions ['ros']
[0.230s] Level 1:colcon.colcon_core.package_identification:_identify(src/pymoveit2) by extension 'ros'
[0.231s] DEBUG:colcon.colcon_core.package_identification:Package 'src/pymoveit2' with type 'ros.ament_cmake' and name 'pymoveit2'
[0.231s] Level 1:colcon.colcon_core.package_identification:_identify(src/ur10_moveit_config) by extensions ['ignore', 'ignore_ament_install']
[0.231s] Level 1:colcon.colcon_core.package_identification:_identify(src/ur10_moveit_config) by extension 'ignore'
[0.231s] Level 1:colcon.colcon_core.package_identification:_identify(src/ur10_moveit_config) by extension 'ignore_ament_install'
[0.231s] Level 1:colcon.colcon_core.package_identification:_identify(src/ur10_moveit_config) by extensions ['colcon_pkg']
[0.231s] Level 1:colcon.colcon_core.package_identification:_identify(src/ur10_moveit_config) by extension 'colcon_pkg'
[0.231s] Level 1:colcon.colcon_core.package_identification:_identify(src/ur10_moveit_config) by extensions ['colcon_meta']
[0.231s] Level 1:colcon.colcon_core.package_identification:_identify(src/ur10_moveit_config) by extension 'colcon_meta'
[0.231s] Level 1:colcon.colcon_core.package_identification:_identify(src/ur10_moveit_config) by extensions ['ros']
[0.231s] Level 1:colcon.colcon_core.package_identification:_identify(src/ur10_moveit_config) by extension 'ros'
[0.232s] DEBUG:colcon.colcon_core.package_identification:Package 'src/ur10_moveit_config' with type 'ros.ament_cmake' and name 'ur10_moveit_config'
[0.232s] Level 1:colcon.colcon_core.package_identification:_identify(src/ur10_vel) by extensions ['ignore', 'ignore_ament_install']
[0.232s] Level 1:colcon.colcon_core.package_identification:_identify(src/ur10_vel) by extension 'ignore'
[0.232s] Level 1:colcon.colcon_core.package_identification:_identify(src/ur10_vel) by extension 'ignore_ament_install'
[0.232s] Level 1:colcon.colcon_core.package_identification:_identify(src/ur10_vel) by extensions ['colcon_pkg']
[0.232s] Level 1:colcon.colcon_core.package_identification:_identify(src/ur10_vel) by extension 'colcon_pkg'
[0.232s] Level 1:colcon.colcon_core.package_identification:_identify(src/ur10_vel) by extensions ['colcon_meta']
[0.232s] Level 1:colcon.colcon_core.package_identification:_identify(src/ur10_vel) by extension 'colcon_meta'
[0.232s] Level 1:colcon.colcon_core.package_identification:_identify(src/ur10_vel) by extensions ['ros']
[0.232s] Level 1:colcon.colcon_core.package_identification:_identify(src/ur10_vel) by extension 'ros'
[0.233s] DEBUG:colcon.colcon_core.package_identification:Package 'src/ur10_vel' with type 'ros.ament_python' and name 'ur10_vel'
[0.233s] Level 1:colcon.colcon_core.package_identification:_identify(src/ur_bringup) by extensions ['ignore', 'ignore_ament_install']
[0.233s] Level 1:colcon.colcon_core.package_identification:_identify(src/ur_bringup) by extension 'ignore'
[0.233s] Level 1:colcon.colcon_core.package_identification:_identify(src/ur_bringup) by extension 'ignore_ament_install'
[0.233s] Level 1:colcon.colcon_core.package_identification:_identify(src/ur_bringup) by extensions ['colcon_pkg']
[0.233s] Level 1:colcon.colcon_core.package_identification:_identify(src/ur_bringup) by extension 'colcon_pkg'
[0.233s] Level 1:colcon.colcon_core.package_identification:_identify(src/ur_bringup) by extensions ['colcon_meta']
[0.233s] Level 1:colcon.colcon_core.package_identification:_identify(src/ur_bringup) by extension 'colcon_meta'
[0.233s] Level 1:colcon.colcon_core.package_identification:_identify(src/ur_bringup) by extensions ['ros']
[0.233s] Level 1:colcon.colcon_core.package_identification:_identify(src/ur_bringup) by extension 'ros'
[0.234s] DEBUG:colcon.colcon_core.package_identification:Package 'src/ur_bringup' with type 'ros.ament_cmake' and name 'ur_bringup'
[0.234s] Level 1:colcon.colcon_core.package_discovery:discover_packages(recursive) using defaults
[0.234s] Level 1:colcon.colcon_core.package_discovery:discover_packages(ignore) discover
[0.234s] Level 1:colcon.colcon_core.package_discovery:discover_packages(ignore) using defaults
[0.234s] Level 1:colcon.colcon_core.package_discovery:discover_packages(path) discover
[0.234s] Level 1:colcon.colcon_core.package_discovery:discover_packages(path) using defaults
[0.255s] Level 1:colcon.colcon_core.package_discovery:discover_packages(prefix_path) check parameters
[0.255s] Level 1:colcon.colcon_core.package_discovery:discover_packages(prefix_path) discover
[0.257s] DEBUG:colcon.colcon_installed_package_information.package_discovery:Found 12 installed packages in /home/zzy/ur_real/install
[0.258s] DEBUG:colcon.colcon_installed_package_information.package_discovery:Found 400 installed packages in /opt/ros/humble
[0.259s] Level 1:colcon.colcon_core.package_discovery:discover_packages(prefix_path) using defaults
[0.292s] Level 5:colcon.colcon_core.verb:set package 'ati_sensor' build argument 'cmake_args' from command line to 'None'
[0.292s] Level 5:colcon.colcon_core.verb:set package 'ati_sensor' build argument 'cmake_target' from command line to 'None'
[0.292s] Level 5:colcon.colcon_core.verb:set package 'ati_sensor' build argument 'cmake_target_skip_unavailable' from command line to 'False'
[0.292s] Level 5:colcon.colcon_core.verb:set package 'ati_sensor' build argument 'cmake_clean_cache' from command line to 'False'
[0.292s] Level 5:colcon.colcon_core.verb:set package 'ati_sensor' build argument 'cmake_clean_first' from command line to 'False'
[0.292s] Level 5:colcon.colcon_core.verb:set package 'ati_sensor' build argument 'cmake_force_configure' from command line to 'False'
[0.292s] Level 5:colcon.colcon_core.verb:set package 'ati_sensor' build argument 'ament_cmake_args' from command line to 'None'
[0.292s] Level 5:colcon.colcon_core.verb:set package 'ati_sensor' build argument 'catkin_cmake_args' from command line to 'None'
[0.292s] Level 5:colcon.colcon_core.verb:set package 'ati_sensor' build argument 'catkin_skip_building_tests' from command line to 'False'
[0.292s] DEBUG:colcon.colcon_core.verb:Building package 'ati_sensor' with the following arguments: {'ament_cmake_args': None, 'build_base': '/home/zzy/ur_real/build/ati_sensor', 'catkin_cmake_args': None, 'catkin_skip_building_tests': False, 'cmake_args': None, 'cmake_clean_cache': False, 'cmake_clean_first': False, 'cmake_force_configure': False, 'cmake_target': None, 'cmake_target_skip_unavailable': False, 'install_base': '/home/zzy/ur_real/install/ati_sensor', 'merge_install': False, 'path': '/home/zzy/ur_real/src/ati_sensor', 'symlink_install': True, 'test_result_base': None}
[0.292s] Level 5:colcon.colcon_core.verb:set package 'camera' build argument 'cmake_args' from command line to 'None'
[0.292s] Level 5:colcon.colcon_core.verb:set package 'camera' build argument 'cmake_target' from command line to 'None'
[0.292s] Level 5:colcon.colcon_core.verb:set package 'camera' build argument 'cmake_target_skip_unavailable' from command line to 'False'
[0.292s] Level 5:colcon.colcon_core.verb:set package 'camera' build argument 'cmake_clean_cache' from command line to 'False'
[0.292s] Level 5:colcon.colcon_core.verb:set package 'camera' build argument 'cmake_clean_first' from command line to 'False'
[0.293s] Level 5:colcon.colcon_core.verb:set package 'camera' build argument 'cmake_force_configure' from command line to 'False'
[0.293s] Level 5:colcon.colcon_core.verb:set package 'camera' build argument 'ament_cmake_args' from command line to 'None'
[0.293s] Level 5:colcon.colcon_core.verb:set package 'camera' build argument 'catkin_cmake_args' from command line to 'None'
[0.293s] Level 5:colcon.colcon_core.verb:set package 'camera' build argument 'catkin_skip_building_tests' from command line to 'False'
[0.293s] DEBUG:colcon.colcon_core.verb:Building package 'camera' with the following arguments: {'ament_cmake_args': None, 'build_base': '/home/zzy/ur_real/build/camera', 'catkin_cmake_args': None, 'catkin_skip_building_tests': False, 'cmake_args': None, 'cmake_clean_cache': False, 'cmake_clean_first': False, 'cmake_force_configure': False, 'cmake_target': None, 'cmake_target_skip_unavailable': False, 'install_base': '/home/zzy/ur_real/install/camera', 'merge_install': False, 'path': '/home/zzy/ur_real/src/camera', 'symlink_install': True, 'test_result_base': None}
[0.293s] Level 5:colcon.colcon_core.verb:set package 'easy_handeye2_msgs' build argument 'cmake_args' from command line to 'None'
[0.293s] Level 5:colcon.colcon_core.verb:set package 'easy_handeye2_msgs' build argument 'cmake_target' from command line to 'None'
[0.293s] Level 5:colcon.colcon_core.verb:set package 'easy_handeye2_msgs' build argument 'cmake_target_skip_unavailable' from command line to 'False'
[0.293s] Level 5:colcon.colcon_core.verb:set package 'easy_handeye2_msgs' build argument 'cmake_clean_cache' from command line to 'False'
[0.293s] Level 5:colcon.colcon_core.verb:set package 'easy_handeye2_msgs' build argument 'cmake_clean_first' from command line to 'False'
[0.293s] Level 5:colcon.colcon_core.verb:set package 'easy_handeye2_msgs' build argument 'cmake_force_configure' from command line to 'False'
[0.293s] Level 5:colcon.colcon_core.verb:set package 'easy_handeye2_msgs' build argument 'ament_cmake_args' from command line to 'None'
[0.293s] Level 5:colcon.colcon_core.verb:set package 'easy_handeye2_msgs' build argument 'catkin_cmake_args' from command line to 'None'
[0.293s] Level 5:colcon.colcon_core.verb:set package 'easy_handeye2_msgs' build argument 'catkin_skip_building_tests' from command line to 'False'
[0.293s] DEBUG:colcon.colcon_core.verb:Building package 'easy_handeye2_msgs' with the following arguments: {'ament_cmake_args': None, 'build_base': '/home/zzy/ur_real/build/easy_handeye2_msgs', 'catkin_cmake_args': None, 'catkin_skip_building_tests': False, 'cmake_args': None, 'cmake_clean_cache': False, 'cmake_clean_first': False, 'cmake_force_configure': False, 'cmake_target': None, 'cmake_target_skip_unavailable': False, 'install_base': '/home/zzy/ur_real/install/easy_handeye2_msgs', 'merge_install': False, 'path': '/home/zzy/ur_real/src/easy_handeye2/easy_handeye2_msgs', 'symlink_install': True, 'test_result_base': None}
[0.293s] Level 5:colcon.colcon_core.verb:set package 'ferrobotics' build argument 'cmake_args' from command line to 'None'
[0.293s] Level 5:colcon.colcon_core.verb:set package 'ferrobotics' build argument 'cmake_target' from command line to 'None'
[0.293s] Level 5:colcon.colcon_core.verb:set package 'ferrobotics' build argument 'cmake_target_skip_unavailable' from command line to 'False'
[0.293s] Level 5:colcon.colcon_core.verb:set package 'ferrobotics' build argument 'cmake_clean_cache' from command line to 'False'
[0.293s] Level 5:colcon.colcon_core.verb:set package 'ferrobotics' build argument 'cmake_clean_first' from command line to 'False'
[0.293s] Level 5:colcon.colcon_core.verb:set package 'ferrobotics' build argument 'cmake_force_configure' from command line to 'False'
[0.293s] Level 5:colcon.colcon_core.verb:set package 'ferrobotics' build argument 'ament_cmake_args' from command line to 'None'
[0.293s] Level 5:colcon.colcon_core.verb:set package 'ferrobotics' build argument 'catkin_cmake_args' from command line to 'None'
[0.293s] Level 5:colcon.colcon_core.verb:set package 'ferrobotics' build argument 'catkin_skip_building_tests' from command line to 'False'
[0.293s] DEBUG:colcon.colcon_core.verb:Building package 'ferrobotics' with the following arguments: {'ament_cmake_args': None, 'build_base': '/home/zzy/ur_real/build/ferrobotics', 'catkin_cmake_args': None, 'catkin_skip_building_tests': False, 'cmake_args': None, 'cmake_clean_cache': False, 'cmake_clean_first': False, 'cmake_force_configure': False, 'cmake_target': None, 'cmake_target_skip_unavailable': False, 'install_base': '/home/zzy/ur_real/install/ferrobotics', 'merge_install': False, 'path': '/home/zzy/ur_real/src/ferrobotics', 'symlink_install': True, 'test_result_base': None}
[0.293s] Level 5:colcon.colcon_core.verb:set package 'ferrobotics_acf' build argument 'cmake_args' from command line to 'None'
[0.293s] Level 5:colcon.colcon_core.verb:set package 'ferrobotics_acf' build argument 'cmake_target' from command line to 'None'
[0.293s] Level 5:colcon.colcon_core.verb:set package 'ferrobotics_acf' build argument 'cmake_target_skip_unavailable' from command line to 'False'
[0.293s] Level 5:colcon.colcon_core.verb:set package 'ferrobotics_acf' build argument 'cmake_clean_cache' from command line to 'False'
[0.293s] Level 5:colcon.colcon_core.verb:set package 'ferrobotics_acf' build argument 'cmake_clean_first' from command line to 'False'
[0.293s] Level 5:colcon.colcon_core.verb:set package 'ferrobotics_acf' build argument 'cmake_force_configure' from command line to 'False'
[0.293s] Level 5:colcon.colcon_core.verb:set package 'ferrobotics_acf' build argument 'ament_cmake_args' from command line to 'None'
[0.293s] Level 5:colcon.colcon_core.verb:set package 'ferrobotics_acf' build argument 'catkin_cmake_args' from command line to 'None'
[0.293s] Level 5:colcon.colcon_core.verb:set package 'ferrobotics_acf' build argument 'catkin_skip_building_tests' from command line to 'False'
[0.293s] DEBUG:colcon.colcon_core.verb:Building package 'ferrobotics_acf' with the following arguments: {'ament_cmake_args': None, 'build_base': '/home/zzy/ur_real/build/ferrobotics_acf', 'catkin_cmake_args': None, 'catkin_skip_building_tests': False, 'cmake_args': None, 'cmake_clean_cache': False, 'cmake_clean_first': False, 'cmake_force_configure': False, 'cmake_target': None, 'cmake_target_skip_unavailable': False, 'install_base': '/home/zzy/ur_real/install/ferrobotics_acf', 'merge_install': False, 'path': '/home/zzy/ur_real/src/ferrobotics_acf', 'symlink_install': True, 'test_result_base': None}
[0.294s] Level 5:colcon.colcon_core.verb:set package 'gravity_compensation' build argument 'cmake_args' from command line to 'None'
[0.294s] Level 5:colcon.colcon_core.verb:set package 'gravity_compensation' build argument 'cmake_target' from command line to 'None'
[0.294s] Level 5:colcon.colcon_core.verb:set package 'gravity_compensation' build argument 'cmake_target_skip_unavailable' from command line to 'False'
[0.294s] Level 5:colcon.colcon_core.verb:set package 'gravity_compensation' build argument 'cmake_clean_cache' from command line to 'False'
[0.294s] Level 5:colcon.colcon_core.verb:set package 'gravity_compensation' build argument 'cmake_clean_first' from command line to 'False'
[0.294s] Level 5:colcon.colcon_core.verb:set package 'gravity_compensation' build argument 'cmake_force_configure' from command line to 'False'
[0.294s] Level 5:colcon.colcon_core.verb:set package 'gravity_compensation' build argument 'ament_cmake_args' from command line to 'None'
[0.294s] Level 5:colcon.colcon_core.verb:set package 'gravity_compensation' build argument 'catkin_cmake_args' from command line to 'None'
[0.294s] Level 5:colcon.colcon_core.verb:set package 'gravity_compensation' build argument 'catkin_skip_building_tests' from command line to 'False'
[0.294s] DEBUG:colcon.colcon_core.verb:Building package 'gravity_compensation' with the following arguments: {'ament_cmake_args': None, 'build_base': '/home/zzy/ur_real/build/gravity_compensation', 'catkin_cmake_args': None, 'catkin_skip_building_tests': False, 'cmake_args': None, 'cmake_clean_cache': False, 'cmake_clean_first': False, 'cmake_force_configure': False, 'cmake_target': None, 'cmake_target_skip_unavailable': False, 'install_base': '/home/zzy/ur_real/install/gravity_compensation', 'merge_install': False, 'path': '/home/zzy/ur_real/src/gravity_compensation', 'symlink_install': True, 'test_result_base': None}
[0.294s] Level 5:colcon.colcon_core.verb:set package 'pymoveit2' build argument 'cmake_args' from command line to 'None'
[0.294s] Level 5:colcon.colcon_core.verb:set package 'pymoveit2' build argument 'cmake_target' from command line to 'None'
[0.294s] Level 5:colcon.colcon_core.verb:set package 'pymoveit2' build argument 'cmake_target_skip_unavailable' from command line to 'False'
[0.294s] Level 5:colcon.colcon_core.verb:set package 'pymoveit2' build argument 'cmake_clean_cache' from command line to 'False'
[0.294s] Level 5:colcon.colcon_core.verb:set package 'pymoveit2' build argument 'cmake_clean_first' from command line to 'False'
[0.294s] Level 5:colcon.colcon_core.verb:set package 'pymoveit2' build argument 'cmake_force_configure' from command line to 'False'
[0.294s] Level 5:colcon.colcon_core.verb:set package 'pymoveit2' build argument 'ament_cmake_args' from command line to 'None'
[0.294s] Level 5:colcon.colcon_core.verb:set package 'pymoveit2' build argument 'catkin_cmake_args' from command line to 'None'
[0.294s] Level 5:colcon.colcon_core.verb:set package 'pymoveit2' build argument 'catkin_skip_building_tests' from command line to 'False'
[0.294s] DEBUG:colcon.colcon_core.verb:Building package 'pymoveit2' with the following arguments: {'ament_cmake_args': None, 'build_base': '/home/zzy/ur_real/build/pymoveit2', 'catkin_cmake_args': None, 'catkin_skip_building_tests': False, 'cmake_args': None, 'cmake_clean_cache': False, 'cmake_clean_first': False, 'cmake_force_configure': False, 'cmake_target': None, 'cmake_target_skip_unavailable': False, 'install_base': '/home/zzy/ur_real/install/pymoveit2', 'merge_install': False, 'path': '/home/zzy/ur_real/src/pymoveit2', 'symlink_install': True, 'test_result_base': None}
[0.294s] Level 5:colcon.colcon_core.verb:set package 'ur10_moveit_config' build argument 'cmake_args' from command line to 'None'
[0.294s] Level 5:colcon.colcon_core.verb:set package 'ur10_moveit_config' build argument 'cmake_target' from command line to 'None'
[0.294s] Level 5:colcon.colcon_core.verb:set package 'ur10_moveit_config' build argument 'cmake_target_skip_unavailable' from command line to 'False'
[0.295s] Level 5:colcon.colcon_core.verb:set package 'ur10_moveit_config' build argument 'cmake_clean_cache' from command line to 'False'
[0.295s] Level 5:colcon.colcon_core.verb:set package 'ur10_moveit_config' build argument 'cmake_clean_first' from command line to 'False'
[0.295s] Level 5:colcon.colcon_core.verb:set package 'ur10_moveit_config' build argument 'cmake_force_configure' from command line to 'False'
[0.295s] Level 5:colcon.colcon_core.verb:set package 'ur10_moveit_config' build argument 'ament_cmake_args' from command line to 'None'
[0.295s] Level 5:colcon.colcon_core.verb:set package 'ur10_moveit_config' build argument 'catkin_cmake_args' from command line to 'None'
[0.295s] Level 5:colcon.colcon_core.verb:set package 'ur10_moveit_config' build argument 'catkin_skip_building_tests' from command line to 'False'
[0.295s] DEBUG:colcon.colcon_core.verb:Building package 'ur10_moveit_config' with the following arguments: {'ament_cmake_args': None, 'build_base': '/home/zzy/ur_real/build/ur10_moveit_config', 'catkin_cmake_args': None, 'catkin_skip_building_tests': False, 'cmake_args': None, 'cmake_clean_cache': False, 'cmake_clean_first': False, 'cmake_force_configure': False, 'cmake_target': None, 'cmake_target_skip_unavailable': False, 'install_base': '/home/zzy/ur_real/install/ur10_moveit_config', 'merge_install': False, 'path': '/home/zzy/ur_real/src/ur10_moveit_config', 'symlink_install': True, 'test_result_base': None}
[0.295s] Level 5:colcon.colcon_core.verb:set package 'ur10_vel' build argument 'cmake_args' from command line to 'None'
[0.295s] Level 5:colcon.colcon_core.verb:set package 'ur10_vel' build argument 'cmake_target' from command line to 'None'
[0.295s] Level 5:colcon.colcon_core.verb:set package 'ur10_vel' build argument 'cmake_target_skip_unavailable' from command line to 'False'
[0.295s] Level 5:colcon.colcon_core.verb:set package 'ur10_vel' build argument 'cmake_clean_cache' from command line to 'False'
[0.295s] Level 5:colcon.colcon_core.verb:set package 'ur10_vel' build argument 'cmake_clean_first' from command line to 'False'
[0.295s] Level 5:colcon.colcon_core.verb:set package 'ur10_vel' build argument 'cmake_force_configure' from command line to 'False'
[0.295s] Level 5:colcon.colcon_core.verb:set package 'ur10_vel' build argument 'ament_cmake_args' from command line to 'None'
[0.295s] Level 5:colcon.colcon_core.verb:set package 'ur10_vel' build argument 'catkin_cmake_args' from command line to 'None'
[0.295s] Level 5:colcon.colcon_core.verb:set package 'ur10_vel' build argument 'catkin_skip_building_tests' from command line to 'False'
[0.295s] DEBUG:colcon.colcon_core.verb:Building package 'ur10_vel' with the following arguments: {'ament_cmake_args': None, 'build_base': '/home/zzy/ur_real/build/ur10_vel', 'catkin_cmake_args': None, 'catkin_skip_building_tests': False, 'cmake_args': None, 'cmake_clean_cache': False, 'cmake_clean_first': False, 'cmake_force_configure': False, 'cmake_target': None, 'cmake_target_skip_unavailable': False, 'install_base': '/home/zzy/ur_real/install/ur10_vel', 'merge_install': False, 'path': '/home/zzy/ur_real/src/ur10_vel', 'symlink_install': True, 'test_result_base': None}
[0.295s] Level 5:colcon.colcon_core.verb:set package 'ur_bringup' build argument 'cmake_args' from command line to 'None'
[0.295s] Level 5:colcon.colcon_core.verb:set package 'ur_bringup' build argument 'cmake_target' from command line to 'None'
[0.295s] Level 5:colcon.colcon_core.verb:set package 'ur_bringup' build argument 'cmake_target_skip_unavailable' from command line to 'False'
[0.295s] Level 5:colcon.colcon_core.verb:set package 'ur_bringup' build argument 'cmake_clean_cache' from command line to 'False'
[0.295s] Level 5:colcon.colcon_core.verb:set package 'ur_bringup' build argument 'cmake_clean_first' from command line to 'False'
[0.295s] Level 5:colcon.colcon_core.verb:set package 'ur_bringup' build argument 'cmake_force_configure' from command line to 'False'
[0.295s] Level 5:colcon.colcon_core.verb:set package 'ur_bringup' build argument 'ament_cmake_args' from command line to 'None'
[0.295s] Level 5:colcon.colcon_core.verb:set package 'ur_bringup' build argument 'catkin_cmake_args' from command line to 'None'
[0.295s] Level 5:colcon.colcon_core.verb:set package 'ur_bringup' build argument 'catkin_skip_building_tests' from command line to 'False'
[0.295s] DEBUG:colcon.colcon_core.verb:Building package 'ur_bringup' with the following arguments: {'ament_cmake_args': None, 'build_base': '/home/zzy/ur_real/build/ur_bringup', 'catkin_cmake_args': None, 'catkin_skip_building_tests': False, 'cmake_args': None, 'cmake_clean_cache': False, 'cmake_clean_first': False, 'cmake_force_configure': False, 'cmake_target': None, 'cmake_target_skip_unavailable': False, 'install_base': '/home/zzy/ur_real/install/ur_bringup', 'merge_install': False, 'path': '/home/zzy/ur_real/src/ur_bringup', 'symlink_install': True, 'test_result_base': None}
[0.295s] Level 5:colcon.colcon_core.verb:set package 'easy_handeye2' build argument 'cmake_args' from command line to 'None'
[0.295s] Level 5:colcon.colcon_core.verb:set package 'easy_handeye2' build argument 'cmake_target' from command line to 'None'
[0.295s] Level 5:colcon.colcon_core.verb:set package 'easy_handeye2' build argument 'cmake_target_skip_unavailable' from command line to 'False'
[0.295s] Level 5:colcon.colcon_core.verb:set package 'easy_handeye2' build argument 'cmake_clean_cache' from command line to 'False'
[0.295s] Level 5:colcon.colcon_core.verb:set package 'easy_handeye2' build argument 'cmake_clean_first' from command line to 'False'
[0.295s] Level 5:colcon.colcon_core.verb:set package 'easy_handeye2' build argument 'cmake_force_configure' from command line to 'False'
[0.295s] Level 5:colcon.colcon_core.verb:set package 'easy_handeye2' build argument 'ament_cmake_args' from command line to 'None'
[0.295s] Level 5:colcon.colcon_core.verb:set package 'easy_handeye2' build argument 'catkin_cmake_args' from command line to 'None'
[0.295s] Level 5:colcon.colcon_core.verb:set package 'easy_handeye2' build argument 'catkin_skip_building_tests' from command line to 'False'
[0.296s] DEBUG:colcon.colcon_core.verb:Building package 'easy_handeye2' with the following arguments: {'ament_cmake_args': None, 'build_base': '/home/zzy/ur_real/build/easy_handeye2', 'catkin_cmake_args': None, 'catkin_skip_building_tests': False, 'cmake_args': None, 'cmake_clean_cache': False, 'cmake_clean_first': False, 'cmake_force_configure': False, 'cmake_target': None, 'cmake_target_skip_unavailable': False, 'install_base': '/home/zzy/ur_real/install/easy_handeye2', 'merge_install': False, 'path': '/home/zzy/ur_real/src/easy_handeye2/easy_handeye2', 'symlink_install': True, 'test_result_base': None}
[0.296s] INFO:colcon.colcon_core.executor:Executing jobs using 'parallel' executor
[0.296s] DEBUG:colcon.colcon_parallel_executor.executor.parallel:run_until_complete
[0.296s] INFO:colcon.colcon_ros.task.ament_cmake.build:Building ROS package in '/home/zzy/ur_real/src/easy_handeye2/easy_handeye2_msgs' with build type 'ament_cmake'
[0.297s] INFO:colcon.colcon_cmake.task.cmake.build:Building CMake package in '/home/zzy/ur_real/src/easy_handeye2/easy_handeye2_msgs'
[0.307s] INFO:colcon.colcon_core.plugin_system:Skipping extension 'colcon_core.shell.bat': Not used on non-Windows systems
[0.307s] INFO:colcon.colcon_core.shell:Skip shell extension 'powershell' for command environment: Not usable outside of PowerShell
[0.307s] DEBUG:colcon.colcon_core.shell:Skip shell extension 'dsv' for command environment
[0.310s] INFO:colcon.colcon_ros.task.ament_python.build:Building ROS package in '/home/zzy/ur_real/src/ati_sensor' with build type 'ament_python'
[0.310s] Level 1:colcon.colcon_core.shell:create_environment_hook('ati_sensor', 'ament_prefix_path')
[0.310s] INFO:colcon.colcon_core.shell:Creating environment hook '/home/zzy/ur_real/install/ati_sensor/share/ati_sensor/hook/ament_prefix_path.ps1'
[0.311s] INFO:colcon.colcon_core.shell:Creating environment descriptor '/home/zzy/ur_real/install/ati_sensor/share/ati_sensor/hook/ament_prefix_path.dsv'
[0.311s] INFO:colcon.colcon_core.shell:Creating environment hook '/home/zzy/ur_real/install/ati_sensor/share/ati_sensor/hook/ament_prefix_path.sh'
[0.312s] INFO:colcon.colcon_core.shell:Skip shell extension 'powershell' for command environment: Not usable outside of PowerShell
[0.312s] DEBUG:colcon.colcon_core.shell:Skip shell extension 'dsv' for command environment
[0.314s] INFO:colcon.colcon_ros.task.ament_python.build:Building ROS package in '/home/zzy/ur_real/src/camera' with build type 'ament_python'
[0.314s] Level 1:colcon.colcon_core.shell:create_environment_hook('camera', 'ament_prefix_path')
[0.314s] INFO:colcon.colcon_core.shell:Creating environment hook '/home/zzy/ur_real/install/camera/share/camera/hook/ament_prefix_path.ps1'
[0.315s] INFO:colcon.colcon_core.shell:Creating environment descriptor '/home/zzy/ur_real/install/camera/share/camera/hook/ament_prefix_path.dsv'
[0.315s] INFO:colcon.colcon_core.shell:Creating environment hook '/home/zzy/ur_real/install/camera/share/camera/hook/ament_prefix_path.sh'
[0.315s] INFO:colcon.colcon_core.shell:Skip shell extension 'powershell' for command environment: Not usable outside of PowerShell
[0.315s] DEBUG:colcon.colcon_core.shell:Skip shell extension 'dsv' for command environment
[0.317s] INFO:colcon.colcon_ros.task.ament_cmake.build:Building ROS package in '/home/zzy/ur_real/src/ferrobotics' with build type 'ament_cmake'
[0.317s] INFO:colcon.colcon_cmake.task.cmake.build:Building CMake package in '/home/zzy/ur_real/src/ferrobotics'
[0.317s] INFO:colcon.colcon_core.shell:Skip shell extension 'powershell' for command environment: Not usable outside of PowerShell
[0.317s] DEBUG:colcon.colcon_core.shell:Skip shell extension 'dsv' for command environment
[0.320s] INFO:colcon.colcon_ros.task.ament_python.build:Building ROS package in '/home/zzy/ur_real/src/ferrobotics_acf' with build type 'ament_python'
[0.320s] Level 1:colcon.colcon_core.shell:create_environment_hook('ferrobotics_acf', 'ament_prefix_path')
[0.320s] INFO:colcon.colcon_core.shell:Creating environment hook '/home/zzy/ur_real/install/ferrobotics_acf/share/ferrobotics_acf/hook/ament_prefix_path.ps1'
[0.320s] INFO:colcon.colcon_core.shell:Creating environment descriptor '/home/zzy/ur_real/install/ferrobotics_acf/share/ferrobotics_acf/hook/ament_prefix_path.dsv'
[0.320s] INFO:colcon.colcon_core.shell:Creating environment hook '/home/zzy/ur_real/install/ferrobotics_acf/share/ferrobotics_acf/hook/ament_prefix_path.sh'
[0.320s] INFO:colcon.colcon_core.shell:Skip shell extension 'powershell' for command environment: Not usable outside of PowerShell
[0.320s] DEBUG:colcon.colcon_core.shell:Skip shell extension 'dsv' for command environment
[0.323s] INFO:colcon.colcon_ros.task.ament_python.build:Building ROS package in '/home/zzy/ur_real/src/gravity_compensation' with build type 'ament_python'
[0.323s] Level 1:colcon.colcon_core.shell:create_environment_hook('gravity_compensation', 'ament_prefix_path')
[0.323s] INFO:colcon.colcon_core.shell:Creating environment hook '/home/zzy/ur_real/install/gravity_compensation/share/gravity_compensation/hook/ament_prefix_path.ps1'
[0.323s] INFO:colcon.colcon_core.shell:Creating environment descriptor '/home/zzy/ur_real/install/gravity_compensation/share/gravity_compensation/hook/ament_prefix_path.dsv'
[0.323s] INFO:colcon.colcon_core.shell:Creating environment hook '/home/zzy/ur_real/install/gravity_compensation/share/gravity_compensation/hook/ament_prefix_path.sh'
[0.324s] INFO:colcon.colcon_core.shell:Skip shell extension 'powershell' for command environment: Not usable outside of PowerShell
[0.324s] DEBUG:colcon.colcon_core.shell:Skip shell extension 'dsv' for command environment
[0.326s] INFO:colcon.colcon_ros.task.ament_cmake.build:Building ROS package in '/home/zzy/ur_real/src/pymoveit2' with build type 'ament_cmake'
[0.326s] INFO:colcon.colcon_cmake.task.cmake.build:Building CMake package in '/home/zzy/ur_real/src/pymoveit2'
[0.326s] INFO:colcon.colcon_core.shell:Skip shell extension 'powershell' for command environment: Not usable outside of PowerShell
[0.326s] DEBUG:colcon.colcon_core.shell:Skip shell extension 'dsv' for command environment
[0.328s] INFO:colcon.colcon_ros.task.ament_cmake.build:Building ROS package in '/home/zzy/ur_real/src/ur10_moveit_config' with build type 'ament_cmake'
[0.328s] INFO:colcon.colcon_cmake.task.cmake.build:Building CMake package in '/home/zzy/ur_real/src/ur10_moveit_config'
[0.328s] INFO:colcon.colcon_core.shell:Skip shell extension 'powershell' for command environment: Not usable outside of PowerShell
[0.328s] DEBUG:colcon.colcon_core.shell:Skip shell extension 'dsv' for command environment
[0.330s] INFO:colcon.colcon_ros.task.ament_python.build:Building ROS package in '/home/zzy/ur_real/src/ur10_vel' with build type 'ament_python'
[0.331s] Level 1:colcon.colcon_core.shell:create_environment_hook('ur10_vel', 'ament_prefix_path')
[0.331s] INFO:colcon.colcon_core.shell:Creating environment hook '/home/zzy/ur_real/install/ur10_vel/share/ur10_vel/hook/ament_prefix_path.ps1'
[0.331s] INFO:colcon.colcon_core.shell:Creating environment descriptor '/home/zzy/ur_real/install/ur10_vel/share/ur10_vel/hook/ament_prefix_path.dsv'
[0.331s] INFO:colcon.colcon_core.shell:Creating environment hook '/home/zzy/ur_real/install/ur10_vel/share/ur10_vel/hook/ament_prefix_path.sh'
[0.331s] INFO:colcon.colcon_core.shell:Skip shell extension 'powershell' for command environment: Not usable outside of PowerShell
[0.331s] DEBUG:colcon.colcon_core.shell:Skip shell extension 'dsv' for command environment
[0.334s] INFO:colcon.colcon_ros.task.ament_cmake.build:Building ROS package in '/home/zzy/ur_real/src/ur_bringup' with build type 'ament_cmake'
[0.334s] INFO:colcon.colcon_cmake.task.cmake.build:Building CMake package in '/home/zzy/ur_real/src/ur_bringup'
[0.334s] INFO:colcon.colcon_core.shell:Skip shell extension 'powershell' for command environment: Not usable outside of PowerShell
[0.334s] DEBUG:colcon.colcon_core.shell:Skip shell extension 'dsv' for command environment
[0.341s] DEBUG:colcon.colcon_core.event_handler.log_command:Invoking command in '/home/zzy/ur_real/build/easy_handeye2_msgs': CMAKE_PREFIX_PATH=${CMAKE_PREFIX_PATH}:/home/zzy/ur_real/install/ur10_vel:/home/zzy/ur_real/install/gravity_compensation:/home/zzy/ur_real/install/ferrobotics_acf:/home/zzy/ur_real/install/easy_handeye2:/home/zzy/ur_real/install/camera:/home/zzy/ur_real/install/ati_sensor:/opt/ros/humble /usr/bin/cmake --build /home/zzy/ur_real/build/easy_handeye2_msgs -- -j24 -l24
[0.485s] INFO:colcon.colcon_core.task.python.build:Building Python package in '/home/zzy/ur_real/src/ati_sensor'
[0.485s] INFO:colcon.colcon_core.shell:Skip shell extension 'powershell' for command environment: Not usable outside of PowerShell
[0.486s] DEBUG:colcon.colcon_core.shell:Skip shell extension 'dsv' for command environment
[0.641s] INFO:colcon.colcon_core.task.python.build:Building Python package in '/home/zzy/ur_real/src/camera'
[0.641s] INFO:colcon.colcon_core.shell:Skip shell extension 'powershell' for command environment: Not usable outside of PowerShell
[0.641s] DEBUG:colcon.colcon_core.shell:Skip shell extension 'dsv' for command environment
[0.647s] DEBUG:colcon.colcon_core.event_handler.log_command:Invoking command in '/home/zzy/ur_real/build/ferrobotics': CMAKE_PREFIX_PATH=${CMAKE_PREFIX_PATH}:/home/zzy/ur_real/install/ur10_vel:/home/zzy/ur_real/install/gravity_compensation:/home/zzy/ur_real/install/ferrobotics_acf:/home/zzy/ur_real/install/easy_handeye2:/home/zzy/ur_real/install/camera:/home/zzy/ur_real/install/ati_sensor:/opt/ros/humble /usr/bin/cmake --build /home/zzy/ur_real/build/ferrobotics -- -j24 -l24
[0.791s] INFO:colcon.colcon_core.task.python.build:Building Python package in '/home/zzy/ur_real/src/ferrobotics_acf'
[0.792s] INFO:colcon.colcon_core.shell:Skip shell extension 'powershell' for command environment: Not usable outside of PowerShell
[0.792s] DEBUG:colcon.colcon_core.shell:Skip shell extension 'dsv' for command environment
[0.937s] INFO:colcon.colcon_core.task.python.build:Building Python package in '/home/zzy/ur_real/src/gravity_compensation'
[0.937s] INFO:colcon.colcon_core.shell:Skip shell extension 'powershell' for command environment: Not usable outside of PowerShell
[0.937s] DEBUG:colcon.colcon_core.shell:Skip shell extension 'dsv' for command environment
[0.942s] DEBUG:colcon.colcon_core.event_handler.log_command:Invoking command in '/home/zzy/ur_real/build/pymoveit2': CMAKE_PREFIX_PATH=${CMAKE_PREFIX_PATH}:/home/zzy/ur_real/install/ur10_vel:/home/zzy/ur_real/install/gravity_compensation:/home/zzy/ur_real/install/ferrobotics_acf:/home/zzy/ur_real/install/easy_handeye2:/home/zzy/ur_real/install/camera:/home/zzy/ur_real/install/ati_sensor:/opt/ros/humble /usr/bin/cmake --build /home/zzy/ur_real/build/pymoveit2 -- -j24 -l24
[0.944s] DEBUG:colcon.colcon_core.event_handler.log_command:Invoking command in '/home/zzy/ur_real/build/ur10_moveit_config': CMAKE_PREFIX_PATH=${CMAKE_PREFIX_PATH}:/home/zzy/ur_real/install/ur10_vel:/home/zzy/ur_real/install/gravity_compensation:/home/zzy/ur_real/install/ferrobotics_acf:/home/zzy/ur_real/install/easy_handeye2:/home/zzy/ur_real/install/camera:/home/zzy/ur_real/install/ati_sensor:/opt/ros/humble /usr/bin/cmake --build /home/zzy/ur_real/build/ur10_moveit_config -- -j24 -l24
[1.088s] INFO:colcon.colcon_core.task.python.build:Building Python package in '/home/zzy/ur_real/src/ur10_vel'
[1.089s] INFO:colcon.colcon_core.shell:Skip shell extension 'powershell' for command environment: Not usable outside of PowerShell
[1.089s] DEBUG:colcon.colcon_core.shell:Skip shell extension 'dsv' for command environment
[1.098s] DEBUG:colcon.colcon_core.event_handler.log_command:Invoking command in '/home/zzy/ur_real/build/ur_bringup': CMAKE_PREFIX_PATH=${CMAKE_PREFIX_PATH}:/home/zzy/ur_real/install/ur10_vel:/home/zzy/ur_real/install/gravity_compensation:/home/zzy/ur_real/install/ferrobotics_acf:/home/zzy/ur_real/install/easy_handeye2:/home/zzy/ur_real/install/camera:/home/zzy/ur_real/install/ati_sensor:/opt/ros/humble /usr/bin/cmake --build /home/zzy/ur_real/build/ur_bringup -- -j24 -l24
[1.100s] DEBUG:colcon.colcon_core.event_handler.log_command:Invoked command in '/home/zzy/ur_real/build/ferrobotics' returned '0': CMAKE_PREFIX_PATH=${CMAKE_PREFIX_PATH}:/home/zzy/ur_real/install/ur10_vel:/home/zzy/ur_real/install/gravity_compensation:/home/zzy/ur_real/install/ferrobotics_acf:/home/zzy/ur_real/install/easy_handeye2:/home/zzy/ur_real/install/camera:/home/zzy/ur_real/install/ati_sensor:/opt/ros/humble /usr/bin/cmake --build /home/zzy/ur_real/build/ferrobotics -- -j24 -l24
[1.101s] DEBUG:colcon.colcon_core.event_handler.log_command:Invoked command in '/home/zzy/ur_real/build/ur10_moveit_config' returned '0': CMAKE_PREFIX_PATH=${CMAKE_PREFIX_PATH}:/home/zzy/ur_real/install/ur10_vel:/home/zzy/ur_real/install/gravity_compensation:/home/zzy/ur_real/install/ferrobotics_acf:/home/zzy/ur_real/install/easy_handeye2:/home/zzy/ur_real/install/camera:/home/zzy/ur_real/install/ati_sensor:/opt/ros/humble /usr/bin/cmake --build /home/zzy/ur_real/build/ur10_moveit_config -- -j24 -l24
[1.101s] DEBUG:colcon.colcon_core.event_handler.log_command:Invoked command in '/home/zzy/ur_real/build/easy_handeye2_msgs' returned '0': CMAKE_PREFIX_PATH=${CMAKE_PREFIX_PATH}:/home/zzy/ur_real/install/ur10_vel:/home/zzy/ur_real/install/gravity_compensation:/home/zzy/ur_real/install/ferrobotics_acf:/home/zzy/ur_real/install/easy_handeye2:/home/zzy/ur_real/install/camera:/home/zzy/ur_real/install/ati_sensor:/opt/ros/humble /usr/bin/cmake --build /home/zzy/ur_real/build/easy_handeye2_msgs -- -j24 -l24
[1.124s] DEBUG:colcon.colcon_core.event_handler.log_command:Invoking command in '/home/zzy/ur_real/build/ur10_moveit_config': CMAKE_PREFIX_PATH=${CMAKE_PREFIX_PATH}:/home/zzy/ur_real/install/ur10_vel:/home/zzy/ur_real/install/gravity_compensation:/home/zzy/ur_real/install/ferrobotics_acf:/home/zzy/ur_real/install/easy_handeye2:/home/zzy/ur_real/install/camera:/home/zzy/ur_real/install/ati_sensor:/opt/ros/humble /usr/bin/cmake --install /home/zzy/ur_real/build/ur10_moveit_config
[1.142s] DEBUG:colcon.colcon_core.event_handler.log_command:Invoked command in '/home/zzy/ur_real/build/ur_bringup' returned '0': CMAKE_PREFIX_PATH=${CMAKE_PREFIX_PATH}:/home/zzy/ur_real/install/ur10_vel:/home/zzy/ur_real/install/gravity_compensation:/home/zzy/ur_real/install/ferrobotics_acf:/home/zzy/ur_real/install/easy_handeye2:/home/zzy/ur_real/install/camera:/home/zzy/ur_real/install/ati_sensor:/opt/ros/humble /usr/bin/cmake --build /home/zzy/ur_real/build/ur_bringup -- -j24 -l24
[1.146s] Level 1:colcon.colcon_core.environment:create_environment_scripts_only(ur10_moveit_config)
[1.147s] DEBUG:colcon.colcon_core.event_handler.log_command:Invoked command in '/home/zzy/ur_real/build/ur10_moveit_config' returned '0': CMAKE_PREFIX_PATH=${CMAKE_PREFIX_PATH}:/home/zzy/ur_real/install/ur10_vel:/home/zzy/ur_real/install/gravity_compensation:/home/zzy/ur_real/install/ferrobotics_acf:/home/zzy/ur_real/install/easy_handeye2:/home/zzy/ur_real/install/camera:/home/zzy/ur_real/install/ati_sensor:/opt/ros/humble /usr/bin/cmake --install /home/zzy/ur_real/build/ur10_moveit_config
[1.152s] Level 1:colcon.colcon_core.environment:checking '/home/zzy/ur_real/install/ur10_moveit_config' for CMake module files
[1.153s] Level 1:colcon.colcon_core.environment:checking '/home/zzy/ur_real/install/ur10_moveit_config' for CMake config files
[1.153s] Level 1:colcon.colcon_core.shell:create_environment_hook('ur10_moveit_config', 'cmake_prefix_path')
[1.153s] INFO:colcon.colcon_core.shell:Creating environment hook '/home/zzy/ur_real/install/ur10_moveit_config/share/ur10_moveit_config/hook/cmake_prefix_path.ps1'
[1.154s] INFO:colcon.colcon_core.shell:Creating environment descriptor '/home/zzy/ur_real/install/ur10_moveit_config/share/ur10_moveit_config/hook/cmake_prefix_path.dsv'
[1.154s] INFO:colcon.colcon_core.shell:Creating environment hook '/home/zzy/ur_real/install/ur10_moveit_config/share/ur10_moveit_config/hook/cmake_prefix_path.sh'
[1.155s] Level 1:colcon.colcon_core.environment:checking '/home/zzy/ur_real/install/ur10_moveit_config/bin'
[1.155s] Level 1:colcon.colcon_core.environment:checking '/home/zzy/ur_real/install/ur10_moveit_config/lib/pkgconfig/ur10_moveit_config.pc'
[1.155s] Level 1:colcon.colcon_core.environment:checking '/home/zzy/ur_real/install/ur10_moveit_config/lib/python3.10/site-packages'
[1.155s] Level 1:colcon.colcon_core.environment:checking '/home/zzy/ur_real/install/ur10_moveit_config/bin'
[1.156s] INFO:colcon.colcon_core.shell:Creating package script '/home/zzy/ur_real/install/ur10_moveit_config/share/ur10_moveit_config/package.ps1'
[1.157s] INFO:colcon.colcon_core.shell:Creating package descriptor '/home/zzy/ur_real/install/ur10_moveit_config/share/ur10_moveit_config/package.dsv'
[1.158s] INFO:colcon.colcon_core.shell:Creating package script '/home/zzy/ur_real/install/ur10_moveit_config/share/ur10_moveit_config/package.sh'
[1.159s] INFO:colcon.colcon_core.shell:Creating package script '/home/zzy/ur_real/install/ur10_moveit_config/share/ur10_moveit_config/package.bash'
[1.160s] INFO:colcon.colcon_core.shell:Creating package script '/home/zzy/ur_real/install/ur10_moveit_config/share/ur10_moveit_config/package.zsh'
[1.161s] Level 1:colcon.colcon_core.environment:create_file_with_runtime_dependencies(/home/zzy/ur_real/install/ur10_moveit_config/share/colcon-core/packages/ur10_moveit_config)
[1.164s] DEBUG:colcon.colcon_core.event_handler.log_command:Invoking command in '/home/zzy/ur_real/build/ferrobotics': CMAKE_PREFIX_PATH=${CMAKE_PREFIX_PATH}:/home/zzy/ur_real/install/ur10_vel:/home/zzy/ur_real/install/gravity_compensation:/home/zzy/ur_real/install/ferrobotics_acf:/home/zzy/ur_real/install/easy_handeye2:/home/zzy/ur_real/install/camera:/home/zzy/ur_real/install/ati_sensor:/opt/ros/humble /usr/bin/cmake --install /home/zzy/ur_real/build/ferrobotics
[1.165s] DEBUG:colcon.colcon_core.event_handler.log_command:Invoking command in '/home/zzy/ur_real/build/ur_bringup': CMAKE_PREFIX_PATH=${CMAKE_PREFIX_PATH}:/home/zzy/ur_real/install/ur10_vel:/home/zzy/ur_real/install/gravity_compensation:/home/zzy/ur_real/install/ferrobotics_acf:/home/zzy/ur_real/install/easy_handeye2:/home/zzy/ur_real/install/camera:/home/zzy/ur_real/install/ati_sensor:/opt/ros/humble /usr/bin/cmake --install /home/zzy/ur_real/build/ur_bringup
[1.177s] Level 1:colcon.colcon_core.environment:create_environment_scripts_only(ur10_moveit_config)
[1.177s] Level 1:colcon.colcon_core.environment:checking '/home/zzy/ur_real/install/ur10_moveit_config' for CMake module files
[1.181s] Level 1:colcon.colcon_core.environment:checking '/home/zzy/ur_real/install/ur10_moveit_config' for CMake config files
[1.182s] Level 1:colcon.colcon_core.shell:create_environment_hook('ur10_moveit_config', 'cmake_prefix_path')
[1.183s] INFO:colcon.colcon_core.shell:Creating environment hook '/home/zzy/ur_real/install/ur10_moveit_config/share/ur10_moveit_config/hook/cmake_prefix_path.ps1'
[1.184s] INFO:colcon.colcon_core.shell:Creating environment descriptor '/home/zzy/ur_real/install/ur10_moveit_config/share/ur10_moveit_config/hook/cmake_prefix_path.dsv'
[1.185s] INFO:colcon.colcon_core.shell:Creating environment hook '/home/zzy/ur_real/install/ur10_moveit_config/share/ur10_moveit_config/hook/cmake_prefix_path.sh'
[1.185s] Level 1:colcon.colcon_core.environment:checking '/home/zzy/ur_real/install/ur10_moveit_config/bin'
[1.186s] Level 1:colcon.colcon_core.environment:checking '/home/zzy/ur_real/install/ur10_moveit_config/lib/pkgconfig/ur10_moveit_config.pc'
[1.186s] Level 1:colcon.colcon_core.environment:checking '/home/zzy/ur_real/install/ur10_moveit_config/lib/python3.10/site-packages'
[1.186s] Level 1:colcon.colcon_core.environment:checking '/home/zzy/ur_real/install/ur10_moveit_config/bin'
[1.187s] INFO:colcon.colcon_core.shell:Creating package script '/home/zzy/ur_real/install/ur10_moveit_config/share/ur10_moveit_config/package.ps1'
[1.188s] INFO:colcon.colcon_core.shell:Creating package descriptor '/home/zzy/ur_real/install/ur10_moveit_config/share/ur10_moveit_config/package.dsv'
[1.190s] INFO:colcon.colcon_core.shell:Creating package script '/home/zzy/ur_real/install/ur10_moveit_config/share/ur10_moveit_config/package.sh'
[1.190s] INFO:colcon.colcon_core.shell:Creating package script '/home/zzy/ur_real/install/ur10_moveit_config/share/ur10_moveit_config/package.bash'
[1.191s] INFO:colcon.colcon_core.shell:Creating package script '/home/zzy/ur_real/install/ur10_moveit_config/share/ur10_moveit_config/package.zsh'
[1.192s] Level 1:colcon.colcon_core.environment:create_file_with_runtime_dependencies(/home/zzy/ur_real/install/ur10_moveit_config/share/colcon-core/packages/ur10_moveit_config)
[1.194s] Level 1:colcon.colcon_core.environment:create_environment_scripts_only(ur_bringup)
[1.194s] Level 1:colcon.colcon_core.environment:checking '/home/zzy/ur_real/install/ur_bringup' for CMake module files
[1.195s] DEBUG:colcon.colcon_core.event_handler.log_command:Invoked command in '/home/zzy/ur_real/build/ur_bringup' returned '0': CMAKE_PREFIX_PATH=${CMAKE_PREFIX_PATH}:/home/zzy/ur_real/install/ur10_vel:/home/zzy/ur_real/install/gravity_compensation:/home/zzy/ur_real/install/ferrobotics_acf:/home/zzy/ur_real/install/easy_handeye2:/home/zzy/ur_real/install/camera:/home/zzy/ur_real/install/ati_sensor:/opt/ros/humble /usr/bin/cmake --install /home/zzy/ur_real/build/ur_bringup
[1.197s] Level 1:colcon.colcon_core.environment:checking '/home/zzy/ur_real/install/ur_bringup' for CMake config files
[1.197s] Level 1:colcon.colcon_core.shell:create_environment_hook('ur_bringup', 'cmake_prefix_path')
[1.197s] INFO:colcon.colcon_core.shell:Creating environment hook '/home/zzy/ur_real/install/ur_bringup/share/ur_bringup/hook/cmake_prefix_path.ps1'
[1.198s] INFO:colcon.colcon_core.shell:Creating environment descriptor '/home/zzy/ur_real/install/ur_bringup/share/ur_bringup/hook/cmake_prefix_path.dsv'
[1.198s] INFO:colcon.colcon_core.shell:Creating environment hook '/home/zzy/ur_real/install/ur_bringup/share/ur_bringup/hook/cmake_prefix_path.sh'
[1.199s] Level 1:colcon.colcon_core.environment:checking '/home/zzy/ur_real/install/ur_bringup/bin'
[1.199s] Level 1:colcon.colcon_core.environment:checking '/home/zzy/ur_real/install/ur_bringup/lib/pkgconfig/ur_bringup.pc'
[1.199s] Level 1:colcon.colcon_core.environment:checking '/home/zzy/ur_real/install/ur_bringup/lib/python3.10/site-packages'
[1.199s] Level 1:colcon.colcon_core.environment:checking '/home/zzy/ur_real/install/ur_bringup/bin'
[1.200s] INFO:colcon.colcon_core.shell:Creating package script '/home/zzy/ur_real/install/ur_bringup/share/ur_bringup/package.ps1'
[1.200s] INFO:colcon.colcon_core.shell:Creating package descriptor '/home/zzy/ur_real/install/ur_bringup/share/ur_bringup/package.dsv'
[1.201s] INFO:colcon.colcon_core.shell:Creating package script '/home/zzy/ur_real/install/ur_bringup/share/ur_bringup/package.sh'
[1.201s] INFO:colcon.colcon_core.shell:Creating package script '/home/zzy/ur_real/install/ur_bringup/share/ur_bringup/package.bash'
[1.202s] INFO:colcon.colcon_core.shell:Creating package script '/home/zzy/ur_real/install/ur_bringup/share/ur_bringup/package.zsh'
[1.202s] Level 1:colcon.colcon_core.environment:create_file_with_runtime_dependencies(/home/zzy/ur_real/install/ur_bringup/share/colcon-core/packages/ur_bringup)
[1.221s] Level 1:colcon.colcon_core.environment:create_environment_scripts_only(ur_bringup)
[1.221s] Level 1:colcon.colcon_core.environment:checking '/home/zzy/ur_real/install/ur_bringup' for CMake module files
[1.222s] Level 1:colcon.colcon_core.environment:checking '/home/zzy/ur_real/install/ur_bringup' for CMake config files
[1.222s] Level 1:colcon.colcon_core.shell:create_environment_hook('ur_bringup', 'cmake_prefix_path')
[1.222s] INFO:colcon.colcon_core.shell:Creating environment hook '/home/zzy/ur_real/install/ur_bringup/share/ur_bringup/hook/cmake_prefix_path.ps1'
[1.223s] INFO:colcon.colcon_core.shell:Creating environment descriptor '/home/zzy/ur_real/install/ur_bringup/share/ur_bringup/hook/cmake_prefix_path.dsv'
[1.223s] INFO:colcon.colcon_core.shell:Creating environment hook '/home/zzy/ur_real/install/ur_bringup/share/ur_bringup/hook/cmake_prefix_path.sh'
[1.224s] Level 1:colcon.colcon_core.environment:checking '/home/zzy/ur_real/install/ur_bringup/bin'
[1.224s] Level 1:colcon.colcon_core.environment:checking '/home/zzy/ur_real/install/ur_bringup/lib/pkgconfig/ur_bringup.pc'
[1.224s] Level 1:colcon.colcon_core.environment:checking '/home/zzy/ur_real/install/ur_bringup/lib/python3.10/site-packages'
[1.224s] Level 1:colcon.colcon_core.environment:checking '/home/zzy/ur_real/install/ur_bringup/bin'
[1.225s] INFO:colcon.colcon_core.shell:Creating package script '/home/zzy/ur_real/install/ur_bringup/share/ur_bringup/package.ps1'
[1.225s] INFO:colcon.colcon_core.shell:Creating package descriptor '/home/zzy/ur_real/install/ur_bringup/share/ur_bringup/package.dsv'
[1.226s] INFO:colcon.colcon_core.shell:Creating package script '/home/zzy/ur_real/install/ur_bringup/share/ur_bringup/package.sh'
[1.226s] INFO:colcon.colcon_core.shell:Creating package script '/home/zzy/ur_real/install/ur_bringup/share/ur_bringup/package.bash'
[1.227s] INFO:colcon.colcon_core.shell:Creating package script '/home/zzy/ur_real/install/ur_bringup/share/ur_bringup/package.zsh'
[1.227s] Level 1:colcon.colcon_core.environment:create_file_with_runtime_dependencies(/home/zzy/ur_real/install/ur_bringup/share/colcon-core/packages/ur_bringup)
[1.230s] DEBUG:colcon.colcon_core.event_handler.log_command:Invoked command in '/home/zzy/ur_real/build/pymoveit2' returned '0': CMAKE_PREFIX_PATH=${CMAKE_PREFIX_PATH}:/home/zzy/ur_real/install/ur10_vel:/home/zzy/ur_real/install/gravity_compensation:/home/zzy/ur_real/install/ferrobotics_acf:/home/zzy/ur_real/install/easy_handeye2:/home/zzy/ur_real/install/camera:/home/zzy/ur_real/install/ati_sensor:/opt/ros/humble /usr/bin/cmake --build /home/zzy/ur_real/build/pymoveit2 -- -j24 -l24
[1.249s] DEBUG:colcon.colcon_core.event_handler.log_command:Invoking command in '/home/zzy/ur_real/build/pymoveit2': CMAKE_PREFIX_PATH=${CMAKE_PREFIX_PATH}:/home/zzy/ur_real/install/ur10_vel:/home/zzy/ur_real/install/gravity_compensation:/home/zzy/ur_real/install/ferrobotics_acf:/home/zzy/ur_real/install/easy_handeye2:/home/zzy/ur_real/install/camera:/home/zzy/ur_real/install/ati_sensor:/opt/ros/humble /usr/bin/cmake --install /home/zzy/ur_real/build/pymoveit2
[1.282s] Level 1:colcon.colcon_core.environment:create_environment_scripts_only(ferrobotics)
[1.282s] Level 1:colcon.colcon_core.environment:checking '/home/zzy/ur_real/install/ferrobotics' for CMake module files
[1.282s] DEBUG:colcon.colcon_core.event_handler.log_command:Invoked command in '/home/zzy/ur_real/build/ferrobotics' returned '0': CMAKE_PREFIX_PATH=${CMAKE_PREFIX_PATH}:/home/zzy/ur_real/install/ur10_vel:/home/zzy/ur_real/install/gravity_compensation:/home/zzy/ur_real/install/ferrobotics_acf:/home/zzy/ur_real/install/easy_handeye2:/home/zzy/ur_real/install/camera:/home/zzy/ur_real/install/ati_sensor:/opt/ros/humble /usr/bin/cmake --install /home/zzy/ur_real/build/ferrobotics
[1.283s] Level 1:colcon.colcon_core.environment:checking '/home/zzy/ur_real/install/ferrobotics' for CMake config files
[1.283s] Level 1:colcon.colcon_core.shell:create_environment_hook('ferrobotics', 'cmake_prefix_path')
[1.283s] INFO:colcon.colcon_core.shell:Creating environment hook '/home/zzy/ur_real/install/ferrobotics/share/ferrobotics/hook/cmake_prefix_path.ps1'
[1.284s] INFO:colcon.colcon_core.shell:Creating environment descriptor '/home/zzy/ur_real/install/ferrobotics/share/ferrobotics/hook/cmake_prefix_path.dsv'
[1.284s] INFO:colcon.colcon_core.shell:Creating environment hook '/home/zzy/ur_real/install/ferrobotics/share/ferrobotics/hook/cmake_prefix_path.sh'
[1.284s] Level 1:colcon.colcon_core.environment:checking '/home/zzy/ur_real/install/ferrobotics/lib'
[1.284s] Level 1:colcon.colcon_core.shell:create_environment_hook('ferrobotics', 'ld_library_path_lib')
[1.284s] INFO:colcon.colcon_core.shell:Creating environment hook '/home/zzy/ur_real/install/ferrobotics/share/ferrobotics/hook/ld_library_path_lib.ps1'
[1.285s] INFO:colcon.colcon_core.shell:Creating environment descriptor '/home/zzy/ur_real/install/ferrobotics/share/ferrobotics/hook/ld_library_path_lib.dsv'
[1.285s] INFO:colcon.colcon_core.shell:Creating environment hook '/home/zzy/ur_real/install/ferrobotics/share/ferrobotics/hook/ld_library_path_lib.sh'
[1.285s] Level 1:colcon.colcon_core.environment:checking '/home/zzy/ur_real/install/ferrobotics/bin'
[1.285s] Level 1:colcon.colcon_core.environment:checking '/home/zzy/ur_real/install/ferrobotics/lib/pkgconfig/ferrobotics.pc'
[1.285s] Level 1:colcon.colcon_core.environment:checking '/home/zzy/ur_real/install/ferrobotics/lib/python3.10/site-packages'
[1.285s] Level 1:colcon.colcon_core.environment:checking '/home/zzy/ur_real/install/ferrobotics/bin'
[1.285s] INFO:colcon.colcon_core.shell:Creating package script '/home/zzy/ur_real/install/ferrobotics/share/ferrobotics/package.ps1'
[1.286s] INFO:colcon.colcon_core.shell:Creating package descriptor '/home/zzy/ur_real/install/ferrobotics/share/ferrobotics/package.dsv'
[1.286s] INFO:colcon.colcon_core.shell:Creating package script '/home/zzy/ur_real/install/ferrobotics/share/ferrobotics/package.sh'
[1.286s] INFO:colcon.colcon_core.shell:Creating package script '/home/zzy/ur_real/install/ferrobotics/share/ferrobotics/package.bash'
[1.286s] INFO:colcon.colcon_core.shell:Creating package script '/home/zzy/ur_real/install/ferrobotics/share/ferrobotics/package.zsh'
[1.286s] Level 1:colcon.colcon_core.environment:create_file_with_runtime_dependencies(/home/zzy/ur_real/install/ferrobotics/share/colcon-core/packages/ferrobotics)
[1.327s] DEBUG:colcon.colcon_core.event_handler.log_command:Invoking command in '/home/zzy/ur_real/build/easy_handeye2_msgs': CMAKE_PREFIX_PATH=${CMAKE_PREFIX_PATH}:/home/zzy/ur_real/install/ur10_vel:/home/zzy/ur_real/install/gravity_compensation:/home/zzy/ur_real/install/ferrobotics_acf:/home/zzy/ur_real/install/easy_handeye2:/home/zzy/ur_real/install/camera:/home/zzy/ur_real/install/ati_sensor:/opt/ros/humble /usr/bin/cmake --install /home/zzy/ur_real/build/easy_handeye2_msgs
[1.334s] Level 1:colcon.colcon_core.environment:create_environment_scripts_only(pymoveit2)
[1.334s] Level 1:colcon.colcon_core.environment:checking '/home/zzy/ur_real/install/pymoveit2' for CMake module files
[1.335s] DEBUG:colcon.colcon_core.event_handler.log_command:Invoked command in '/home/zzy/ur_real/build/pymoveit2' returned '0': CMAKE_PREFIX_PATH=${CMAKE_PREFIX_PATH}:/home/zzy/ur_real/install/ur10_vel:/home/zzy/ur_real/install/gravity_compensation:/home/zzy/ur_real/install/ferrobotics_acf:/home/zzy/ur_real/install/easy_handeye2:/home/zzy/ur_real/install/camera:/home/zzy/ur_real/install/ati_sensor:/opt/ros/humble /usr/bin/cmake --install /home/zzy/ur_real/build/pymoveit2
[1.337s] Level 1:colcon.colcon_core.environment:checking '/home/zzy/ur_real/install/pymoveit2' for CMake config files
[1.338s] Level 1:colcon.colcon_core.shell:create_environment_hook('pymoveit2', 'cmake_prefix_path')
[1.338s] INFO:colcon.colcon_core.shell:Creating environment hook '/home/zzy/ur_real/install/pymoveit2/share/pymoveit2/hook/cmake_prefix_path.ps1'
[1.339s] INFO:colcon.colcon_core.shell:Creating environment descriptor '/home/zzy/ur_real/install/pymoveit2/share/pymoveit2/hook/cmake_prefix_path.dsv'
[1.340s] INFO:colcon.colcon_core.shell:Creating environment hook '/home/zzy/ur_real/install/pymoveit2/share/pymoveit2/hook/cmake_prefix_path.sh'
[1.341s] Level 1:colcon.colcon_core.environment:checking '/home/zzy/ur_real/install/pymoveit2/lib'
[1.341s] Level 1:colcon.colcon_core.environment:checking '/home/zzy/ur_real/install/pymoveit2/bin'
[1.341s] Level 1:colcon.colcon_core.environment:checking '/home/zzy/ur_real/install/pymoveit2/lib/pkgconfig/pymoveit2.pc'
[1.341s] Level 1:colcon.colcon_core.environment:checking '/home/zzy/ur_real/install/pymoveit2/lib/python3.10/site-packages'
[1.341s] Level 1:colcon.colcon_core.environment:checking '/home/zzy/ur_real/install/pymoveit2/bin'
[1.341s] INFO:colcon.colcon_core.shell:Creating package script '/home/zzy/ur_real/install/pymoveit2/share/pymoveit2/package.ps1'
[1.342s] INFO:colcon.colcon_core.shell:Creating package descriptor '/home/zzy/ur_real/install/pymoveit2/share/pymoveit2/package.dsv'
[1.343s] INFO:colcon.colcon_core.shell:Creating package script '/home/zzy/ur_real/install/pymoveit2/share/pymoveit2/package.sh'
[1.343s] INFO:colcon.colcon_core.shell:Creating package script '/home/zzy/ur_real/install/pymoveit2/share/pymoveit2/package.bash'
[1.343s] INFO:colcon.colcon_core.shell:Creating package script '/home/zzy/ur_real/install/pymoveit2/share/pymoveit2/package.zsh'
[1.344s] Level 1:colcon.colcon_core.environment:create_file_with_runtime_dependencies(/home/zzy/ur_real/install/pymoveit2/share/colcon-core/packages/pymoveit2)
[1.345s] Level 1:colcon.colcon_core.environment:create_environment_scripts_only(ferrobotics)
[1.345s] Level 1:colcon.colcon_core.environment:checking '/home/zzy/ur_real/install/ferrobotics' for CMake module files
[1.346s] Level 1:colcon.colcon_core.environment:checking '/home/zzy/ur_real/install/ferrobotics' for CMake config files
[1.347s] Level 1:colcon.colcon_core.shell:create_environment_hook('ferrobotics', 'cmake_prefix_path')
[1.347s] INFO:colcon.colcon_core.shell:Creating environment hook '/home/zzy/ur_real/install/ferrobotics/share/ferrobotics/hook/cmake_prefix_path.ps1'
[1.347s] INFO:colcon.colcon_core.shell:Creating environment descriptor '/home/zzy/ur_real/install/ferrobotics/share/ferrobotics/hook/cmake_prefix_path.dsv'
[1.350s] INFO:colcon.colcon_core.shell:Creating environment hook '/home/zzy/ur_real/install/ferrobotics/share/ferrobotics/hook/cmake_prefix_path.sh'
[1.351s] Level 1:colcon.colcon_core.environment:checking '/home/zzy/ur_real/install/ferrobotics/lib'
[1.351s] Level 1:colcon.colcon_core.shell:create_environment_hook('ferrobotics', 'ld_library_path_lib')
[1.351s] INFO:colcon.colcon_core.shell:Creating environment hook '/home/zzy/ur_real/install/ferrobotics/share/ferrobotics/hook/ld_library_path_lib.ps1'
[1.352s] INFO:colcon.colcon_core.shell:Creating environment descriptor '/home/zzy/ur_real/install/ferrobotics/share/ferrobotics/hook/ld_library_path_lib.dsv'
[1.352s] INFO:colcon.colcon_core.shell:Creating environment hook '/home/zzy/ur_real/install/ferrobotics/share/ferrobotics/hook/ld_library_path_lib.sh'
[1.352s] Level 1:colcon.colcon_core.environment:checking '/home/zzy/ur_real/install/ferrobotics/bin'
[1.352s] Level 1:colcon.colcon_core.environment:checking '/home/zzy/ur_real/install/ferrobotics/lib/pkgconfig/ferrobotics.pc'
[1.353s] Level 1:colcon.colcon_core.environment:checking '/home/zzy/ur_real/install/ferrobotics/lib/python3.10/site-packages'
[1.353s] Level 1:colcon.colcon_core.environment:checking '/home/zzy/ur_real/install/ferrobotics/bin'
[1.353s] INFO:colcon.colcon_core.shell:Creating package script '/home/zzy/ur_real/install/ferrobotics/share/ferrobotics/package.ps1'
[1.353s] INFO:colcon.colcon_core.shell:Creating package descriptor '/home/zzy/ur_real/install/ferrobotics/share/ferrobotics/package.dsv'
[1.354s] INFO:colcon.colcon_core.shell:Creating package script '/home/zzy/ur_real/install/ferrobotics/share/ferrobotics/package.sh'
[1.354s] INFO:colcon.colcon_core.shell:Creating package script '/home/zzy/ur_real/install/ferrobotics/share/ferrobotics/package.bash'
[1.355s] INFO:colcon.colcon_core.shell:Creating package script '/home/zzy/ur_real/install/ferrobotics/share/ferrobotics/package.zsh'
[1.355s] Level 1:colcon.colcon_core.environment:create_file_with_runtime_dependencies(/home/zzy/ur_real/install/ferrobotics/share/colcon-core/packages/ferrobotics)
[1.358s] Level 1:colcon.colcon_core.environment:create_environment_scripts_only(pymoveit2)
[1.358s] Level 1:colcon.colcon_core.environment:checking '/home/zzy/ur_real/install/pymoveit2' for CMake module files
[1.360s] Level 1:colcon.colcon_core.environment:checking '/home/zzy/ur_real/install/pymoveit2' for CMake config files
[1.360s] Level 1:colcon.colcon_core.shell:create_environment_hook('pymoveit2', 'cmake_prefix_path')
[1.360s] INFO:colcon.colcon_core.shell:Creating environment hook '/home/zzy/ur_real/install/pymoveit2/share/pymoveit2/hook/cmake_prefix_path.ps1'
[1.361s] INFO:colcon.colcon_core.shell:Creating environment descriptor '/home/zzy/ur_real/install/pymoveit2/share/pymoveit2/hook/cmake_prefix_path.dsv'
[1.361s] INFO:colcon.colcon_core.shell:Creating environment hook '/home/zzy/ur_real/install/pymoveit2/share/pymoveit2/hook/cmake_prefix_path.sh'
[1.362s] Level 1:colcon.colcon_core.environment:checking '/home/zzy/ur_real/install/pymoveit2/lib'
[1.363s] Level 1:colcon.colcon_core.environment:checking '/home/zzy/ur_real/install/pymoveit2/bin'
[1.363s] Level 1:colcon.colcon_core.environment:checking '/home/zzy/ur_real/install/pymoveit2/lib/pkgconfig/pymoveit2.pc'
[1.363s] Level 1:colcon.colcon_core.environment:checking '/home/zzy/ur_real/install/pymoveit2/lib/python3.10/site-packages'
[1.363s] Level 1:colcon.colcon_core.environment:checking '/home/zzy/ur_real/install/pymoveit2/bin'
[1.364s] INFO:colcon.colcon_core.shell:Creating package script '/home/zzy/ur_real/install/pymoveit2/share/pymoveit2/package.ps1'
[1.365s] INFO:colcon.colcon_core.shell:Creating package descriptor '/home/zzy/ur_real/install/pymoveit2/share/pymoveit2/package.dsv'
[1.366s] INFO:colcon.colcon_core.shell:Creating package script '/home/zzy/ur_real/install/pymoveit2/share/pymoveit2/package.sh'
[1.367s] INFO:colcon.colcon_core.shell:Creating package script '/home/zzy/ur_real/install/pymoveit2/share/pymoveit2/package.bash'
[1.368s] INFO:colcon.colcon_core.shell:Creating package script '/home/zzy/ur_real/install/pymoveit2/share/pymoveit2/package.zsh'
[1.369s] Level 1:colcon.colcon_core.environment:create_file_with_runtime_dependencies(/home/zzy/ur_real/install/pymoveit2/share/colcon-core/packages/pymoveit2)
[1.457s] Level 1:colcon.colcon_core.environment:create_environment_scripts_only(easy_handeye2_msgs)
[1.457s] Level 1:colcon.colcon_core.environment:checking '/home/zzy/ur_real/install/easy_handeye2_msgs' for CMake module files
[1.458s] DEBUG:colcon.colcon_core.event_handler.log_command:Invoked command in '/home/zzy/ur_real/build/easy_handeye2_msgs' returned '0': CMAKE_PREFIX_PATH=${CMAKE_PREFIX_PATH}:/home/zzy/ur_real/install/ur10_vel:/home/zzy/ur_real/install/gravity_compensation:/home/zzy/ur_real/install/ferrobotics_acf:/home/zzy/ur_real/install/easy_handeye2:/home/zzy/ur_real/install/camera:/home/zzy/ur_real/install/ati_sensor:/opt/ros/humble /usr/bin/cmake --install /home/zzy/ur_real/build/easy_handeye2_msgs
[1.458s] Level 1:colcon.colcon_core.environment:checking '/home/zzy/ur_real/install/easy_handeye2_msgs' for CMake config files
[1.458s] Level 1:colcon.colcon_core.shell:create_environment_hook('easy_handeye2_msgs', 'cmake_prefix_path')
[1.458s] INFO:colcon.colcon_core.shell:Creating environment hook '/home/zzy/ur_real/install/easy_handeye2_msgs/share/easy_handeye2_msgs/hook/cmake_prefix_path.ps1'
[1.458s] INFO:colcon.colcon_core.shell:Creating environment descriptor '/home/zzy/ur_real/install/easy_handeye2_msgs/share/easy_handeye2_msgs/hook/cmake_prefix_path.dsv'
[1.459s] INFO:colcon.colcon_core.shell:Creating environment hook '/home/zzy/ur_real/install/easy_handeye2_msgs/share/easy_handeye2_msgs/hook/cmake_prefix_path.sh'
[1.459s] Level 1:colcon.colcon_core.environment:checking '/home/zzy/ur_real/install/easy_handeye2_msgs/lib'
[1.459s] Level 1:colcon.colcon_core.shell:create_environment_hook('easy_handeye2_msgs', 'ld_library_path_lib')
[1.459s] INFO:colcon.colcon_core.shell:Creating environment hook '/home/zzy/ur_real/install/easy_handeye2_msgs/share/easy_handeye2_msgs/hook/ld_library_path_lib.ps1'
[1.459s] INFO:colcon.colcon_core.shell:Creating environment descriptor '/home/zzy/ur_real/install/easy_handeye2_msgs/share/easy_handeye2_msgs/hook/ld_library_path_lib.dsv'
[1.459s] INFO:colcon.colcon_core.shell:Creating environment hook '/home/zzy/ur_real/install/easy_handeye2_msgs/share/easy_handeye2_msgs/hook/ld_library_path_lib.sh'
[1.460s] Level 1:colcon.colcon_core.environment:checking '/home/zzy/ur_real/install/easy_handeye2_msgs/bin'
[1.460s] Level 1:colcon.colcon_core.environment:checking '/home/zzy/ur_real/install/easy_handeye2_msgs/lib/pkgconfig/easy_handeye2_msgs.pc'
[1.460s] Level 1:colcon.colcon_core.environment:checking '/home/zzy/ur_real/install/easy_handeye2_msgs/lib/python3.10/site-packages'
[1.460s] Level 1:colcon.colcon_core.environment:checking '/home/zzy/ur_real/install/easy_handeye2_msgs/bin'
[1.460s] INFO:colcon.colcon_core.shell:Creating package script '/home/zzy/ur_real/install/easy_handeye2_msgs/share/easy_handeye2_msgs/package.ps1'
[1.460s] INFO:colcon.colcon_core.shell:Creating package descriptor '/home/zzy/ur_real/install/easy_handeye2_msgs/share/easy_handeye2_msgs/package.dsv'
[1.461s] INFO:colcon.colcon_core.shell:Creating package script '/home/zzy/ur_real/install/easy_handeye2_msgs/share/easy_handeye2_msgs/package.sh'
[1.461s] INFO:colcon.colcon_core.shell:Creating package script '/home/zzy/ur_real/install/easy_handeye2_msgs/share/easy_handeye2_msgs/package.bash'
[1.461s] INFO:colcon.colcon_core.shell:Creating package script '/home/zzy/ur_real/install/easy_handeye2_msgs/share/easy_handeye2_msgs/package.zsh'
[1.461s] Level 1:colcon.colcon_core.environment:create_file_with_runtime_dependencies(/home/zzy/ur_real/install/easy_handeye2_msgs/share/colcon-core/packages/easy_handeye2_msgs)
[1.639s] DEBUG:colcon.colcon_core.event_handler.log_command:Invoking command in '/home/zzy/ur_real/build/gravity_compensation': PYTHONPATH=/home/zzy/ur_real/build/gravity_compensation/prefix_override:/home/zzy/.local/lib/python3.10/site-packages/colcon_core/task/python/colcon_distutils_commands:/home/zzy/ur_real/install/gravity_compensation/lib/python3.10/site-packages:${PYTHONPATH} /usr/bin/python3 -W ignore:setup.py install is deprecated setup.py develop --editable --build-directory /home/zzy/ur_real/build/gravity_compensation/build --no-deps symlink_data
[1.640s] DEBUG:colcon.colcon_core.event_handler.log_command:Invoking command in '/home/zzy/ur_real/build/ati_sensor': PYTHONPATH=/home/zzy/ur_real/build/ati_sensor/prefix_override:/home/zzy/.local/lib/python3.10/site-packages/colcon_core/task/python/colcon_distutils_commands:/home/zzy/ur_real/install/ati_sensor/lib/python3.10/site-packages:${PYTHONPATH} /usr/bin/python3 -W ignore:setup.py install is deprecated setup.py develop --editable --build-directory /home/zzy/ur_real/build/ati_sensor/build --no-deps symlink_data
[1.641s] DEBUG:colcon.colcon_core.event_handler.log_command:Invoking command in '/home/zzy/ur_real/build/camera': PYTHONPATH=/home/zzy/ur_real/build/camera/prefix_override:/home/zzy/.local/lib/python3.10/site-packages/colcon_core/task/python/colcon_distutils_commands:/home/zzy/ur_real/install/camera/lib/python3.10/site-packages:${PYTHONPATH} /usr/bin/python3 -W ignore:setup.py install is deprecated setup.py develop --editable --build-directory /home/zzy/ur_real/build/camera/build --no-deps symlink_data
[1.642s] DEBUG:colcon.colcon_core.event_handler.log_command:Invoking command in '/home/zzy/ur_real/build/ferrobotics_acf': PYTHONPATH=/home/zzy/ur_real/build/ferrobotics_acf/prefix_override:/home/zzy/.local/lib/python3.10/site-packages/colcon_core/task/python/colcon_distutils_commands:/home/zzy/ur_real/install/ferrobotics_acf/lib/python3.10/site-packages:${PYTHONPATH} /usr/bin/python3 -W ignore:setup.py install is deprecated setup.py develop --editable --build-directory /home/zzy/ur_real/build/ferrobotics_acf/build --no-deps symlink_data
[1.644s] DEBUG:colcon.colcon_core.event_handler.log_command:Invoking command in '/home/zzy/ur_real/build/ur10_vel': PYTHONPATH=/home/zzy/ur_real/build/ur10_vel/prefix_override:/home/zzy/.local/lib/python3.10/site-packages/colcon_core/task/python/colcon_distutils_commands:/home/zzy/ur_real/install/ur10_vel/lib/python3.10/site-packages:${PYTHONPATH} /usr/bin/python3 -W ignore:setup.py install is deprecated setup.py develop --editable --build-directory /home/zzy/ur_real/build/ur10_vel/build --no-deps symlink_data
[1.694s] Level 1:colcon.colcon_core.environment:create_environment_scripts_only(easy_handeye2_msgs)
[1.694s] Level 1:colcon.colcon_core.environment:checking '/home/zzy/ur_real/install/easy_handeye2_msgs' for CMake module files
[1.695s] Level 1:colcon.colcon_core.environment:checking '/home/zzy/ur_real/install/easy_handeye2_msgs' for CMake config files
[1.696s] Level 1:colcon.colcon_core.shell:create_environment_hook('easy_handeye2_msgs', 'cmake_prefix_path')
[1.696s] INFO:colcon.colcon_core.shell:Creating environment hook '/home/zzy/ur_real/install/easy_handeye2_msgs/share/easy_handeye2_msgs/hook/cmake_prefix_path.ps1'
[1.696s] INFO:colcon.colcon_core.shell:Creating environment descriptor '/home/zzy/ur_real/install/easy_handeye2_msgs/share/easy_handeye2_msgs/hook/cmake_prefix_path.dsv'
[1.697s] INFO:colcon.colcon_core.shell:Creating environment hook '/home/zzy/ur_real/install/easy_handeye2_msgs/share/easy_handeye2_msgs/hook/cmake_prefix_path.sh'
[1.697s] Level 1:colcon.colcon_core.environment:checking '/home/zzy/ur_real/install/easy_handeye2_msgs/lib'
[1.697s] Level 1:colcon.colcon_core.shell:create_environment_hook('easy_handeye2_msgs', 'ld_library_path_lib')
[1.698s] INFO:colcon.colcon_core.shell:Creating environment hook '/home/zzy/ur_real/install/easy_handeye2_msgs/share/easy_handeye2_msgs/hook/ld_library_path_lib.ps1'
[1.698s] INFO:colcon.colcon_core.shell:Creating environment descriptor '/home/zzy/ur_real/install/easy_handeye2_msgs/share/easy_handeye2_msgs/hook/ld_library_path_lib.dsv'
[1.698s] INFO:colcon.colcon_core.shell:Creating environment hook '/home/zzy/ur_real/install/easy_handeye2_msgs/share/easy_handeye2_msgs/hook/ld_library_path_lib.sh'
[1.699s] Level 1:colcon.colcon_core.environment:checking '/home/zzy/ur_real/install/easy_handeye2_msgs/bin'
[1.699s] Level 1:colcon.colcon_core.environment:checking '/home/zzy/ur_real/install/easy_handeye2_msgs/lib/pkgconfig/easy_handeye2_msgs.pc'
[1.699s] Level 1:colcon.colcon_core.environment:checking '/home/zzy/ur_real/install/easy_handeye2_msgs/lib/python3.10/site-packages'
[1.699s] Level 1:colcon.colcon_core.environment:checking '/home/zzy/ur_real/install/easy_handeye2_msgs/bin'
[1.700s] INFO:colcon.colcon_core.shell:Creating package script '/home/zzy/ur_real/install/easy_handeye2_msgs/share/easy_handeye2_msgs/package.ps1'
[1.701s] INFO:colcon.colcon_core.shell:Creating package descriptor '/home/zzy/ur_real/install/easy_handeye2_msgs/share/easy_handeye2_msgs/package.dsv'
[1.701s] INFO:colcon.colcon_core.shell:Creating package script '/home/zzy/ur_real/install/easy_handeye2_msgs/share/easy_handeye2_msgs/package.sh'
[1.702s] INFO:colcon.colcon_core.shell:Creating package script '/home/zzy/ur_real/install/easy_handeye2_msgs/share/easy_handeye2_msgs/package.bash'
[1.702s] INFO:colcon.colcon_core.shell:Creating package script '/home/zzy/ur_real/install/easy_handeye2_msgs/share/easy_handeye2_msgs/package.zsh'
[1.703s] Level 1:colcon.colcon_core.environment:create_file_with_runtime_dependencies(/home/zzy/ur_real/install/easy_handeye2_msgs/share/colcon-core/packages/easy_handeye2_msgs)
[1.703s] INFO:colcon.colcon_ros.task.ament_python.build:Building ROS package in '/home/zzy/ur_real/src/easy_handeye2/easy_handeye2' with build type 'ament_python'
[1.703s] Level 1:colcon.colcon_core.shell:create_environment_hook('easy_handeye2', 'ament_prefix_path')
[1.704s] INFO:colcon.colcon_core.shell:Creating environment hook '/home/zzy/ur_real/install/easy_handeye2/share/easy_handeye2/hook/ament_prefix_path.ps1'
[1.704s] INFO:colcon.colcon_core.shell:Creating environment descriptor '/home/zzy/ur_real/install/easy_handeye2/share/easy_handeye2/hook/ament_prefix_path.dsv'
[1.705s] INFO:colcon.colcon_core.shell:Creating environment hook '/home/zzy/ur_real/install/easy_handeye2/share/easy_handeye2/hook/ament_prefix_path.sh'
[1.705s] INFO:colcon.colcon_core.shell:Skip shell extension 'powershell' for command environment: Not usable outside of PowerShell
[1.705s] DEBUG:colcon.colcon_core.shell:Skip shell extension 'dsv' for command environment
[1.871s] INFO:colcon.colcon_core.task.python.build:Building Python package in '/home/zzy/ur_real/src/easy_handeye2/easy_handeye2'
[1.871s] INFO:colcon.colcon_core.shell:Skip shell extension 'powershell' for command environment: Not usable outside of PowerShell
[1.871s] DEBUG:colcon.colcon_core.shell:Skip shell extension 'dsv' for command environment
[2.118s] Level 1:colcon.colcon_core.shell:create_environment_hook('camera', 'pythonpath_develop')
[2.118s] INFO:colcon.colcon_core.shell:Creating environment hook '/home/zzy/ur_real/build/camera/share/camera/hook/pythonpath_develop.ps1'
[2.119s] DEBUG:colcon.colcon_core.event_handler.log_command:Invoked command in '/home/zzy/ur_real/build/camera' returned '0': PYTHONPATH=/home/zzy/ur_real/build/camera/prefix_override:/home/zzy/.local/lib/python3.10/site-packages/colcon_core/task/python/colcon_distutils_commands:/home/zzy/ur_real/install/camera/lib/python3.10/site-packages:${PYTHONPATH} /usr/bin/python3 -W ignore:setup.py install is deprecated setup.py develop --editable --build-directory /home/zzy/ur_real/build/camera/build --no-deps symlink_data
[2.119s] INFO:colcon.colcon_core.shell:Creating environment descriptor '/home/zzy/ur_real/build/camera/share/camera/hook/pythonpath_develop.dsv'
[2.120s] INFO:colcon.colcon_core.shell:Creating environment hook '/home/zzy/ur_real/build/camera/share/camera/hook/pythonpath_develop.sh'
[2.120s] Level 1:colcon.colcon_core.environment:checking '/home/zzy/ur_real/install/camera' for CMake module files
[2.120s] Level 1:colcon.colcon_core.environment:checking '/home/zzy/ur_real/install/camera' for CMake config files
[2.121s] Level 1:colcon.colcon_core.environment:checking '/home/zzy/ur_real/install/camera/lib'
[2.121s] Level 1:colcon.colcon_core.environment:checking '/home/zzy/ur_real/install/camera/bin'
[2.121s] Level 1:colcon.colcon_core.environment:checking '/home/zzy/ur_real/install/camera/lib/pkgconfig/camera.pc'
[2.121s] Level 1:colcon.colcon_core.environment:checking '/home/zzy/ur_real/install/camera/lib/python3.10/site-packages'
[2.121s] Level 1:colcon.colcon_core.shell:create_environment_hook('camera', 'pythonpath')
[2.121s] INFO:colcon.colcon_core.shell:Creating environment hook '/home/zzy/ur_real/install/camera/share/camera/hook/pythonpath.ps1'
[2.121s] INFO:colcon.colcon_core.shell:Creating environment descriptor '/home/zzy/ur_real/install/camera/share/camera/hook/pythonpath.dsv'
[2.121s] INFO:colcon.colcon_core.shell:Creating environment hook '/home/zzy/ur_real/install/camera/share/camera/hook/pythonpath.sh'
[2.122s] Level 1:colcon.colcon_core.environment:checking '/home/zzy/ur_real/install/camera/bin'
[2.122s] Level 1:colcon.colcon_core.environment:create_environment_scripts_only(camera)
[2.122s] INFO:colcon.colcon_core.shell:Creating package script '/home/zzy/ur_real/install/camera/share/camera/package.ps1'
[2.122s] INFO:colcon.colcon_core.shell:Creating package descriptor '/home/zzy/ur_real/install/camera/share/camera/package.dsv'
[2.123s] INFO:colcon.colcon_core.shell:Creating package script '/home/zzy/ur_real/install/camera/share/camera/package.sh'
[2.123s] INFO:colcon.colcon_core.shell:Creating package script '/home/zzy/ur_real/install/camera/share/camera/package.bash'
[2.123s] INFO:colcon.colcon_core.shell:Creating package script '/home/zzy/ur_real/install/camera/share/camera/package.zsh'
[2.123s] Level 1:colcon.colcon_core.environment:create_file_with_runtime_dependencies(/home/zzy/ur_real/install/camera/share/colcon-core/packages/camera)
[2.124s] Level 1:colcon.colcon_core.shell:create_environment_hook('ferrobotics_acf', 'pythonpath_develop')
[2.124s] INFO:colcon.colcon_core.shell:Creating environment hook '/home/zzy/ur_real/build/ferrobotics_acf/share/ferrobotics_acf/hook/pythonpath_develop.ps1'
[2.124s] INFO:colcon.colcon_core.shell:Creating environment descriptor '/home/zzy/ur_real/build/ferrobotics_acf/share/ferrobotics_acf/hook/pythonpath_develop.dsv'
[2.125s] DEBUG:colcon.colcon_core.event_handler.log_command:Invoked command in '/home/zzy/ur_real/build/ferrobotics_acf' returned '0': PYTHONPATH=/home/zzy/ur_real/build/ferrobotics_acf/prefix_override:/home/zzy/.local/lib/python3.10/site-packages/colcon_core/task/python/colcon_distutils_commands:/home/zzy/ur_real/install/ferrobotics_acf/lib/python3.10/site-packages:${PYTHONPATH} /usr/bin/python3 -W ignore:setup.py install is deprecated setup.py develop --editable --build-directory /home/zzy/ur_real/build/ferrobotics_acf/build --no-deps symlink_data
[2.125s] INFO:colcon.colcon_core.shell:Creating environment hook '/home/zzy/ur_real/build/ferrobotics_acf/share/ferrobotics_acf/hook/pythonpath_develop.sh'
[2.125s] Level 1:colcon.colcon_core.environment:checking '/home/zzy/ur_real/install/ferrobotics_acf' for CMake module files
[2.125s] Level 1:colcon.colcon_core.environment:checking '/home/zzy/ur_real/install/ferrobotics_acf' for CMake config files
[2.125s] Level 1:colcon.colcon_core.environment:checking '/home/zzy/ur_real/install/ferrobotics_acf/lib'
[2.126s] Level 1:colcon.colcon_core.environment:checking '/home/zzy/ur_real/install/ferrobotics_acf/bin'
[2.126s] Level 1:colcon.colcon_core.environment:checking '/home/zzy/ur_real/install/ferrobotics_acf/lib/pkgconfig/ferrobotics_acf.pc'
[2.126s] Level 1:colcon.colcon_core.environment:checking '/home/zzy/ur_real/install/ferrobotics_acf/lib/python3.10/site-packages'
[2.126s] Level 1:colcon.colcon_core.shell:create_environment_hook('ferrobotics_acf', 'pythonpath')
[2.126s] INFO:colcon.colcon_core.shell:Creating environment hook '/home/zzy/ur_real/install/ferrobotics_acf/share/ferrobotics_acf/hook/pythonpath.ps1'
[2.126s] INFO:colcon.colcon_core.shell:Creating environment descriptor '/home/zzy/ur_real/install/ferrobotics_acf/share/ferrobotics_acf/hook/pythonpath.dsv'
[2.126s] INFO:colcon.colcon_core.shell:Creating environment hook '/home/zzy/ur_real/install/ferrobotics_acf/share/ferrobotics_acf/hook/pythonpath.sh'
[2.127s] Level 1:colcon.colcon_core.environment:checking '/home/zzy/ur_real/install/ferrobotics_acf/bin'
[2.127s] Level 1:colcon.colcon_core.environment:create_environment_scripts_only(ferrobotics_acf)
[2.127s] INFO:colcon.colcon_core.shell:Creating package script '/home/zzy/ur_real/install/ferrobotics_acf/share/ferrobotics_acf/package.ps1'
[2.127s] INFO:colcon.colcon_core.shell:Creating package descriptor '/home/zzy/ur_real/install/ferrobotics_acf/share/ferrobotics_acf/package.dsv'
[2.127s] INFO:colcon.colcon_core.shell:Creating package script '/home/zzy/ur_real/install/ferrobotics_acf/share/ferrobotics_acf/package.sh'
[2.128s] INFO:colcon.colcon_core.shell:Creating package script '/home/zzy/ur_real/install/ferrobotics_acf/share/ferrobotics_acf/package.bash'
[2.128s] INFO:colcon.colcon_core.shell:Creating package script '/home/zzy/ur_real/install/ferrobotics_acf/share/ferrobotics_acf/package.zsh'
[2.128s] Level 1:colcon.colcon_core.environment:create_file_with_runtime_dependencies(/home/zzy/ur_real/install/ferrobotics_acf/share/colcon-core/packages/ferrobotics_acf)
[2.129s] Level 1:colcon.colcon_core.shell:create_environment_hook('ati_sensor', 'pythonpath_develop')
[2.129s] INFO:colcon.colcon_core.shell:Creating environment hook '/home/zzy/ur_real/build/ati_sensor/share/ati_sensor/hook/pythonpath_develop.ps1'
[2.130s] DEBUG:colcon.colcon_core.event_handler.log_command:Invoked command in '/home/zzy/ur_real/build/ati_sensor' returned '0': PYTHONPATH=/home/zzy/ur_real/build/ati_sensor/prefix_override:/home/zzy/.local/lib/python3.10/site-packages/colcon_core/task/python/colcon_distutils_commands:/home/zzy/ur_real/install/ati_sensor/lib/python3.10/site-packages:${PYTHONPATH} /usr/bin/python3 -W ignore:setup.py install is deprecated setup.py develop --editable --build-directory /home/zzy/ur_real/build/ati_sensor/build --no-deps symlink_data
[2.130s] INFO:colcon.colcon_core.shell:Creating environment descriptor '/home/zzy/ur_real/build/ati_sensor/share/ati_sensor/hook/pythonpath_develop.dsv'
[2.130s] INFO:colcon.colcon_core.shell:Creating environment hook '/home/zzy/ur_real/build/ati_sensor/share/ati_sensor/hook/pythonpath_develop.sh'
[2.130s] Level 1:colcon.colcon_core.environment:checking '/home/zzy/ur_real/install/ati_sensor' for CMake module files
[2.131s] Level 1:colcon.colcon_core.environment:checking '/home/zzy/ur_real/install/ati_sensor' for CMake config files
[2.131s] Level 1:colcon.colcon_core.environment:checking '/home/zzy/ur_real/install/ati_sensor/lib'
[2.131s] Level 1:colcon.colcon_core.environment:checking '/home/zzy/ur_real/install/ati_sensor/bin'
[2.131s] Level 1:colcon.colcon_core.environment:checking '/home/zzy/ur_real/install/ati_sensor/lib/pkgconfig/ati_sensor.pc'
[2.131s] Level 1:colcon.colcon_core.environment:checking '/home/zzy/ur_real/install/ati_sensor/lib/python3.10/site-packages'
[2.131s] Level 1:colcon.colcon_core.shell:create_environment_hook('ati_sensor', 'pythonpath')
[2.131s] INFO:colcon.colcon_core.shell:Creating environment hook '/home/zzy/ur_real/install/ati_sensor/share/ati_sensor/hook/pythonpath.ps1'
[2.131s] INFO:colcon.colcon_core.shell:Creating environment descriptor '/home/zzy/ur_real/install/ati_sensor/share/ati_sensor/hook/pythonpath.dsv'
[2.132s] INFO:colcon.colcon_core.shell:Creating environment hook '/home/zzy/ur_real/install/ati_sensor/share/ati_sensor/hook/pythonpath.sh'
[2.132s] Level 1:colcon.colcon_core.environment:checking '/home/zzy/ur_real/install/ati_sensor/bin'
[2.132s] Level 1:colcon.colcon_core.environment:create_environment_scripts_only(ati_sensor)
[2.132s] INFO:colcon.colcon_core.shell:Creating package script '/home/zzy/ur_real/install/ati_sensor/share/ati_sensor/package.ps1'
[2.132s] INFO:colcon.colcon_core.shell:Creating package descriptor '/home/zzy/ur_real/install/ati_sensor/share/ati_sensor/package.dsv'
[2.133s] INFO:colcon.colcon_core.shell:Creating package script '/home/zzy/ur_real/install/ati_sensor/share/ati_sensor/package.sh'
[2.133s] INFO:colcon.colcon_core.shell:Creating package script '/home/zzy/ur_real/install/ati_sensor/share/ati_sensor/package.bash'
[2.133s] INFO:colcon.colcon_core.shell:Creating package script '/home/zzy/ur_real/install/ati_sensor/share/ati_sensor/package.zsh'
[2.133s] Level 1:colcon.colcon_core.environment:create_file_with_runtime_dependencies(/home/zzy/ur_real/install/ati_sensor/share/colcon-core/packages/ati_sensor)
[2.133s] Level 1:colcon.colcon_core.shell:create_environment_hook('ur10_vel', 'pythonpath_develop')
[2.133s] INFO:colcon.colcon_core.shell:Creating environment hook '/home/zzy/ur_real/build/ur10_vel/share/ur10_vel/hook/pythonpath_develop.ps1'
[2.134s] INFO:colcon.colcon_core.shell:Creating environment descriptor '/home/zzy/ur_real/build/ur10_vel/share/ur10_vel/hook/pythonpath_develop.dsv'
[2.134s] DEBUG:colcon.colcon_core.event_handler.log_command:Invoked command in '/home/zzy/ur_real/build/ur10_vel' returned '0': PYTHONPATH=/home/zzy/ur_real/build/ur10_vel/prefix_override:/home/zzy/.local/lib/python3.10/site-packages/colcon_core/task/python/colcon_distutils_commands:/home/zzy/ur_real/install/ur10_vel/lib/python3.10/site-packages:${PYTHONPATH} /usr/bin/python3 -W ignore:setup.py install is deprecated setup.py develop --editable --build-directory /home/zzy/ur_real/build/ur10_vel/build --no-deps symlink_data
[2.134s] INFO:colcon.colcon_core.shell:Creating environment hook '/home/zzy/ur_real/build/ur10_vel/share/ur10_vel/hook/pythonpath_develop.sh'
[2.135s] Level 1:colcon.colcon_core.environment:checking '/home/zzy/ur_real/install/ur10_vel' for CMake module files
[2.135s] Level 1:colcon.colcon_core.environment:checking '/home/zzy/ur_real/install/ur10_vel' for CMake config files
[2.135s] Level 1:colcon.colcon_core.environment:checking '/home/zzy/ur_real/install/ur10_vel/lib'
[2.135s] Level 1:colcon.colcon_core.environment:checking '/home/zzy/ur_real/install/ur10_vel/bin'
[2.135s] Level 1:colcon.colcon_core.environment:checking '/home/zzy/ur_real/install/ur10_vel/lib/pkgconfig/ur10_vel.pc'
[2.135s] Level 1:colcon.colcon_core.environment:checking '/home/zzy/ur_real/install/ur10_vel/lib/python3.10/site-packages'
[2.135s] Level 1:colcon.colcon_core.shell:create_environment_hook('ur10_vel', 'pythonpath')
[2.136s] INFO:colcon.colcon_core.shell:Creating environment hook '/home/zzy/ur_real/install/ur10_vel/share/ur10_vel/hook/pythonpath.ps1'
[2.136s] INFO:colcon.colcon_core.shell:Creating environment descriptor '/home/zzy/ur_real/install/ur10_vel/share/ur10_vel/hook/pythonpath.dsv'
[2.136s] INFO:colcon.colcon_core.shell:Creating environment hook '/home/zzy/ur_real/install/ur10_vel/share/ur10_vel/hook/pythonpath.sh'
[2.136s] Level 1:colcon.colcon_core.environment:checking '/home/zzy/ur_real/install/ur10_vel/bin'
[2.136s] Level 1:colcon.colcon_core.environment:create_environment_scripts_only(ur10_vel)
[2.137s] INFO:colcon.colcon_core.shell:Creating package script '/home/zzy/ur_real/install/ur10_vel/share/ur10_vel/package.ps1'
[2.137s] INFO:colcon.colcon_core.shell:Creating package descriptor '/home/zzy/ur_real/install/ur10_vel/share/ur10_vel/package.dsv'
[2.137s] INFO:colcon.colcon_core.shell:Creating package script '/home/zzy/ur_real/install/ur10_vel/share/ur10_vel/package.sh'
[2.137s] INFO:colcon.colcon_core.shell:Creating package script '/home/zzy/ur_real/install/ur10_vel/share/ur10_vel/package.bash'
[2.137s] INFO:colcon.colcon_core.shell:Creating package script '/home/zzy/ur_real/install/ur10_vel/share/ur10_vel/package.zsh'
[2.137s] Level 1:colcon.colcon_core.environment:create_file_with_runtime_dependencies(/home/zzy/ur_real/install/ur10_vel/share/colcon-core/packages/ur10_vel)
[2.138s] Level 1:colcon.colcon_core.shell:create_environment_hook('gravity_compensation', 'pythonpath_develop')
[2.138s] INFO:colcon.colcon_core.shell:Creating environment hook '/home/zzy/ur_real/build/gravity_compensation/share/gravity_compensation/hook/pythonpath_develop.ps1'
[2.139s] INFO:colcon.colcon_core.shell:Creating environment descriptor '/home/zzy/ur_real/build/gravity_compensation/share/gravity_compensation/hook/pythonpath_develop.dsv'
[2.139s] DEBUG:colcon.colcon_core.event_handler.log_command:Invoked command in '/home/zzy/ur_real/build/gravity_compensation' returned '0': PYTHONPATH=/home/zzy/ur_real/build/gravity_compensation/prefix_override:/home/zzy/.local/lib/python3.10/site-packages/colcon_core/task/python/colcon_distutils_commands:/home/zzy/ur_real/install/gravity_compensation/lib/python3.10/site-packages:${PYTHONPATH} /usr/bin/python3 -W ignore:setup.py install is deprecated setup.py develop --editable --build-directory /home/zzy/ur_real/build/gravity_compensation/build --no-deps symlink_data
[2.139s] INFO:colcon.colcon_core.shell:Creating environment hook '/home/zzy/ur_real/build/gravity_compensation/share/gravity_compensation/hook/pythonpath_develop.sh'
[2.139s] Level 1:colcon.colcon_core.environment:checking '/home/zzy/ur_real/install/gravity_compensation' for CMake module files
[2.139s] Level 1:colcon.colcon_core.environment:checking '/home/zzy/ur_real/install/gravity_compensation' for CMake config files
[2.140s] Level 1:colcon.colcon_core.environment:checking '/home/zzy/ur_real/install/gravity_compensation/lib'
[2.140s] Level 1:colcon.colcon_core.environment:checking '/home/zzy/ur_real/install/gravity_compensation/bin'
[2.140s] Level 1:colcon.colcon_core.environment:checking '/home/zzy/ur_real/install/gravity_compensation/lib/pkgconfig/gravity_compensation.pc'
[2.140s] Level 1:colcon.colcon_core.environment:checking '/home/zzy/ur_real/install/gravity_compensation/lib/python3.10/site-packages'
[2.140s] Level 1:colcon.colcon_core.shell:create_environment_hook('gravity_compensation', 'pythonpath')
[2.140s] INFO:colcon.colcon_core.shell:Creating environment hook '/home/zzy/ur_real/install/gravity_compensation/share/gravity_compensation/hook/pythonpath.ps1'
[2.140s] INFO:colcon.colcon_core.shell:Creating environment descriptor '/home/zzy/ur_real/install/gravity_compensation/share/gravity_compensation/hook/pythonpath.dsv'
[2.140s] INFO:colcon.colcon_core.shell:Creating environment hook '/home/zzy/ur_real/install/gravity_compensation/share/gravity_compensation/hook/pythonpath.sh'
[2.141s] Level 1:colcon.colcon_core.environment:checking '/home/zzy/ur_real/install/gravity_compensation/bin'
[2.141s] Level 1:colcon.colcon_core.environment:create_environment_scripts_only(gravity_compensation)
[2.141s] INFO:colcon.colcon_core.shell:Creating package script '/home/zzy/ur_real/install/gravity_compensation/share/gravity_compensation/package.ps1'
[2.141s] INFO:colcon.colcon_core.shell:Creating package descriptor '/home/zzy/ur_real/install/gravity_compensation/share/gravity_compensation/package.dsv'
[2.141s] INFO:colcon.colcon_core.shell:Creating package script '/home/zzy/ur_real/install/gravity_compensation/share/gravity_compensation/package.sh'
[2.142s] INFO:colcon.colcon_core.shell:Creating package script '/home/zzy/ur_real/install/gravity_compensation/share/gravity_compensation/package.bash'
[2.142s] INFO:colcon.colcon_core.shell:Creating package script '/home/zzy/ur_real/install/gravity_compensation/share/gravity_compensation/package.zsh'
[2.142s] Level 1:colcon.colcon_core.environment:create_file_with_runtime_dependencies(/home/zzy/ur_real/install/gravity_compensation/share/colcon-core/packages/gravity_compensation)
[2.269s] DEBUG:colcon.colcon_core.event_handler.log_command:Invoking command in '/home/zzy/ur_real/build/easy_handeye2': CMAKE_PREFIX_PATH=/home/zzy/ur_real/install/easy_handeye2_msgs:/home/zzy/ur_real/install/ur_bringup:/home/zzy/ur_real/install/ur10_moveit_config:/home/zzy/ur_real/install/pymoveit2:/home/zzy/ur_real/install/ferrobotics LD_LIBRARY_PATH=/home/zzy/ur_real/install/easy_handeye2_msgs/lib:/home/zzy/ur_real/install/ferrobotics/lib:/opt/ros/humble/opt/rviz_ogre_vendor/lib:/opt/ros/humble/lib/x86_64-linux-gnu:/opt/ros/humble/lib:/home/zzy/mujoco-3.1.6/bin PYTHONPATH=/home/zzy/ur_real/build/easy_handeye2/prefix_override:/home/zzy/.local/lib/python3.10/site-packages/colcon_core/task/python/colcon_distutils_commands:/home/zzy/ur_real/install/easy_handeye2/lib/python3.10/site-packages:${PYTHONPATH} /usr/bin/python3 -W ignore:setup.py install is deprecated setup.py develop --editable --build-directory /home/zzy/ur_real/build/easy_handeye2/build --no-deps symlink_data
[2.698s] Level 1:colcon.colcon_core.shell:create_environment_hook('easy_handeye2', 'pythonpath_develop')
[2.699s] INFO:colcon.colcon_core.shell:Creating environment hook '/home/zzy/ur_real/build/easy_handeye2/share/easy_handeye2/hook/pythonpath_develop.ps1'
[2.699s] DEBUG:colcon.colcon_core.event_handler.log_command:Invoked command in '/home/zzy/ur_real/build/easy_handeye2' returned '0': CMAKE_PREFIX_PATH=/home/zzy/ur_real/install/easy_handeye2_msgs:/home/zzy/ur_real/install/ur_bringup:/home/zzy/ur_real/install/ur10_moveit_config:/home/zzy/ur_real/install/pymoveit2:/home/zzy/ur_real/install/ferrobotics LD_LIBRARY_PATH=/home/zzy/ur_real/install/easy_handeye2_msgs/lib:/home/zzy/ur_real/install/ferrobotics/lib:/opt/ros/humble/opt/rviz_ogre_vendor/lib:/opt/ros/humble/lib/x86_64-linux-gnu:/opt/ros/humble/lib:/home/zzy/mujoco-3.1.6/bin PYTHONPATH=/home/zzy/ur_real/build/easy_handeye2/prefix_override:/home/zzy/.local/lib/python3.10/site-packages/colcon_core/task/python/colcon_distutils_commands:/home/zzy/ur_real/install/easy_handeye2/lib/python3.10/site-packages:${PYTHONPATH} /usr/bin/python3 -W ignore:setup.py install is deprecated setup.py develop --editable --build-directory /home/zzy/ur_real/build/easy_handeye2/build --no-deps symlink_data
[2.699s] INFO:colcon.colcon_core.shell:Creating environment descriptor '/home/zzy/ur_real/build/easy_handeye2/share/easy_handeye2/hook/pythonpath_develop.dsv'
[2.699s] INFO:colcon.colcon_core.shell:Creating environment hook '/home/zzy/ur_real/build/easy_handeye2/share/easy_handeye2/hook/pythonpath_develop.sh'
[2.700s] Level 1:colcon.colcon_core.environment:checking '/home/zzy/ur_real/install/easy_handeye2' for CMake module files
[2.700s] Level 1:colcon.colcon_core.environment:checking '/home/zzy/ur_real/install/easy_handeye2' for CMake config files
[2.701s] Level 1:colcon.colcon_core.environment:checking '/home/zzy/ur_real/install/easy_handeye2/lib'
[2.701s] Level 1:colcon.colcon_core.environment:checking '/home/zzy/ur_real/install/easy_handeye2/bin'
[2.701s] Level 1:colcon.colcon_core.environment:checking '/home/zzy/ur_real/install/easy_handeye2/lib/pkgconfig/easy_handeye2.pc'
[2.701s] Level 1:colcon.colcon_core.environment:checking '/home/zzy/ur_real/install/easy_handeye2/lib/python3.10/site-packages'
[2.701s] Level 1:colcon.colcon_core.shell:create_environment_hook('easy_handeye2', 'pythonpath')
[2.701s] INFO:colcon.colcon_core.shell:Creating environment hook '/home/zzy/ur_real/install/easy_handeye2/share/easy_handeye2/hook/pythonpath.ps1'
[2.701s] INFO:colcon.colcon_core.shell:Creating environment descriptor '/home/zzy/ur_real/install/easy_handeye2/share/easy_handeye2/hook/pythonpath.dsv'
[2.701s] INFO:colcon.colcon_core.shell:Creating environment hook '/home/zzy/ur_real/install/easy_handeye2/share/easy_handeye2/hook/pythonpath.sh'
[2.702s] Level 1:colcon.colcon_core.environment:checking '/home/zzy/ur_real/install/easy_handeye2/bin'
[2.702s] Level 1:colcon.colcon_core.environment:create_environment_scripts_only(easy_handeye2)
[2.702s] INFO:colcon.colcon_core.shell:Creating package script '/home/zzy/ur_real/install/easy_handeye2/share/easy_handeye2/package.ps1'
[2.702s] INFO:colcon.colcon_core.shell:Creating package descriptor '/home/zzy/ur_real/install/easy_handeye2/share/easy_handeye2/package.dsv'
[2.702s] INFO:colcon.colcon_core.shell:Creating package script '/home/zzy/ur_real/install/easy_handeye2/share/easy_handeye2/package.sh'
[2.703s] INFO:colcon.colcon_core.shell:Creating package script '/home/zzy/ur_real/install/easy_handeye2/share/easy_handeye2/package.bash'
[2.703s] INFO:colcon.colcon_core.shell:Creating package script '/home/zzy/ur_real/install/easy_handeye2/share/easy_handeye2/package.zsh'
[2.703s] Level 1:colcon.colcon_core.environment:create_file_with_runtime_dependencies(/home/zzy/ur_real/install/easy_handeye2/share/colcon-core/packages/easy_handeye2)
[2.703s] DEBUG:colcon.colcon_parallel_executor.executor.parallel:closing loop
[2.703s] DEBUG:colcon.colcon_parallel_executor.executor.parallel:loop closed
[2.703s] DEBUG:colcon.colcon_parallel_executor.executor.parallel:run_until_complete finished with '0'
[2.703s] DEBUG:colcon.colcon_core.event_reactor:joining thread
[2.708s] INFO:colcon.colcon_core.plugin_system:Skipping extension 'colcon_notification.desktop_notification.terminal_notifier': Not used on non-Darwin systems
[2.708s] INFO:colcon.colcon_core.plugin_system:Skipping extension 'colcon_notification.desktop_notification.win32': Not used on non-Windows systems
[2.708s] INFO:colcon.colcon_notification.desktop_notification:Sending desktop notification using 'notify2'
[2.718s] DEBUG:colcon.colcon_core.event_reactor:joined thread
[2.719s] INFO:colcon.colcon_core.shell:Creating prefix script '/home/zzy/ur_real/install/local_setup.ps1'
[2.719s] INFO:colcon.colcon_core.shell:Creating prefix util module '/home/zzy/ur_real/install/_local_setup_util_ps1.py'
[2.720s] INFO:colcon.colcon_core.shell:Creating prefix chain script '/home/zzy/ur_real/install/setup.ps1'
[2.721s] INFO:colcon.colcon_core.shell:Creating prefix script '/home/zzy/ur_real/install/local_setup.sh'
[2.722s] INFO:colcon.colcon_core.shell:Creating prefix util module '/home/zzy/ur_real/install/_local_setup_util_sh.py'
[2.722s] INFO:colcon.colcon_core.shell:Creating prefix chain script '/home/zzy/ur_real/install/setup.sh'
[2.723s] INFO:colcon.colcon_core.shell:Creating prefix script '/home/zzy/ur_real/install/local_setup.bash'
[2.723s] INFO:colcon.colcon_core.shell:Creating prefix chain script '/home/zzy/ur_real/install/setup.bash'
[2.724s] INFO:colcon.colcon_core.shell:Creating prefix script '/home/zzy/ur_real/install/local_setup.zsh'
[2.724s] INFO:colcon.colcon_core.shell:Creating prefix chain script '/home/zzy/ur_real/install/setup.zsh'
