[0.099s] DEBUG:colcon:Command line arguments: ['/home/zzy/.local/bin/colcon', 'build', '--symlink-install']
[0.099s] DEBUG:colcon:Parsed command line arguments: Namespace(log_base=None, log_level=None, verb_name='build', build_base='build', install_base='install', merge_install=False, symlink_install=True, test_result_base=None, continue_on_error=False, executor='parallel', parallel_workers=24, event_handlers=None, ignore_user_meta=False, metas=['./colcon.meta'], base_paths=['.'], packages_ignore=None, packages_ignore_regex=None, paths=None, packages_up_to=None, packages_up_to_regex=None, packages_above=None, packages_above_and_dependencies=None, packages_above_depth=None, packages_select_by_dep=None, packages_skip_by_dep=None, packages_skip_up_to=None, packages_select_build_failed=False, packages_skip_build_finished=False, packages_select_test_failures=False, packages_skip_test_passed=False, packages_select=None, packages_skip=None, packages_select_regex=None, packages_skip_regex=None, packages_start=None, packages_end=None, allow_overriding=[], cmake_args=None, cmake_target=None, cmake_target_skip_unavailable=False, cmake_clean_cache=False, cmake_clean_first=False, cmake_force_configure=False, ament_cmake_args=None, catkin_cmake_args=None, catkin_skip_building_tests=False, mixin_files=None, mixin=None, verb_parser=<colcon_mixin.mixin.mixin_argument.MixinArgumentDecorator object at 0x7f6e4fe9bc10>, verb_extension=<colcon_core.verb.build.BuildVerb object at 0x7f6e500500a0>, main=<bound method BuildVerb.main of <colcon_core.verb.build.BuildVerb object at 0x7f6e500500a0>>, mixin_verb=('build',))
[0.125s] Level 1:colcon.colcon_core.package_discovery:discover_packages(colcon_meta) check parameters
[0.125s] Level 1:colcon.colcon_core.package_discovery:discover_packages(recursive) check parameters
[0.125s] Level 1:colcon.colcon_core.package_discovery:discover_packages(ignore) check parameters
[0.125s] Level 1:colcon.colcon_core.package_discovery:discover_packages(path) check parameters
[0.125s] Level 1:colcon.colcon_core.package_discovery:discover_packages(colcon_meta) discover
[0.125s] Level 1:colcon.colcon_core.package_discovery:discover_packages(recursive) discover
[0.125s] INFO:colcon.colcon_core.package_discovery:Crawling recursively for packages in '/home/zzy/ur_real'
[0.125s] Level 1:colcon.colcon_core.package_identification:_identify(.) by extensions ['ignore', 'ignore_ament_install']
[0.125s] Level 1:colcon.colcon_core.package_identification:_identify(.) by extension 'ignore'
[0.125s] Level 1:colcon.colcon_core.package_identification:_identify(.) by extension 'ignore_ament_install'
[0.126s] Level 1:colcon.colcon_core.package_identification:_identify(.) by extensions ['colcon_pkg']
[0.126s] Level 1:colcon.colcon_core.package_identification:_identify(.) by extension 'colcon_pkg'
[0.126s] Level 1:colcon.colcon_core.package_identification:_identify(.) by extensions ['colcon_meta']
[0.126s] Level 1:colcon.colcon_core.package_identification:_identify(.) by extension 'colcon_meta'
[0.126s] Level 1:colcon.colcon_core.package_identification:_identify(.) by extensions ['ros']
[0.126s] Level 1:colcon.colcon_core.package_identification:_identify(.) by extension 'ros'
[0.135s] Level 1:colcon.colcon_core.package_identification:_identify(.) by extensions ['cmake', 'python']
[0.136s] Level 1:colcon.colcon_core.package_identification:_identify(.) by extension 'cmake'
[0.136s] Level 1:colcon.colcon_core.package_identification:_identify(.) by extension 'python'
[0.136s] Level 1:colcon.colcon_core.package_identification:_identify(.) by extensions ['python_setup_py']
[0.136s] Level 1:colcon.colcon_core.package_identification:_identify(.) by extension 'python_setup_py'
[0.136s] Level 1:colcon.colcon_core.package_identification:_identify(Documents) by extensions ['ignore', 'ignore_ament_install']
[0.136s] Level 1:colcon.colcon_core.package_identification:_identify(Documents) by extension 'ignore'
[0.136s] Level 1:colcon.colcon_core.package_identification:_identify(Documents) by extension 'ignore_ament_install'
[0.136s] Level 1:colcon.colcon_core.package_identification:_identify(Documents) by extensions ['colcon_pkg']
[0.136s] Level 1:colcon.colcon_core.package_identification:_identify(Documents) by extension 'colcon_pkg'
[0.136s] Level 1:colcon.colcon_core.package_identification:_identify(Documents) by extensions ['colcon_meta']
[0.136s] Level 1:colcon.colcon_core.package_identification:_identify(Documents) by extension 'colcon_meta'
[0.136s] Level 1:colcon.colcon_core.package_identification:_identify(Documents) by extensions ['ros']
[0.136s] Level 1:colcon.colcon_core.package_identification:_identify(Documents) by extension 'ros'
[0.136s] Level 1:colcon.colcon_core.package_identification:_identify(Documents) by extensions ['cmake', 'python']
[0.136s] Level 1:colcon.colcon_core.package_identification:_identify(Documents) by extension 'cmake'
[0.136s] Level 1:colcon.colcon_core.package_identification:_identify(Documents) by extension 'python'
[0.136s] Level 1:colcon.colcon_core.package_identification:_identify(Documents) by extensions ['python_setup_py']
[0.136s] Level 1:colcon.colcon_core.package_identification:_identify(Documents) by extension 'python_setup_py'
[0.136s] Level 1:colcon.colcon_core.package_identification:_identify(build) by extensions ['ignore', 'ignore_ament_install']
[0.136s] Level 1:colcon.colcon_core.package_identification:_identify(build) by extension 'ignore'
[0.136s] Level 1:colcon.colcon_core.package_identification:_identify(build) ignored
[0.136s] Level 1:colcon.colcon_core.package_identification:_identify(install) by extensions ['ignore', 'ignore_ament_install']
[0.136s] Level 1:colcon.colcon_core.package_identification:_identify(install) by extension 'ignore'
[0.136s] Level 1:colcon.colcon_core.package_identification:_identify(install) ignored
[0.137s] Level 1:colcon.colcon_core.package_identification:_identify(log) by extensions ['ignore', 'ignore_ament_install']
[0.137s] Level 1:colcon.colcon_core.package_identification:_identify(log) by extension 'ignore'
[0.137s] Level 1:colcon.colcon_core.package_identification:_identify(log) ignored
[0.137s] Level 1:colcon.colcon_core.package_identification:_identify(src) by extensions ['ignore', 'ignore_ament_install']
[0.137s] Level 1:colcon.colcon_core.package_identification:_identify(src) by extension 'ignore'
[0.137s] Level 1:colcon.colcon_core.package_identification:_identify(src) by extension 'ignore_ament_install'
[0.137s] Level 1:colcon.colcon_core.package_identification:_identify(src) by extensions ['colcon_pkg']
[0.137s] Level 1:colcon.colcon_core.package_identification:_identify(src) by extension 'colcon_pkg'
[0.137s] Level 1:colcon.colcon_core.package_identification:_identify(src) by extensions ['colcon_meta']
[0.137s] Level 1:colcon.colcon_core.package_identification:_identify(src) by extension 'colcon_meta'
[0.137s] Level 1:colcon.colcon_core.package_identification:_identify(src) by extensions ['ros']
[0.137s] Level 1:colcon.colcon_core.package_identification:_identify(src) by extension 'ros'
[0.137s] Level 1:colcon.colcon_core.package_identification:_identify(src) by extensions ['cmake', 'python']
[0.137s] Level 1:colcon.colcon_core.package_identification:_identify(src) by extension 'cmake'
[0.137s] Level 1:colcon.colcon_core.package_identification:_identify(src) by extension 'python'
[0.137s] Level 1:colcon.colcon_core.package_identification:_identify(src) by extensions ['python_setup_py']
[0.137s] Level 1:colcon.colcon_core.package_identification:_identify(src) by extension 'python_setup_py'
[0.137s] Level 1:colcon.colcon_core.package_identification:_identify(src/ati_sensor) by extensions ['ignore', 'ignore_ament_install']
[0.137s] Level 1:colcon.colcon_core.package_identification:_identify(src/ati_sensor) by extension 'ignore'
[0.137s] Level 1:colcon.colcon_core.package_identification:_identify(src/ati_sensor) by extension 'ignore_ament_install'
[0.137s] Level 1:colcon.colcon_core.package_identification:_identify(src/ati_sensor) by extensions ['colcon_pkg']
[0.137s] Level 1:colcon.colcon_core.package_identification:_identify(src/ati_sensor) by extension 'colcon_pkg'
[0.137s] Level 1:colcon.colcon_core.package_identification:_identify(src/ati_sensor) by extensions ['colcon_meta']
[0.137s] Level 1:colcon.colcon_core.package_identification:_identify(src/ati_sensor) by extension 'colcon_meta'
[0.137s] Level 1:colcon.colcon_core.package_identification:_identify(src/ati_sensor) by extensions ['ros']
[0.137s] Level 1:colcon.colcon_core.package_identification:_identify(src/ati_sensor) by extension 'ros'
[0.139s] DEBUG:colcon.colcon_core.package_identification:Package 'src/ati_sensor' with type 'ros.ament_python' and name 'ati_sensor'
[0.139s] Level 1:colcon.colcon_core.package_identification:_identify(src/camera) by extensions ['ignore', 'ignore_ament_install']
[0.139s] Level 1:colcon.colcon_core.package_identification:_identify(src/camera) by extension 'ignore'
[0.139s] Level 1:colcon.colcon_core.package_identification:_identify(src/camera) by extension 'ignore_ament_install'
[0.139s] Level 1:colcon.colcon_core.package_identification:_identify(src/camera) by extensions ['colcon_pkg']
[0.139s] Level 1:colcon.colcon_core.package_identification:_identify(src/camera) by extension 'colcon_pkg'
[0.139s] Level 1:colcon.colcon_core.package_identification:_identify(src/camera) by extensions ['colcon_meta']
[0.139s] Level 1:colcon.colcon_core.package_identification:_identify(src/camera) by extension 'colcon_meta'
[0.139s] Level 1:colcon.colcon_core.package_identification:_identify(src/camera) by extensions ['ros']
[0.139s] Level 1:colcon.colcon_core.package_identification:_identify(src/camera) by extension 'ros'
[0.139s] DEBUG:colcon.colcon_core.package_identification:Package 'src/camera' with type 'ros.ament_python' and name 'camera'
[0.139s] Level 1:colcon.colcon_core.package_identification:_identify(src/easy_handeye2) by extensions ['ignore', 'ignore_ament_install']
[0.139s] Level 1:colcon.colcon_core.package_identification:_identify(src/easy_handeye2) by extension 'ignore'
[0.140s] Level 1:colcon.colcon_core.package_identification:_identify(src/easy_handeye2) by extension 'ignore_ament_install'
[0.140s] Level 1:colcon.colcon_core.package_identification:_identify(src/easy_handeye2) by extensions ['colcon_pkg']
[0.140s] Level 1:colcon.colcon_core.package_identification:_identify(src/easy_handeye2) by extension 'colcon_pkg'
[0.140s] Level 1:colcon.colcon_core.package_identification:_identify(src/easy_handeye2) by extensions ['colcon_meta']
[0.140s] Level 1:colcon.colcon_core.package_identification:_identify(src/easy_handeye2) by extension 'colcon_meta'
[0.140s] Level 1:colcon.colcon_core.package_identification:_identify(src/easy_handeye2) by extensions ['ros']
[0.140s] Level 1:colcon.colcon_core.package_identification:_identify(src/easy_handeye2) by extension 'ros'
[0.140s] Level 1:colcon.colcon_core.package_identification:_identify(src/easy_handeye2) by extensions ['cmake', 'python']
[0.140s] Level 1:colcon.colcon_core.package_identification:_identify(src/easy_handeye2) by extension 'cmake'
[0.140s] Level 1:colcon.colcon_core.package_identification:_identify(src/easy_handeye2) by extension 'python'
[0.140s] Level 1:colcon.colcon_core.package_identification:_identify(src/easy_handeye2) by extensions ['python_setup_py']
[0.140s] Level 1:colcon.colcon_core.package_identification:_identify(src/easy_handeye2) by extension 'python_setup_py'
[0.140s] Level 1:colcon.colcon_core.package_identification:_identify(src/easy_handeye2/docs) by extensions ['ignore', 'ignore_ament_install']
[0.140s] Level 1:colcon.colcon_core.package_identification:_identify(src/easy_handeye2/docs) by extension 'ignore'
[0.140s] Level 1:colcon.colcon_core.package_identification:_identify(src/easy_handeye2/docs) by extension 'ignore_ament_install'
[0.140s] Level 1:colcon.colcon_core.package_identification:_identify(src/easy_handeye2/docs) by extensions ['colcon_pkg']
[0.140s] Level 1:colcon.colcon_core.package_identification:_identify(src/easy_handeye2/docs) by extension 'colcon_pkg'
[0.140s] Level 1:colcon.colcon_core.package_identification:_identify(src/easy_handeye2/docs) by extensions ['colcon_meta']
[0.140s] Level 1:colcon.colcon_core.package_identification:_identify(src/easy_handeye2/docs) by extension 'colcon_meta'
[0.140s] Level 1:colcon.colcon_core.package_identification:_identify(src/easy_handeye2/docs) by extensions ['ros']
[0.140s] Level 1:colcon.colcon_core.package_identification:_identify(src/easy_handeye2/docs) by extension 'ros'
[0.140s] Level 1:colcon.colcon_core.package_identification:_identify(src/easy_handeye2/docs) by extensions ['cmake', 'python']
[0.140s] Level 1:colcon.colcon_core.package_identification:_identify(src/easy_handeye2/docs) by extension 'cmake'
[0.140s] Level 1:colcon.colcon_core.package_identification:_identify(src/easy_handeye2/docs) by extension 'python'
[0.140s] Level 1:colcon.colcon_core.package_identification:_identify(src/easy_handeye2/docs) by extensions ['python_setup_py']
[0.140s] Level 1:colcon.colcon_core.package_identification:_identify(src/easy_handeye2/docs) by extension 'python_setup_py'
[0.140s] Level 1:colcon.colcon_core.package_identification:_identify(src/easy_handeye2/docs/img) by extensions ['ignore', 'ignore_ament_install']
[0.140s] Level 1:colcon.colcon_core.package_identification:_identify(src/easy_handeye2/docs/img) by extension 'ignore'
[0.140s] Level 1:colcon.colcon_core.package_identification:_identify(src/easy_handeye2/docs/img) by extension 'ignore_ament_install'
[0.140s] Level 1:colcon.colcon_core.package_identification:_identify(src/easy_handeye2/docs/img) by extensions ['colcon_pkg']
[0.140s] Level 1:colcon.colcon_core.package_identification:_identify(src/easy_handeye2/docs/img) by extension 'colcon_pkg'
[0.140s] Level 1:colcon.colcon_core.package_identification:_identify(src/easy_handeye2/docs/img) by extensions ['colcon_meta']
[0.140s] Level 1:colcon.colcon_core.package_identification:_identify(src/easy_handeye2/docs/img) by extension 'colcon_meta'
[0.140s] Level 1:colcon.colcon_core.package_identification:_identify(src/easy_handeye2/docs/img) by extensions ['ros']
[0.140s] Level 1:colcon.colcon_core.package_identification:_identify(src/easy_handeye2/docs/img) by extension 'ros'
[0.140s] Level 1:colcon.colcon_core.package_identification:_identify(src/easy_handeye2/docs/img) by extensions ['cmake', 'python']
[0.140s] Level 1:colcon.colcon_core.package_identification:_identify(src/easy_handeye2/docs/img) by extension 'cmake'
[0.140s] Level 1:colcon.colcon_core.package_identification:_identify(src/easy_handeye2/docs/img) by extension 'python'
[0.140s] Level 1:colcon.colcon_core.package_identification:_identify(src/easy_handeye2/docs/img) by extensions ['python_setup_py']
[0.140s] Level 1:colcon.colcon_core.package_identification:_identify(src/easy_handeye2/docs/img) by extension 'python_setup_py'
[0.141s] Level 1:colcon.colcon_core.package_identification:_identify(src/easy_handeye2/easy_handeye2) by extensions ['ignore', 'ignore_ament_install']
[0.141s] Level 1:colcon.colcon_core.package_identification:_identify(src/easy_handeye2/easy_handeye2) by extension 'ignore'
[0.141s] Level 1:colcon.colcon_core.package_identification:_identify(src/easy_handeye2/easy_handeye2) by extension 'ignore_ament_install'
[0.141s] Level 1:colcon.colcon_core.package_identification:_identify(src/easy_handeye2/easy_handeye2) by extensions ['colcon_pkg']
[0.141s] Level 1:colcon.colcon_core.package_identification:_identify(src/easy_handeye2/easy_handeye2) by extension 'colcon_pkg'
[0.141s] Level 1:colcon.colcon_core.package_identification:_identify(src/easy_handeye2/easy_handeye2) by extensions ['colcon_meta']
[0.141s] Level 1:colcon.colcon_core.package_identification:_identify(src/easy_handeye2/easy_handeye2) by extension 'colcon_meta'
[0.141s] Level 1:colcon.colcon_core.package_identification:_identify(src/easy_handeye2/easy_handeye2) by extensions ['ros']
[0.141s] Level 1:colcon.colcon_core.package_identification:_identify(src/easy_handeye2/easy_handeye2) by extension 'ros'
[0.141s] DEBUG:colcon.colcon_core.package_identification:Package 'src/easy_handeye2/easy_handeye2' with type 'ros.ament_python' and name 'easy_handeye2'
[0.141s] Level 1:colcon.colcon_core.package_identification:_identify(src/easy_handeye2/easy_handeye2_msgs) by extensions ['ignore', 'ignore_ament_install']
[0.141s] Level 1:colcon.colcon_core.package_identification:_identify(src/easy_handeye2/easy_handeye2_msgs) by extension 'ignore'
[0.141s] Level 1:colcon.colcon_core.package_identification:_identify(src/easy_handeye2/easy_handeye2_msgs) by extension 'ignore_ament_install'
[0.141s] Level 1:colcon.colcon_core.package_identification:_identify(src/easy_handeye2/easy_handeye2_msgs) by extensions ['colcon_pkg']
[0.141s] Level 1:colcon.colcon_core.package_identification:_identify(src/easy_handeye2/easy_handeye2_msgs) by extension 'colcon_pkg'
[0.141s] Level 1:colcon.colcon_core.package_identification:_identify(src/easy_handeye2/easy_handeye2_msgs) by extensions ['colcon_meta']
[0.141s] Level 1:colcon.colcon_core.package_identification:_identify(src/easy_handeye2/easy_handeye2_msgs) by extension 'colcon_meta'
[0.141s] Level 1:colcon.colcon_core.package_identification:_identify(src/easy_handeye2/easy_handeye2_msgs) by extensions ['ros']
[0.141s] Level 1:colcon.colcon_core.package_identification:_identify(src/easy_handeye2/easy_handeye2_msgs) by extension 'ros'
[0.142s] DEBUG:colcon.colcon_core.package_identification:Package 'src/easy_handeye2/easy_handeye2_msgs' with type 'ros.ament_cmake' and name 'easy_handeye2_msgs'
[0.142s] Level 1:colcon.colcon_core.package_identification:_identify(src/ferrobotics) by extensions ['ignore', 'ignore_ament_install']
[0.142s] Level 1:colcon.colcon_core.package_identification:_identify(src/ferrobotics) by extension 'ignore'
[0.142s] Level 1:colcon.colcon_core.package_identification:_identify(src/ferrobotics) by extension 'ignore_ament_install'
[0.142s] Level 1:colcon.colcon_core.package_identification:_identify(src/ferrobotics) by extensions ['colcon_pkg']
[0.142s] Level 1:colcon.colcon_core.package_identification:_identify(src/ferrobotics) by extension 'colcon_pkg'
[0.142s] Level 1:colcon.colcon_core.package_identification:_identify(src/ferrobotics) by extensions ['colcon_meta']
[0.142s] Level 1:colcon.colcon_core.package_identification:_identify(src/ferrobotics) by extension 'colcon_meta'
[0.142s] Level 1:colcon.colcon_core.package_identification:_identify(src/ferrobotics) by extensions ['ros']
[0.142s] Level 1:colcon.colcon_core.package_identification:_identify(src/ferrobotics) by extension 'ros'
[0.143s] DEBUG:colcon.colcon_core.package_identification:Package 'src/ferrobotics' with type 'ros.ament_cmake' and name 'ferrobotics'
[0.143s] Level 1:colcon.colcon_core.package_identification:_identify(src/ferrobotics_acf) by extensions ['ignore', 'ignore_ament_install']
[0.143s] Level 1:colcon.colcon_core.package_identification:_identify(src/ferrobotics_acf) by extension 'ignore'
[0.143s] Level 1:colcon.colcon_core.package_identification:_identify(src/ferrobotics_acf) by extension 'ignore_ament_install'
[0.143s] Level 1:colcon.colcon_core.package_identification:_identify(src/ferrobotics_acf) by extensions ['colcon_pkg']
[0.143s] Level 1:colcon.colcon_core.package_identification:_identify(src/ferrobotics_acf) by extension 'colcon_pkg'
[0.143s] Level 1:colcon.colcon_core.package_identification:_identify(src/ferrobotics_acf) by extensions ['colcon_meta']
[0.143s] Level 1:colcon.colcon_core.package_identification:_identify(src/ferrobotics_acf) by extension 'colcon_meta'
[0.143s] Level 1:colcon.colcon_core.package_identification:_identify(src/ferrobotics_acf) by extensions ['ros']
[0.143s] Level 1:colcon.colcon_core.package_identification:_identify(src/ferrobotics_acf) by extension 'ros'
[0.143s] DEBUG:colcon.colcon_core.package_identification:Package 'src/ferrobotics_acf' with type 'ros.ament_python' and name 'ferrobotics_acf'
[0.143s] Level 1:colcon.colcon_core.package_identification:_identify(src/gravity_compensation) by extensions ['ignore', 'ignore_ament_install']
[0.143s] Level 1:colcon.colcon_core.package_identification:_identify(src/gravity_compensation) by extension 'ignore'
[0.143s] Level 1:colcon.colcon_core.package_identification:_identify(src/gravity_compensation) by extension 'ignore_ament_install'
[0.143s] Level 1:colcon.colcon_core.package_identification:_identify(src/gravity_compensation) by extensions ['colcon_pkg']
[0.143s] Level 1:colcon.colcon_core.package_identification:_identify(src/gravity_compensation) by extension 'colcon_pkg'
[0.143s] Level 1:colcon.colcon_core.package_identification:_identify(src/gravity_compensation) by extensions ['colcon_meta']
[0.143s] Level 1:colcon.colcon_core.package_identification:_identify(src/gravity_compensation) by extension 'colcon_meta'
[0.143s] Level 1:colcon.colcon_core.package_identification:_identify(src/gravity_compensation) by extensions ['ros']
[0.143s] Level 1:colcon.colcon_core.package_identification:_identify(src/gravity_compensation) by extension 'ros'
[0.144s] DEBUG:colcon.colcon_core.package_identification:Package 'src/gravity_compensation' with type 'ros.ament_python' and name 'gravity_compensation'
[0.144s] Level 1:colcon.colcon_core.package_identification:_identify(src/pymoveit2) by extensions ['ignore', 'ignore_ament_install']
[0.144s] Level 1:colcon.colcon_core.package_identification:_identify(src/pymoveit2) by extension 'ignore'
[0.144s] Level 1:colcon.colcon_core.package_identification:_identify(src/pymoveit2) by extension 'ignore_ament_install'
[0.144s] Level 1:colcon.colcon_core.package_identification:_identify(src/pymoveit2) by extensions ['colcon_pkg']
[0.144s] Level 1:colcon.colcon_core.package_identification:_identify(src/pymoveit2) by extension 'colcon_pkg'
[0.144s] Level 1:colcon.colcon_core.package_identification:_identify(src/pymoveit2) by extensions ['colcon_meta']
[0.144s] Level 1:colcon.colcon_core.package_identification:_identify(src/pymoveit2) by extension 'colcon_meta'
[0.144s] Level 1:colcon.colcon_core.package_identification:_identify(src/pymoveit2) by extensions ['ros']
[0.144s] Level 1:colcon.colcon_core.package_identification:_identify(src/pymoveit2) by extension 'ros'
[0.144s] DEBUG:colcon.colcon_core.package_identification:Package 'src/pymoveit2' with type 'ros.ament_cmake' and name 'pymoveit2'
[0.144s] Level 1:colcon.colcon_core.package_identification:_identify(src/ur10_moveit_config) by extensions ['ignore', 'ignore_ament_install']
[0.144s] Level 1:colcon.colcon_core.package_identification:_identify(src/ur10_moveit_config) by extension 'ignore'
[0.144s] Level 1:colcon.colcon_core.package_identification:_identify(src/ur10_moveit_config) by extension 'ignore_ament_install'
[0.144s] Level 1:colcon.colcon_core.package_identification:_identify(src/ur10_moveit_config) by extensions ['colcon_pkg']
[0.144s] Level 1:colcon.colcon_core.package_identification:_identify(src/ur10_moveit_config) by extension 'colcon_pkg'
[0.144s] Level 1:colcon.colcon_core.package_identification:_identify(src/ur10_moveit_config) by extensions ['colcon_meta']
[0.144s] Level 1:colcon.colcon_core.package_identification:_identify(src/ur10_moveit_config) by extension 'colcon_meta'
[0.145s] Level 1:colcon.colcon_core.package_identification:_identify(src/ur10_moveit_config) by extensions ['ros']
[0.145s] Level 1:colcon.colcon_core.package_identification:_identify(src/ur10_moveit_config) by extension 'ros'
[0.145s] DEBUG:colcon.colcon_core.package_identification:Package 'src/ur10_moveit_config' with type 'ros.ament_cmake' and name 'ur10_moveit_config'
[0.145s] Level 1:colcon.colcon_core.package_identification:_identify(src/ur10_vel) by extensions ['ignore', 'ignore_ament_install']
[0.145s] Level 1:colcon.colcon_core.package_identification:_identify(src/ur10_vel) by extension 'ignore'
[0.145s] Level 1:colcon.colcon_core.package_identification:_identify(src/ur10_vel) by extension 'ignore_ament_install'
[0.145s] Level 1:colcon.colcon_core.package_identification:_identify(src/ur10_vel) by extensions ['colcon_pkg']
[0.145s] Level 1:colcon.colcon_core.package_identification:_identify(src/ur10_vel) by extension 'colcon_pkg'
[0.145s] Level 1:colcon.colcon_core.package_identification:_identify(src/ur10_vel) by extensions ['colcon_meta']
[0.145s] Level 1:colcon.colcon_core.package_identification:_identify(src/ur10_vel) by extension 'colcon_meta'
[0.145s] Level 1:colcon.colcon_core.package_identification:_identify(src/ur10_vel) by extensions ['ros']
[0.145s] Level 1:colcon.colcon_core.package_identification:_identify(src/ur10_vel) by extension 'ros'
[0.146s] DEBUG:colcon.colcon_core.package_identification:Package 'src/ur10_vel' with type 'ros.ament_python' and name 'ur10_vel'
[0.146s] Level 1:colcon.colcon_core.package_identification:_identify(src/ur_bringup) by extensions ['ignore', 'ignore_ament_install']
[0.146s] Level 1:colcon.colcon_core.package_identification:_identify(src/ur_bringup) by extension 'ignore'
[0.146s] Level 1:colcon.colcon_core.package_identification:_identify(src/ur_bringup) by extension 'ignore_ament_install'
[0.146s] Level 1:colcon.colcon_core.package_identification:_identify(src/ur_bringup) by extensions ['colcon_pkg']
[0.146s] Level 1:colcon.colcon_core.package_identification:_identify(src/ur_bringup) by extension 'colcon_pkg'
[0.146s] Level 1:colcon.colcon_core.package_identification:_identify(src/ur_bringup) by extensions ['colcon_meta']
[0.146s] Level 1:colcon.colcon_core.package_identification:_identify(src/ur_bringup) by extension 'colcon_meta'
[0.146s] Level 1:colcon.colcon_core.package_identification:_identify(src/ur_bringup) by extensions ['ros']
[0.146s] Level 1:colcon.colcon_core.package_identification:_identify(src/ur_bringup) by extension 'ros'
[0.146s] DEBUG:colcon.colcon_core.package_identification:Package 'src/ur_bringup' with type 'ros.ament_cmake' and name 'ur_bringup'
[0.146s] Level 1:colcon.colcon_core.package_discovery:discover_packages(recursive) using defaults
[0.146s] Level 1:colcon.colcon_core.package_discovery:discover_packages(ignore) discover
[0.146s] Level 1:colcon.colcon_core.package_discovery:discover_packages(ignore) using defaults
[0.146s] Level 1:colcon.colcon_core.package_discovery:discover_packages(path) discover
[0.146s] Level 1:colcon.colcon_core.package_discovery:discover_packages(path) using defaults
[0.161s] Level 1:colcon.colcon_core.package_discovery:discover_packages(prefix_path) check parameters
[0.161s] Level 1:colcon.colcon_core.package_discovery:discover_packages(prefix_path) discover
[0.162s] DEBUG:colcon.colcon_installed_package_information.package_discovery:Found 10 installed packages in /home/zzy/ur_real/install
[0.163s] DEBUG:colcon.colcon_installed_package_information.package_discovery:Found 400 installed packages in /opt/ros/humble
[0.164s] Level 1:colcon.colcon_core.package_discovery:discover_packages(prefix_path) using defaults
[0.192s] Level 5:colcon.colcon_core.verb:set package 'ati_sensor' build argument 'cmake_args' from command line to 'None'
[0.192s] Level 5:colcon.colcon_core.verb:set package 'ati_sensor' build argument 'cmake_target' from command line to 'None'
[0.192s] Level 5:colcon.colcon_core.verb:set package 'ati_sensor' build argument 'cmake_target_skip_unavailable' from command line to 'False'
[0.192s] Level 5:colcon.colcon_core.verb:set package 'ati_sensor' build argument 'cmake_clean_cache' from command line to 'False'
[0.192s] Level 5:colcon.colcon_core.verb:set package 'ati_sensor' build argument 'cmake_clean_first' from command line to 'False'
[0.192s] Level 5:colcon.colcon_core.verb:set package 'ati_sensor' build argument 'cmake_force_configure' from command line to 'False'
[0.192s] Level 5:colcon.colcon_core.verb:set package 'ati_sensor' build argument 'ament_cmake_args' from command line to 'None'
[0.192s] Level 5:colcon.colcon_core.verb:set package 'ati_sensor' build argument 'catkin_cmake_args' from command line to 'None'
[0.192s] Level 5:colcon.colcon_core.verb:set package 'ati_sensor' build argument 'catkin_skip_building_tests' from command line to 'False'
[0.192s] DEBUG:colcon.colcon_core.verb:Building package 'ati_sensor' with the following arguments: {'ament_cmake_args': None, 'build_base': '/home/zzy/ur_real/build/ati_sensor', 'catkin_cmake_args': None, 'catkin_skip_building_tests': False, 'cmake_args': None, 'cmake_clean_cache': False, 'cmake_clean_first': False, 'cmake_force_configure': False, 'cmake_target': None, 'cmake_target_skip_unavailable': False, 'install_base': '/home/zzy/ur_real/install/ati_sensor', 'merge_install': False, 'path': '/home/zzy/ur_real/src/ati_sensor', 'symlink_install': True, 'test_result_base': None}
[0.193s] Level 5:colcon.colcon_core.verb:set package 'camera' build argument 'cmake_args' from command line to 'None'
[0.193s] Level 5:colcon.colcon_core.verb:set package 'camera' build argument 'cmake_target' from command line to 'None'
[0.193s] Level 5:colcon.colcon_core.verb:set package 'camera' build argument 'cmake_target_skip_unavailable' from command line to 'False'
[0.193s] Level 5:colcon.colcon_core.verb:set package 'camera' build argument 'cmake_clean_cache' from command line to 'False'
[0.193s] Level 5:colcon.colcon_core.verb:set package 'camera' build argument 'cmake_clean_first' from command line to 'False'
[0.193s] Level 5:colcon.colcon_core.verb:set package 'camera' build argument 'cmake_force_configure' from command line to 'False'
[0.193s] Level 5:colcon.colcon_core.verb:set package 'camera' build argument 'ament_cmake_args' from command line to 'None'
[0.193s] Level 5:colcon.colcon_core.verb:set package 'camera' build argument 'catkin_cmake_args' from command line to 'None'
[0.193s] Level 5:colcon.colcon_core.verb:set package 'camera' build argument 'catkin_skip_building_tests' from command line to 'False'
[0.193s] DEBUG:colcon.colcon_core.verb:Building package 'camera' with the following arguments: {'ament_cmake_args': None, 'build_base': '/home/zzy/ur_real/build/camera', 'catkin_cmake_args': None, 'catkin_skip_building_tests': False, 'cmake_args': None, 'cmake_clean_cache': False, 'cmake_clean_first': False, 'cmake_force_configure': False, 'cmake_target': None, 'cmake_target_skip_unavailable': False, 'install_base': '/home/zzy/ur_real/install/camera', 'merge_install': False, 'path': '/home/zzy/ur_real/src/camera', 'symlink_install': True, 'test_result_base': None}
[0.193s] Level 5:colcon.colcon_core.verb:set package 'easy_handeye2_msgs' build argument 'cmake_args' from command line to 'None'
[0.193s] Level 5:colcon.colcon_core.verb:set package 'easy_handeye2_msgs' build argument 'cmake_target' from command line to 'None'
[0.193s] Level 5:colcon.colcon_core.verb:set package 'easy_handeye2_msgs' build argument 'cmake_target_skip_unavailable' from command line to 'False'
[0.193s] Level 5:colcon.colcon_core.verb:set package 'easy_handeye2_msgs' build argument 'cmake_clean_cache' from command line to 'False'
[0.193s] Level 5:colcon.colcon_core.verb:set package 'easy_handeye2_msgs' build argument 'cmake_clean_first' from command line to 'False'
[0.193s] Level 5:colcon.colcon_core.verb:set package 'easy_handeye2_msgs' build argument 'cmake_force_configure' from command line to 'False'
[0.193s] Level 5:colcon.colcon_core.verb:set package 'easy_handeye2_msgs' build argument 'ament_cmake_args' from command line to 'None'
[0.193s] Level 5:colcon.colcon_core.verb:set package 'easy_handeye2_msgs' build argument 'catkin_cmake_args' from command line to 'None'
[0.193s] Level 5:colcon.colcon_core.verb:set package 'easy_handeye2_msgs' build argument 'catkin_skip_building_tests' from command line to 'False'
[0.193s] DEBUG:colcon.colcon_core.verb:Building package 'easy_handeye2_msgs' with the following arguments: {'ament_cmake_args': None, 'build_base': '/home/zzy/ur_real/build/easy_handeye2_msgs', 'catkin_cmake_args': None, 'catkin_skip_building_tests': False, 'cmake_args': None, 'cmake_clean_cache': False, 'cmake_clean_first': False, 'cmake_force_configure': False, 'cmake_target': None, 'cmake_target_skip_unavailable': False, 'install_base': '/home/zzy/ur_real/install/easy_handeye2_msgs', 'merge_install': False, 'path': '/home/zzy/ur_real/src/easy_handeye2/easy_handeye2_msgs', 'symlink_install': True, 'test_result_base': None}
[0.193s] Level 5:colcon.colcon_core.verb:set package 'ferrobotics' build argument 'cmake_args' from command line to 'None'
[0.193s] Level 5:colcon.colcon_core.verb:set package 'ferrobotics' build argument 'cmake_target' from command line to 'None'
[0.193s] Level 5:colcon.colcon_core.verb:set package 'ferrobotics' build argument 'cmake_target_skip_unavailable' from command line to 'False'
[0.193s] Level 5:colcon.colcon_core.verb:set package 'ferrobotics' build argument 'cmake_clean_cache' from command line to 'False'
[0.193s] Level 5:colcon.colcon_core.verb:set package 'ferrobotics' build argument 'cmake_clean_first' from command line to 'False'
[0.193s] Level 5:colcon.colcon_core.verb:set package 'ferrobotics' build argument 'cmake_force_configure' from command line to 'False'
[0.193s] Level 5:colcon.colcon_core.verb:set package 'ferrobotics' build argument 'ament_cmake_args' from command line to 'None'
[0.193s] Level 5:colcon.colcon_core.verb:set package 'ferrobotics' build argument 'catkin_cmake_args' from command line to 'None'
[0.193s] Level 5:colcon.colcon_core.verb:set package 'ferrobotics' build argument 'catkin_skip_building_tests' from command line to 'False'
[0.193s] DEBUG:colcon.colcon_core.verb:Building package 'ferrobotics' with the following arguments: {'ament_cmake_args': None, 'build_base': '/home/zzy/ur_real/build/ferrobotics', 'catkin_cmake_args': None, 'catkin_skip_building_tests': False, 'cmake_args': None, 'cmake_clean_cache': False, 'cmake_clean_first': False, 'cmake_force_configure': False, 'cmake_target': None, 'cmake_target_skip_unavailable': False, 'install_base': '/home/zzy/ur_real/install/ferrobotics', 'merge_install': False, 'path': '/home/zzy/ur_real/src/ferrobotics', 'symlink_install': True, 'test_result_base': None}
[0.193s] Level 5:colcon.colcon_core.verb:set package 'ferrobotics_acf' build argument 'cmake_args' from command line to 'None'
[0.193s] Level 5:colcon.colcon_core.verb:set package 'ferrobotics_acf' build argument 'cmake_target' from command line to 'None'
[0.193s] Level 5:colcon.colcon_core.verb:set package 'ferrobotics_acf' build argument 'cmake_target_skip_unavailable' from command line to 'False'
[0.194s] Level 5:colcon.colcon_core.verb:set package 'ferrobotics_acf' build argument 'cmake_clean_cache' from command line to 'False'
[0.194s] Level 5:colcon.colcon_core.verb:set package 'ferrobotics_acf' build argument 'cmake_clean_first' from command line to 'False'
[0.194s] Level 5:colcon.colcon_core.verb:set package 'ferrobotics_acf' build argument 'cmake_force_configure' from command line to 'False'
[0.194s] Level 5:colcon.colcon_core.verb:set package 'ferrobotics_acf' build argument 'ament_cmake_args' from command line to 'None'
[0.194s] Level 5:colcon.colcon_core.verb:set package 'ferrobotics_acf' build argument 'catkin_cmake_args' from command line to 'None'
[0.194s] Level 5:colcon.colcon_core.verb:set package 'ferrobotics_acf' build argument 'catkin_skip_building_tests' from command line to 'False'
[0.194s] DEBUG:colcon.colcon_core.verb:Building package 'ferrobotics_acf' with the following arguments: {'ament_cmake_args': None, 'build_base': '/home/zzy/ur_real/build/ferrobotics_acf', 'catkin_cmake_args': None, 'catkin_skip_building_tests': False, 'cmake_args': None, 'cmake_clean_cache': False, 'cmake_clean_first': False, 'cmake_force_configure': False, 'cmake_target': None, 'cmake_target_skip_unavailable': False, 'install_base': '/home/zzy/ur_real/install/ferrobotics_acf', 'merge_install': False, 'path': '/home/zzy/ur_real/src/ferrobotics_acf', 'symlink_install': True, 'test_result_base': None}
[0.194s] Level 5:colcon.colcon_core.verb:set package 'gravity_compensation' build argument 'cmake_args' from command line to 'None'
[0.194s] Level 5:colcon.colcon_core.verb:set package 'gravity_compensation' build argument 'cmake_target' from command line to 'None'
[0.194s] Level 5:colcon.colcon_core.verb:set package 'gravity_compensation' build argument 'cmake_target_skip_unavailable' from command line to 'False'
[0.194s] Level 5:colcon.colcon_core.verb:set package 'gravity_compensation' build argument 'cmake_clean_cache' from command line to 'False'
[0.194s] Level 5:colcon.colcon_core.verb:set package 'gravity_compensation' build argument 'cmake_clean_first' from command line to 'False'
[0.194s] Level 5:colcon.colcon_core.verb:set package 'gravity_compensation' build argument 'cmake_force_configure' from command line to 'False'
[0.194s] Level 5:colcon.colcon_core.verb:set package 'gravity_compensation' build argument 'ament_cmake_args' from command line to 'None'
[0.194s] Level 5:colcon.colcon_core.verb:set package 'gravity_compensation' build argument 'catkin_cmake_args' from command line to 'None'
[0.194s] Level 5:colcon.colcon_core.verb:set package 'gravity_compensation' build argument 'catkin_skip_building_tests' from command line to 'False'
[0.194s] DEBUG:colcon.colcon_core.verb:Building package 'gravity_compensation' with the following arguments: {'ament_cmake_args': None, 'build_base': '/home/zzy/ur_real/build/gravity_compensation', 'catkin_cmake_args': None, 'catkin_skip_building_tests': False, 'cmake_args': None, 'cmake_clean_cache': False, 'cmake_clean_first': False, 'cmake_force_configure': False, 'cmake_target': None, 'cmake_target_skip_unavailable': False, 'install_base': '/home/zzy/ur_real/install/gravity_compensation', 'merge_install': False, 'path': '/home/zzy/ur_real/src/gravity_compensation', 'symlink_install': True, 'test_result_base': None}
[0.194s] Level 5:colcon.colcon_core.verb:set package 'pymoveit2' build argument 'cmake_args' from command line to 'None'
[0.194s] Level 5:colcon.colcon_core.verb:set package 'pymoveit2' build argument 'cmake_target' from command line to 'None'
[0.194s] Level 5:colcon.colcon_core.verb:set package 'pymoveit2' build argument 'cmake_target_skip_unavailable' from command line to 'False'
[0.194s] Level 5:colcon.colcon_core.verb:set package 'pymoveit2' build argument 'cmake_clean_cache' from command line to 'False'
[0.194s] Level 5:colcon.colcon_core.verb:set package 'pymoveit2' build argument 'cmake_clean_first' from command line to 'False'
[0.194s] Level 5:colcon.colcon_core.verb:set package 'pymoveit2' build argument 'cmake_force_configure' from command line to 'False'
[0.194s] Level 5:colcon.colcon_core.verb:set package 'pymoveit2' build argument 'ament_cmake_args' from command line to 'None'
[0.194s] Level 5:colcon.colcon_core.verb:set package 'pymoveit2' build argument 'catkin_cmake_args' from command line to 'None'
[0.194s] Level 5:colcon.colcon_core.verb:set package 'pymoveit2' build argument 'catkin_skip_building_tests' from command line to 'False'
[0.194s] DEBUG:colcon.colcon_core.verb:Building package 'pymoveit2' with the following arguments: {'ament_cmake_args': None, 'build_base': '/home/zzy/ur_real/build/pymoveit2', 'catkin_cmake_args': None, 'catkin_skip_building_tests': False, 'cmake_args': None, 'cmake_clean_cache': False, 'cmake_clean_first': False, 'cmake_force_configure': False, 'cmake_target': None, 'cmake_target_skip_unavailable': False, 'install_base': '/home/zzy/ur_real/install/pymoveit2', 'merge_install': False, 'path': '/home/zzy/ur_real/src/pymoveit2', 'symlink_install': True, 'test_result_base': None}
[0.194s] Level 5:colcon.colcon_core.verb:set package 'ur10_moveit_config' build argument 'cmake_args' from command line to 'None'
[0.194s] Level 5:colcon.colcon_core.verb:set package 'ur10_moveit_config' build argument 'cmake_target' from command line to 'None'
[0.194s] Level 5:colcon.colcon_core.verb:set package 'ur10_moveit_config' build argument 'cmake_target_skip_unavailable' from command line to 'False'
[0.194s] Level 5:colcon.colcon_core.verb:set package 'ur10_moveit_config' build argument 'cmake_clean_cache' from command line to 'False'
[0.194s] Level 5:colcon.colcon_core.verb:set package 'ur10_moveit_config' build argument 'cmake_clean_first' from command line to 'False'
[0.194s] Level 5:colcon.colcon_core.verb:set package 'ur10_moveit_config' build argument 'cmake_force_configure' from command line to 'False'
[0.194s] Level 5:colcon.colcon_core.verb:set package 'ur10_moveit_config' build argument 'ament_cmake_args' from command line to 'None'
[0.194s] Level 5:colcon.colcon_core.verb:set package 'ur10_moveit_config' build argument 'catkin_cmake_args' from command line to 'None'
[0.194s] Level 5:colcon.colcon_core.verb:set package 'ur10_moveit_config' build argument 'catkin_skip_building_tests' from command line to 'False'
[0.195s] DEBUG:colcon.colcon_core.verb:Building package 'ur10_moveit_config' with the following arguments: {'ament_cmake_args': None, 'build_base': '/home/zzy/ur_real/build/ur10_moveit_config', 'catkin_cmake_args': None, 'catkin_skip_building_tests': False, 'cmake_args': None, 'cmake_clean_cache': False, 'cmake_clean_first': False, 'cmake_force_configure': False, 'cmake_target': None, 'cmake_target_skip_unavailable': False, 'install_base': '/home/zzy/ur_real/install/ur10_moveit_config', 'merge_install': False, 'path': '/home/zzy/ur_real/src/ur10_moveit_config', 'symlink_install': True, 'test_result_base': None}
[0.195s] Level 5:colcon.colcon_core.verb:set package 'ur10_vel' build argument 'cmake_args' from command line to 'None'
[0.195s] Level 5:colcon.colcon_core.verb:set package 'ur10_vel' build argument 'cmake_target' from command line to 'None'
[0.195s] Level 5:colcon.colcon_core.verb:set package 'ur10_vel' build argument 'cmake_target_skip_unavailable' from command line to 'False'
[0.195s] Level 5:colcon.colcon_core.verb:set package 'ur10_vel' build argument 'cmake_clean_cache' from command line to 'False'
[0.195s] Level 5:colcon.colcon_core.verb:set package 'ur10_vel' build argument 'cmake_clean_first' from command line to 'False'
[0.195s] Level 5:colcon.colcon_core.verb:set package 'ur10_vel' build argument 'cmake_force_configure' from command line to 'False'
[0.195s] Level 5:colcon.colcon_core.verb:set package 'ur10_vel' build argument 'ament_cmake_args' from command line to 'None'
[0.195s] Level 5:colcon.colcon_core.verb:set package 'ur10_vel' build argument 'catkin_cmake_args' from command line to 'None'
[0.195s] Level 5:colcon.colcon_core.verb:set package 'ur10_vel' build argument 'catkin_skip_building_tests' from command line to 'False'
[0.195s] DEBUG:colcon.colcon_core.verb:Building package 'ur10_vel' with the following arguments: {'ament_cmake_args': None, 'build_base': '/home/zzy/ur_real/build/ur10_vel', 'catkin_cmake_args': None, 'catkin_skip_building_tests': False, 'cmake_args': None, 'cmake_clean_cache': False, 'cmake_clean_first': False, 'cmake_force_configure': False, 'cmake_target': None, 'cmake_target_skip_unavailable': False, 'install_base': '/home/zzy/ur_real/install/ur10_vel', 'merge_install': False, 'path': '/home/zzy/ur_real/src/ur10_vel', 'symlink_install': True, 'test_result_base': None}
[0.195s] Level 5:colcon.colcon_core.verb:set package 'ur_bringup' build argument 'cmake_args' from command line to 'None'
[0.195s] Level 5:colcon.colcon_core.verb:set package 'ur_bringup' build argument 'cmake_target' from command line to 'None'
[0.195s] Level 5:colcon.colcon_core.verb:set package 'ur_bringup' build argument 'cmake_target_skip_unavailable' from command line to 'False'
[0.195s] Level 5:colcon.colcon_core.verb:set package 'ur_bringup' build argument 'cmake_clean_cache' from command line to 'False'
[0.195s] Level 5:colcon.colcon_core.verb:set package 'ur_bringup' build argument 'cmake_clean_first' from command line to 'False'
[0.195s] Level 5:colcon.colcon_core.verb:set package 'ur_bringup' build argument 'cmake_force_configure' from command line to 'False'
[0.195s] Level 5:colcon.colcon_core.verb:set package 'ur_bringup' build argument 'ament_cmake_args' from command line to 'None'
[0.195s] Level 5:colcon.colcon_core.verb:set package 'ur_bringup' build argument 'catkin_cmake_args' from command line to 'None'
[0.195s] Level 5:colcon.colcon_core.verb:set package 'ur_bringup' build argument 'catkin_skip_building_tests' from command line to 'False'
[0.195s] DEBUG:colcon.colcon_core.verb:Building package 'ur_bringup' with the following arguments: {'ament_cmake_args': None, 'build_base': '/home/zzy/ur_real/build/ur_bringup', 'catkin_cmake_args': None, 'catkin_skip_building_tests': False, 'cmake_args': None, 'cmake_clean_cache': False, 'cmake_clean_first': False, 'cmake_force_configure': False, 'cmake_target': None, 'cmake_target_skip_unavailable': False, 'install_base': '/home/zzy/ur_real/install/ur_bringup', 'merge_install': False, 'path': '/home/zzy/ur_real/src/ur_bringup', 'symlink_install': True, 'test_result_base': None}
[0.195s] Level 5:colcon.colcon_core.verb:set package 'easy_handeye2' build argument 'cmake_args' from command line to 'None'
[0.195s] Level 5:colcon.colcon_core.verb:set package 'easy_handeye2' build argument 'cmake_target' from command line to 'None'
[0.195s] Level 5:colcon.colcon_core.verb:set package 'easy_handeye2' build argument 'cmake_target_skip_unavailable' from command line to 'False'
[0.195s] Level 5:colcon.colcon_core.verb:set package 'easy_handeye2' build argument 'cmake_clean_cache' from command line to 'False'
[0.195s] Level 5:colcon.colcon_core.verb:set package 'easy_handeye2' build argument 'cmake_clean_first' from command line to 'False'
[0.195s] Level 5:colcon.colcon_core.verb:set package 'easy_handeye2' build argument 'cmake_force_configure' from command line to 'False'
[0.195s] Level 5:colcon.colcon_core.verb:set package 'easy_handeye2' build argument 'ament_cmake_args' from command line to 'None'
[0.195s] Level 5:colcon.colcon_core.verb:set package 'easy_handeye2' build argument 'catkin_cmake_args' from command line to 'None'
[0.195s] Level 5:colcon.colcon_core.verb:set package 'easy_handeye2' build argument 'catkin_skip_building_tests' from command line to 'False'
[0.195s] DEBUG:colcon.colcon_core.verb:Building package 'easy_handeye2' with the following arguments: {'ament_cmake_args': None, 'build_base': '/home/zzy/ur_real/build/easy_handeye2', 'catkin_cmake_args': None, 'catkin_skip_building_tests': False, 'cmake_args': None, 'cmake_clean_cache': False, 'cmake_clean_first': False, 'cmake_force_configure': False, 'cmake_target': None, 'cmake_target_skip_unavailable': False, 'install_base': '/home/zzy/ur_real/install/easy_handeye2', 'merge_install': False, 'path': '/home/zzy/ur_real/src/easy_handeye2/easy_handeye2', 'symlink_install': True, 'test_result_base': None}
[0.196s] INFO:colcon.colcon_core.executor:Executing jobs using 'parallel' executor
[0.196s] DEBUG:colcon.colcon_parallel_executor.executor.parallel:run_until_complete
[0.197s] INFO:colcon.colcon_ros.task.ament_cmake.build:Building ROS package in '/home/zzy/ur_real/src/easy_handeye2/easy_handeye2_msgs' with build type 'ament_cmake'
[0.197s] INFO:colcon.colcon_cmake.task.cmake.build:Building CMake package in '/home/zzy/ur_real/src/easy_handeye2/easy_handeye2_msgs'
[0.198s] INFO:colcon.colcon_core.plugin_system:Skipping extension 'colcon_core.shell.bat': Not used on non-Windows systems
[0.198s] INFO:colcon.colcon_core.shell:Skip shell extension 'powershell' for command environment: Not usable outside of PowerShell
[0.198s] DEBUG:colcon.colcon_core.shell:Skip shell extension 'dsv' for command environment
[0.200s] INFO:colcon.colcon_ros.task.ament_python.build:Building ROS package in '/home/zzy/ur_real/src/ati_sensor' with build type 'ament_python'
[0.200s] Level 1:colcon.colcon_core.shell:create_environment_hook('ati_sensor', 'ament_prefix_path')
[0.201s] INFO:colcon.colcon_core.shell:Creating environment hook '/home/zzy/ur_real/install/ati_sensor/share/ati_sensor/hook/ament_prefix_path.ps1'
[0.201s] INFO:colcon.colcon_core.shell:Creating environment descriptor '/home/zzy/ur_real/install/ati_sensor/share/ati_sensor/hook/ament_prefix_path.dsv'
[0.201s] INFO:colcon.colcon_core.shell:Creating environment hook '/home/zzy/ur_real/install/ati_sensor/share/ati_sensor/hook/ament_prefix_path.sh'
[0.202s] INFO:colcon.colcon_core.shell:Skip shell extension 'powershell' for command environment: Not usable outside of PowerShell
[0.202s] DEBUG:colcon.colcon_core.shell:Skip shell extension 'dsv' for command environment
[0.204s] INFO:colcon.colcon_ros.task.ament_python.build:Building ROS package in '/home/zzy/ur_real/src/camera' with build type 'ament_python'
[0.204s] Level 1:colcon.colcon_core.shell:create_environment_hook('camera', 'ament_prefix_path')
[0.204s] INFO:colcon.colcon_core.shell:Creating environment hook '/home/zzy/ur_real/install/camera/share/camera/hook/ament_prefix_path.ps1'
[0.204s] INFO:colcon.colcon_core.shell:Creating environment descriptor '/home/zzy/ur_real/install/camera/share/camera/hook/ament_prefix_path.dsv'
[0.204s] INFO:colcon.colcon_core.shell:Creating environment hook '/home/zzy/ur_real/install/camera/share/camera/hook/ament_prefix_path.sh'
[0.204s] INFO:colcon.colcon_core.shell:Skip shell extension 'powershell' for command environment: Not usable outside of PowerShell
[0.205s] DEBUG:colcon.colcon_core.shell:Skip shell extension 'dsv' for command environment
[0.206s] INFO:colcon.colcon_ros.task.ament_cmake.build:Building ROS package in '/home/zzy/ur_real/src/ferrobotics' with build type 'ament_cmake'
[0.207s] INFO:colcon.colcon_cmake.task.cmake.build:Building CMake package in '/home/zzy/ur_real/src/ferrobotics'
[0.207s] INFO:colcon.colcon_core.shell:Skip shell extension 'powershell' for command environment: Not usable outside of PowerShell
[0.207s] DEBUG:colcon.colcon_core.shell:Skip shell extension 'dsv' for command environment
[0.209s] INFO:colcon.colcon_ros.task.ament_python.build:Building ROS package in '/home/zzy/ur_real/src/ferrobotics_acf' with build type 'ament_python'
[0.209s] Level 1:colcon.colcon_core.shell:create_environment_hook('ferrobotics_acf', 'ament_prefix_path')
[0.209s] INFO:colcon.colcon_core.shell:Creating environment hook '/home/zzy/ur_real/install/ferrobotics_acf/share/ferrobotics_acf/hook/ament_prefix_path.ps1'
[0.209s] INFO:colcon.colcon_core.shell:Creating environment descriptor '/home/zzy/ur_real/install/ferrobotics_acf/share/ferrobotics_acf/hook/ament_prefix_path.dsv'
[0.210s] INFO:colcon.colcon_core.shell:Creating environment hook '/home/zzy/ur_real/install/ferrobotics_acf/share/ferrobotics_acf/hook/ament_prefix_path.sh'
[0.210s] INFO:colcon.colcon_core.shell:Skip shell extension 'powershell' for command environment: Not usable outside of PowerShell
[0.210s] DEBUG:colcon.colcon_core.shell:Skip shell extension 'dsv' for command environment
[0.212s] INFO:colcon.colcon_ros.task.ament_python.build:Building ROS package in '/home/zzy/ur_real/src/gravity_compensation' with build type 'ament_python'
[0.212s] Level 1:colcon.colcon_core.shell:create_environment_hook('gravity_compensation', 'ament_prefix_path')
[0.212s] INFO:colcon.colcon_core.shell:Creating environment hook '/home/zzy/ur_real/install/gravity_compensation/share/gravity_compensation/hook/ament_prefix_path.ps1'
[0.213s] INFO:colcon.colcon_core.shell:Creating environment descriptor '/home/zzy/ur_real/install/gravity_compensation/share/gravity_compensation/hook/ament_prefix_path.dsv'
[0.213s] INFO:colcon.colcon_core.shell:Creating environment hook '/home/zzy/ur_real/install/gravity_compensation/share/gravity_compensation/hook/ament_prefix_path.sh'
[0.213s] INFO:colcon.colcon_core.shell:Skip shell extension 'powershell' for command environment: Not usable outside of PowerShell
[0.213s] DEBUG:colcon.colcon_core.shell:Skip shell extension 'dsv' for command environment
[0.219s] INFO:colcon.colcon_ros.task.ament_cmake.build:Building ROS package in '/home/zzy/ur_real/src/pymoveit2' with build type 'ament_cmake'
[0.219s] INFO:colcon.colcon_cmake.task.cmake.build:Building CMake package in '/home/zzy/ur_real/src/pymoveit2'
[0.220s] INFO:colcon.colcon_core.shell:Skip shell extension 'powershell' for command environment: Not usable outside of PowerShell
[0.220s] DEBUG:colcon.colcon_core.shell:Skip shell extension 'dsv' for command environment
[0.222s] INFO:colcon.colcon_ros.task.ament_cmake.build:Building ROS package in '/home/zzy/ur_real/src/ur10_moveit_config' with build type 'ament_cmake'
[0.222s] INFO:colcon.colcon_cmake.task.cmake.build:Building CMake package in '/home/zzy/ur_real/src/ur10_moveit_config'
[0.222s] INFO:colcon.colcon_core.shell:Skip shell extension 'powershell' for command environment: Not usable outside of PowerShell
[0.222s] DEBUG:colcon.colcon_core.shell:Skip shell extension 'dsv' for command environment
[0.224s] INFO:colcon.colcon_ros.task.ament_python.build:Building ROS package in '/home/zzy/ur_real/src/ur10_vel' with build type 'ament_python'
[0.225s] Level 1:colcon.colcon_core.shell:create_environment_hook('ur10_vel', 'ament_prefix_path')
[0.225s] INFO:colcon.colcon_core.shell:Creating environment hook '/home/zzy/ur_real/install/ur10_vel/share/ur10_vel/hook/ament_prefix_path.ps1'
[0.225s] INFO:colcon.colcon_core.shell:Creating environment descriptor '/home/zzy/ur_real/install/ur10_vel/share/ur10_vel/hook/ament_prefix_path.dsv'
[0.225s] INFO:colcon.colcon_core.shell:Creating environment hook '/home/zzy/ur_real/install/ur10_vel/share/ur10_vel/hook/ament_prefix_path.sh'
[0.225s] INFO:colcon.colcon_core.shell:Skip shell extension 'powershell' for command environment: Not usable outside of PowerShell
[0.225s] DEBUG:colcon.colcon_core.shell:Skip shell extension 'dsv' for command environment
[0.227s] INFO:colcon.colcon_ros.task.ament_cmake.build:Building ROS package in '/home/zzy/ur_real/src/ur_bringup' with build type 'ament_cmake'
[0.228s] INFO:colcon.colcon_cmake.task.cmake.build:Building CMake package in '/home/zzy/ur_real/src/ur_bringup'
[0.228s] INFO:colcon.colcon_core.shell:Skip shell extension 'powershell' for command environment: Not usable outside of PowerShell
[0.228s] DEBUG:colcon.colcon_core.shell:Skip shell extension 'dsv' for command environment
[0.239s] DEBUG:colcon.colcon_core.event_handler.log_command:Invoking command in '/home/zzy/ur_real/build/easy_handeye2_msgs': CMAKE_PREFIX_PATH=${CMAKE_PREFIX_PATH}:/home/zzy/ur_real/install/ur10_vel:/home/zzy/ur_real/install/gravity_compensation:/home/zzy/ur_real/install/ferrobotics_acf:/home/zzy/ur_real/install/camera:/home/zzy/ur_real/install/ati_sensor:/opt/ros/humble /usr/bin/cmake /home/zzy/ur_real/src/easy_handeye2/easy_handeye2_msgs -DAMENT_CMAKE_SYMLINK_INSTALL=1 -DCMAKE_INSTALL_PREFIX=/home/zzy/ur_real/install/easy_handeye2_msgs
[0.375s] INFO:colcon.colcon_core.task.python.build:Building Python package in '/home/zzy/ur_real/src/ati_sensor'
[0.375s] INFO:colcon.colcon_core.shell:Skip shell extension 'powershell' for command environment: Not usable outside of PowerShell
[0.375s] DEBUG:colcon.colcon_core.shell:Skip shell extension 'dsv' for command environment
[0.512s] INFO:colcon.colcon_core.task.python.build:Building Python package in '/home/zzy/ur_real/src/camera'
[0.513s] INFO:colcon.colcon_core.shell:Skip shell extension 'powershell' for command environment: Not usable outside of PowerShell
[0.513s] DEBUG:colcon.colcon_core.shell:Skip shell extension 'dsv' for command environment
[0.518s] DEBUG:colcon.colcon_core.event_handler.log_command:Invoking command in '/home/zzy/ur_real/build/ferrobotics': CMAKE_PREFIX_PATH=${CMAKE_PREFIX_PATH}:/home/zzy/ur_real/install/ur10_vel:/home/zzy/ur_real/install/gravity_compensation:/home/zzy/ur_real/install/ferrobotics_acf:/home/zzy/ur_real/install/camera:/home/zzy/ur_real/install/ati_sensor:/opt/ros/humble /usr/bin/cmake --build /home/zzy/ur_real/build/ferrobotics -- -j24 -l24
[0.654s] INFO:colcon.colcon_core.task.python.build:Building Python package in '/home/zzy/ur_real/src/ferrobotics_acf'
[0.654s] INFO:colcon.colcon_core.shell:Skip shell extension 'powershell' for command environment: Not usable outside of PowerShell
[0.654s] DEBUG:colcon.colcon_core.shell:Skip shell extension 'dsv' for command environment
[0.794s] INFO:colcon.colcon_core.task.python.build:Building Python package in '/home/zzy/ur_real/src/gravity_compensation'
[0.794s] INFO:colcon.colcon_core.shell:Skip shell extension 'powershell' for command environment: Not usable outside of PowerShell
[0.794s] DEBUG:colcon.colcon_core.shell:Skip shell extension 'dsv' for command environment
[0.799s] DEBUG:colcon.colcon_core.event_handler.log_command:Invoking command in '/home/zzy/ur_real/build/pymoveit2': CMAKE_PREFIX_PATH=${CMAKE_PREFIX_PATH}:/home/zzy/ur_real/install/ur10_vel:/home/zzy/ur_real/install/gravity_compensation:/home/zzy/ur_real/install/ferrobotics_acf:/home/zzy/ur_real/install/camera:/home/zzy/ur_real/install/ati_sensor:/opt/ros/humble /usr/bin/cmake --build /home/zzy/ur_real/build/pymoveit2 -- -j24 -l24
[0.801s] DEBUG:colcon.colcon_core.event_handler.log_command:Invoking command in '/home/zzy/ur_real/build/ur10_moveit_config': CMAKE_PREFIX_PATH=${CMAKE_PREFIX_PATH}:/home/zzy/ur_real/install/ur10_vel:/home/zzy/ur_real/install/gravity_compensation:/home/zzy/ur_real/install/ferrobotics_acf:/home/zzy/ur_real/install/camera:/home/zzy/ur_real/install/ati_sensor:/opt/ros/humble /usr/bin/cmake --build /home/zzy/ur_real/build/ur10_moveit_config -- -j24 -l24
[0.937s] INFO:colcon.colcon_core.task.python.build:Building Python package in '/home/zzy/ur_real/src/ur10_vel'
[0.937s] INFO:colcon.colcon_core.shell:Skip shell extension 'powershell' for command environment: Not usable outside of PowerShell
[0.937s] DEBUG:colcon.colcon_core.shell:Skip shell extension 'dsv' for command environment
[0.943s] DEBUG:colcon.colcon_core.event_handler.log_command:Invoking command in '/home/zzy/ur_real/build/ur_bringup': CMAKE_PREFIX_PATH=${CMAKE_PREFIX_PATH}:/home/zzy/ur_real/install/ur10_vel:/home/zzy/ur_real/install/gravity_compensation:/home/zzy/ur_real/install/ferrobotics_acf:/home/zzy/ur_real/install/camera:/home/zzy/ur_real/install/ati_sensor:/opt/ros/humble /usr/bin/cmake --build /home/zzy/ur_real/build/ur_bringup -- -j24 -l24
[0.948s] DEBUG:colcon.colcon_core.event_handler.log_command:Invoked command in '/home/zzy/ur_real/build/ur10_moveit_config' returned '0': CMAKE_PREFIX_PATH=${CMAKE_PREFIX_PATH}:/home/zzy/ur_real/install/ur10_vel:/home/zzy/ur_real/install/gravity_compensation:/home/zzy/ur_real/install/ferrobotics_acf:/home/zzy/ur_real/install/camera:/home/zzy/ur_real/install/ati_sensor:/opt/ros/humble /usr/bin/cmake --build /home/zzy/ur_real/build/ur10_moveit_config -- -j24 -l24
[0.949s] DEBUG:colcon.colcon_core.event_handler.log_command:Invoked command in '/home/zzy/ur_real/build/ferrobotics' returned '0': CMAKE_PREFIX_PATH=${CMAKE_PREFIX_PATH}:/home/zzy/ur_real/install/ur10_vel:/home/zzy/ur_real/install/gravity_compensation:/home/zzy/ur_real/install/ferrobotics_acf:/home/zzy/ur_real/install/camera:/home/zzy/ur_real/install/ati_sensor:/opt/ros/humble /usr/bin/cmake --build /home/zzy/ur_real/build/ferrobotics -- -j24 -l24
[0.971s] DEBUG:colcon.colcon_core.event_handler.log_command:Invoking command in '/home/zzy/ur_real/build/ur10_moveit_config': CMAKE_PREFIX_PATH=${CMAKE_PREFIX_PATH}:/home/zzy/ur_real/install/ur10_vel:/home/zzy/ur_real/install/gravity_compensation:/home/zzy/ur_real/install/ferrobotics_acf:/home/zzy/ur_real/install/camera:/home/zzy/ur_real/install/ati_sensor:/opt/ros/humble /usr/bin/cmake --install /home/zzy/ur_real/build/ur10_moveit_config
[0.972s] DEBUG:colcon.colcon_core.event_handler.log_command:Invoked command in '/home/zzy/ur_real/build/ur_bringup' returned '0': CMAKE_PREFIX_PATH=${CMAKE_PREFIX_PATH}:/home/zzy/ur_real/install/ur10_vel:/home/zzy/ur_real/install/gravity_compensation:/home/zzy/ur_real/install/ferrobotics_acf:/home/zzy/ur_real/install/camera:/home/zzy/ur_real/install/ati_sensor:/opt/ros/humble /usr/bin/cmake --build /home/zzy/ur_real/build/ur_bringup -- -j24 -l24
[0.986s] Level 1:colcon.colcon_core.environment:create_environment_scripts_only(ur10_moveit_config)
[0.987s] DEBUG:colcon.colcon_core.event_handler.log_command:Invoked command in '/home/zzy/ur_real/build/ur10_moveit_config' returned '0': CMAKE_PREFIX_PATH=${CMAKE_PREFIX_PATH}:/home/zzy/ur_real/install/ur10_vel:/home/zzy/ur_real/install/gravity_compensation:/home/zzy/ur_real/install/ferrobotics_acf:/home/zzy/ur_real/install/camera:/home/zzy/ur_real/install/ati_sensor:/opt/ros/humble /usr/bin/cmake --install /home/zzy/ur_real/build/ur10_moveit_config
[0.989s] Level 1:colcon.colcon_core.environment:checking '/home/zzy/ur_real/install/ur10_moveit_config' for CMake module files
[0.990s] Level 1:colcon.colcon_core.environment:checking '/home/zzy/ur_real/install/ur10_moveit_config' for CMake config files
[0.990s] Level 1:colcon.colcon_core.shell:create_environment_hook('ur10_moveit_config', 'cmake_prefix_path')
[0.990s] INFO:colcon.colcon_core.shell:Creating environment hook '/home/zzy/ur_real/install/ur10_moveit_config/share/ur10_moveit_config/hook/cmake_prefix_path.ps1'
[0.991s] INFO:colcon.colcon_core.shell:Creating environment descriptor '/home/zzy/ur_real/install/ur10_moveit_config/share/ur10_moveit_config/hook/cmake_prefix_path.dsv'
[0.991s] INFO:colcon.colcon_core.shell:Creating environment hook '/home/zzy/ur_real/install/ur10_moveit_config/share/ur10_moveit_config/hook/cmake_prefix_path.sh'
[0.992s] Level 1:colcon.colcon_core.environment:checking '/home/zzy/ur_real/install/ur10_moveit_config/bin'
[0.992s] Level 1:colcon.colcon_core.environment:checking '/home/zzy/ur_real/install/ur10_moveit_config/lib/pkgconfig/ur10_moveit_config.pc'
[0.992s] Level 1:colcon.colcon_core.environment:checking '/home/zzy/ur_real/install/ur10_moveit_config/lib/python3.10/site-packages'
[0.992s] Level 1:colcon.colcon_core.environment:checking '/home/zzy/ur_real/install/ur10_moveit_config/bin'
[0.993s] INFO:colcon.colcon_core.shell:Creating package script '/home/zzy/ur_real/install/ur10_moveit_config/share/ur10_moveit_config/package.ps1'
[0.993s] INFO:colcon.colcon_core.shell:Creating package descriptor '/home/zzy/ur_real/install/ur10_moveit_config/share/ur10_moveit_config/package.dsv'
[0.993s] INFO:colcon.colcon_core.shell:Creating package script '/home/zzy/ur_real/install/ur10_moveit_config/share/ur10_moveit_config/package.sh'
[0.994s] INFO:colcon.colcon_core.shell:Creating package script '/home/zzy/ur_real/install/ur10_moveit_config/share/ur10_moveit_config/package.bash'
[0.994s] INFO:colcon.colcon_core.shell:Creating package script '/home/zzy/ur_real/install/ur10_moveit_config/share/ur10_moveit_config/package.zsh'
[0.995s] Level 1:colcon.colcon_core.environment:create_file_with_runtime_dependencies(/home/zzy/ur_real/install/ur10_moveit_config/share/colcon-core/packages/ur10_moveit_config)
[0.997s] DEBUG:colcon.colcon_core.event_handler.log_command:Invoking command in '/home/zzy/ur_real/build/ur_bringup': CMAKE_PREFIX_PATH=${CMAKE_PREFIX_PATH}:/home/zzy/ur_real/install/ur10_vel:/home/zzy/ur_real/install/gravity_compensation:/home/zzy/ur_real/install/ferrobotics_acf:/home/zzy/ur_real/install/camera:/home/zzy/ur_real/install/ati_sensor:/opt/ros/humble /usr/bin/cmake --install /home/zzy/ur_real/build/ur_bringup
[1.009s] DEBUG:colcon.colcon_core.event_handler.log_command:Invoking command in '/home/zzy/ur_real/build/ferrobotics': CMAKE_PREFIX_PATH=${CMAKE_PREFIX_PATH}:/home/zzy/ur_real/install/ur10_vel:/home/zzy/ur_real/install/gravity_compensation:/home/zzy/ur_real/install/ferrobotics_acf:/home/zzy/ur_real/install/camera:/home/zzy/ur_real/install/ati_sensor:/opt/ros/humble /usr/bin/cmake --install /home/zzy/ur_real/build/ferrobotics
[1.009s] Level 1:colcon.colcon_core.environment:create_environment_scripts_only(ur10_moveit_config)
[1.010s] Level 1:colcon.colcon_core.environment:checking '/home/zzy/ur_real/install/ur10_moveit_config' for CMake module files
[1.011s] Level 1:colcon.colcon_core.environment:checking '/home/zzy/ur_real/install/ur10_moveit_config' for CMake config files
[1.011s] Level 1:colcon.colcon_core.shell:create_environment_hook('ur10_moveit_config', 'cmake_prefix_path')
[1.011s] INFO:colcon.colcon_core.shell:Creating environment hook '/home/zzy/ur_real/install/ur10_moveit_config/share/ur10_moveit_config/hook/cmake_prefix_path.ps1'
[1.012s] INFO:colcon.colcon_core.shell:Creating environment descriptor '/home/zzy/ur_real/install/ur10_moveit_config/share/ur10_moveit_config/hook/cmake_prefix_path.dsv'
[1.012s] INFO:colcon.colcon_core.shell:Creating environment hook '/home/zzy/ur_real/install/ur10_moveit_config/share/ur10_moveit_config/hook/cmake_prefix_path.sh'
[1.013s] Level 1:colcon.colcon_core.environment:checking '/home/zzy/ur_real/install/ur10_moveit_config/bin'
[1.013s] Level 1:colcon.colcon_core.environment:checking '/home/zzy/ur_real/install/ur10_moveit_config/lib/pkgconfig/ur10_moveit_config.pc'
[1.013s] Level 1:colcon.colcon_core.environment:checking '/home/zzy/ur_real/install/ur10_moveit_config/lib/python3.10/site-packages'
[1.013s] Level 1:colcon.colcon_core.environment:checking '/home/zzy/ur_real/install/ur10_moveit_config/bin'
[1.013s] INFO:colcon.colcon_core.shell:Creating package script '/home/zzy/ur_real/install/ur10_moveit_config/share/ur10_moveit_config/package.ps1'
[1.016s] INFO:colcon.colcon_core.shell:Creating package descriptor '/home/zzy/ur_real/install/ur10_moveit_config/share/ur10_moveit_config/package.dsv'
[1.019s] INFO:colcon.colcon_core.shell:Creating package script '/home/zzy/ur_real/install/ur10_moveit_config/share/ur10_moveit_config/package.sh'
[1.022s] INFO:colcon.colcon_core.shell:Creating package script '/home/zzy/ur_real/install/ur10_moveit_config/share/ur10_moveit_config/package.bash'
[1.023s] INFO:colcon.colcon_core.shell:Creating package script '/home/zzy/ur_real/install/ur10_moveit_config/share/ur10_moveit_config/package.zsh'
[1.023s] Level 1:colcon.colcon_core.environment:create_file_with_runtime_dependencies(/home/zzy/ur_real/install/ur10_moveit_config/share/colcon-core/packages/ur10_moveit_config)
[1.024s] Level 1:colcon.colcon_core.environment:create_environment_scripts_only(ur_bringup)
[1.025s] Level 1:colcon.colcon_core.environment:checking '/home/zzy/ur_real/install/ur_bringup' for CMake module files
[1.025s] DEBUG:colcon.colcon_core.event_handler.log_command:Invoked command in '/home/zzy/ur_real/build/ur_bringup' returned '0': CMAKE_PREFIX_PATH=${CMAKE_PREFIX_PATH}:/home/zzy/ur_real/install/ur10_vel:/home/zzy/ur_real/install/gravity_compensation:/home/zzy/ur_real/install/ferrobotics_acf:/home/zzy/ur_real/install/camera:/home/zzy/ur_real/install/ati_sensor:/opt/ros/humble /usr/bin/cmake --install /home/zzy/ur_real/build/ur_bringup
[1.026s] Level 1:colcon.colcon_core.environment:checking '/home/zzy/ur_real/install/ur_bringup' for CMake config files
[1.026s] Level 1:colcon.colcon_core.shell:create_environment_hook('ur_bringup', 'cmake_prefix_path')
[1.026s] INFO:colcon.colcon_core.shell:Creating environment hook '/home/zzy/ur_real/install/ur_bringup/share/ur_bringup/hook/cmake_prefix_path.ps1'
[1.026s] INFO:colcon.colcon_core.shell:Creating environment descriptor '/home/zzy/ur_real/install/ur_bringup/share/ur_bringup/hook/cmake_prefix_path.dsv'
[1.027s] INFO:colcon.colcon_core.shell:Creating environment hook '/home/zzy/ur_real/install/ur_bringup/share/ur_bringup/hook/cmake_prefix_path.sh'
[1.027s] Level 1:colcon.colcon_core.environment:checking '/home/zzy/ur_real/install/ur_bringup/bin'
[1.027s] Level 1:colcon.colcon_core.environment:checking '/home/zzy/ur_real/install/ur_bringup/lib/pkgconfig/ur_bringup.pc'
[1.028s] Level 1:colcon.colcon_core.environment:checking '/home/zzy/ur_real/install/ur_bringup/lib/python3.10/site-packages'
[1.028s] Level 1:colcon.colcon_core.environment:checking '/home/zzy/ur_real/install/ur_bringup/bin'
[1.028s] INFO:colcon.colcon_core.shell:Creating package script '/home/zzy/ur_real/install/ur_bringup/share/ur_bringup/package.ps1'
[1.030s] INFO:colcon.colcon_core.shell:Creating package descriptor '/home/zzy/ur_real/install/ur_bringup/share/ur_bringup/package.dsv'
[1.031s] INFO:colcon.colcon_core.shell:Creating package script '/home/zzy/ur_real/install/ur_bringup/share/ur_bringup/package.sh'
[1.031s] INFO:colcon.colcon_core.shell:Creating package script '/home/zzy/ur_real/install/ur_bringup/share/ur_bringup/package.bash'
[1.031s] INFO:colcon.colcon_core.shell:Creating package script '/home/zzy/ur_real/install/ur_bringup/share/ur_bringup/package.zsh'
[1.031s] Level 1:colcon.colcon_core.environment:create_file_with_runtime_dependencies(/home/zzy/ur_real/install/ur_bringup/share/colcon-core/packages/ur_bringup)
[1.050s] Level 1:colcon.colcon_core.environment:create_environment_scripts_only(ur_bringup)
[1.051s] Level 1:colcon.colcon_core.environment:checking '/home/zzy/ur_real/install/ur_bringup' for CMake module files
[1.051s] Level 1:colcon.colcon_core.environment:checking '/home/zzy/ur_real/install/ur_bringup' for CMake config files
[1.051s] Level 1:colcon.colcon_core.shell:create_environment_hook('ur_bringup', 'cmake_prefix_path')
[1.052s] INFO:colcon.colcon_core.shell:Creating environment hook '/home/zzy/ur_real/install/ur_bringup/share/ur_bringup/hook/cmake_prefix_path.ps1'
[1.052s] INFO:colcon.colcon_core.shell:Creating environment descriptor '/home/zzy/ur_real/install/ur_bringup/share/ur_bringup/hook/cmake_prefix_path.dsv'
[1.052s] INFO:colcon.colcon_core.shell:Creating environment hook '/home/zzy/ur_real/install/ur_bringup/share/ur_bringup/hook/cmake_prefix_path.sh'
[1.053s] Level 1:colcon.colcon_core.environment:checking '/home/zzy/ur_real/install/ur_bringup/bin'
[1.053s] Level 1:colcon.colcon_core.environment:checking '/home/zzy/ur_real/install/ur_bringup/lib/pkgconfig/ur_bringup.pc'
[1.053s] Level 1:colcon.colcon_core.environment:checking '/home/zzy/ur_real/install/ur_bringup/lib/python3.10/site-packages'
[1.054s] Level 1:colcon.colcon_core.environment:checking '/home/zzy/ur_real/install/ur_bringup/bin'
[1.054s] INFO:colcon.colcon_core.shell:Creating package script '/home/zzy/ur_real/install/ur_bringup/share/ur_bringup/package.ps1'
[1.054s] INFO:colcon.colcon_core.shell:Creating package descriptor '/home/zzy/ur_real/install/ur_bringup/share/ur_bringup/package.dsv'
[1.055s] INFO:colcon.colcon_core.shell:Creating package script '/home/zzy/ur_real/install/ur_bringup/share/ur_bringup/package.sh'
[1.055s] INFO:colcon.colcon_core.shell:Creating package script '/home/zzy/ur_real/install/ur_bringup/share/ur_bringup/package.bash'
[1.056s] INFO:colcon.colcon_core.shell:Creating package script '/home/zzy/ur_real/install/ur_bringup/share/ur_bringup/package.zsh'
[1.056s] Level 1:colcon.colcon_core.environment:create_file_with_runtime_dependencies(/home/zzy/ur_real/install/ur_bringup/share/colcon-core/packages/ur_bringup)
[1.067s] DEBUG:colcon.colcon_core.event_handler.log_command:Invoked command in '/home/zzy/ur_real/build/pymoveit2' returned '0': CMAKE_PREFIX_PATH=${CMAKE_PREFIX_PATH}:/home/zzy/ur_real/install/ur10_vel:/home/zzy/ur_real/install/gravity_compensation:/home/zzy/ur_real/install/ferrobotics_acf:/home/zzy/ur_real/install/camera:/home/zzy/ur_real/install/ati_sensor:/opt/ros/humble /usr/bin/cmake --build /home/zzy/ur_real/build/pymoveit2 -- -j24 -l24
[1.081s] DEBUG:colcon.colcon_core.event_handler.log_command:Invoking command in '/home/zzy/ur_real/build/pymoveit2': CMAKE_PREFIX_PATH=${CMAKE_PREFIX_PATH}:/home/zzy/ur_real/install/ur10_vel:/home/zzy/ur_real/install/gravity_compensation:/home/zzy/ur_real/install/ferrobotics_acf:/home/zzy/ur_real/install/camera:/home/zzy/ur_real/install/ati_sensor:/opt/ros/humble /usr/bin/cmake --install /home/zzy/ur_real/build/pymoveit2
[1.084s] Level 1:colcon.colcon_core.environment:create_environment_scripts_only(ferrobotics)
[1.085s] Level 1:colcon.colcon_core.environment:checking '/home/zzy/ur_real/install/ferrobotics' for CMake module files
[1.085s] DEBUG:colcon.colcon_core.event_handler.log_command:Invoked command in '/home/zzy/ur_real/build/ferrobotics' returned '0': CMAKE_PREFIX_PATH=${CMAKE_PREFIX_PATH}:/home/zzy/ur_real/install/ur10_vel:/home/zzy/ur_real/install/gravity_compensation:/home/zzy/ur_real/install/ferrobotics_acf:/home/zzy/ur_real/install/camera:/home/zzy/ur_real/install/ati_sensor:/opt/ros/humble /usr/bin/cmake --install /home/zzy/ur_real/build/ferrobotics
[1.086s] Level 1:colcon.colcon_core.environment:checking '/home/zzy/ur_real/install/ferrobotics' for CMake config files
[1.086s] Level 1:colcon.colcon_core.shell:create_environment_hook('ferrobotics', 'cmake_prefix_path')
[1.086s] INFO:colcon.colcon_core.shell:Creating environment hook '/home/zzy/ur_real/install/ferrobotics/share/ferrobotics/hook/cmake_prefix_path.ps1'
[1.086s] INFO:colcon.colcon_core.shell:Creating environment descriptor '/home/zzy/ur_real/install/ferrobotics/share/ferrobotics/hook/cmake_prefix_path.dsv'
[1.087s] INFO:colcon.colcon_core.shell:Creating environment hook '/home/zzy/ur_real/install/ferrobotics/share/ferrobotics/hook/cmake_prefix_path.sh'
[1.088s] Level 1:colcon.colcon_core.environment:checking '/home/zzy/ur_real/install/ferrobotics/lib'
[1.088s] Level 1:colcon.colcon_core.shell:create_environment_hook('ferrobotics', 'ld_library_path_lib')
[1.089s] INFO:colcon.colcon_core.shell:Creating environment hook '/home/zzy/ur_real/install/ferrobotics/share/ferrobotics/hook/ld_library_path_lib.ps1'
[1.089s] INFO:colcon.colcon_core.shell:Creating environment descriptor '/home/zzy/ur_real/install/ferrobotics/share/ferrobotics/hook/ld_library_path_lib.dsv'
[1.090s] INFO:colcon.colcon_core.shell:Creating environment hook '/home/zzy/ur_real/install/ferrobotics/share/ferrobotics/hook/ld_library_path_lib.sh'
[1.090s] Level 1:colcon.colcon_core.environment:checking '/home/zzy/ur_real/install/ferrobotics/bin'
[1.090s] Level 1:colcon.colcon_core.environment:checking '/home/zzy/ur_real/install/ferrobotics/lib/pkgconfig/ferrobotics.pc'
[1.090s] Level 1:colcon.colcon_core.environment:checking '/home/zzy/ur_real/install/ferrobotics/lib/python3.10/site-packages'
[1.090s] Level 1:colcon.colcon_core.environment:checking '/home/zzy/ur_real/install/ferrobotics/bin'
[1.091s] INFO:colcon.colcon_core.shell:Creating package script '/home/zzy/ur_real/install/ferrobotics/share/ferrobotics/package.ps1'
[1.091s] INFO:colcon.colcon_core.shell:Creating package descriptor '/home/zzy/ur_real/install/ferrobotics/share/ferrobotics/package.dsv'
[1.094s] INFO:colcon.colcon_core.shell:Creating package script '/home/zzy/ur_real/install/ferrobotics/share/ferrobotics/package.sh'
[1.094s] INFO:colcon.colcon_core.shell:Creating package script '/home/zzy/ur_real/install/ferrobotics/share/ferrobotics/package.bash'
[1.094s] INFO:colcon.colcon_core.shell:Creating package script '/home/zzy/ur_real/install/ferrobotics/share/ferrobotics/package.zsh'
[1.095s] Level 1:colcon.colcon_core.environment:create_file_with_runtime_dependencies(/home/zzy/ur_real/install/ferrobotics/share/colcon-core/packages/ferrobotics)
[1.146s] Level 1:colcon.colcon_core.environment:create_environment_scripts_only(ferrobotics)
[1.146s] Level 1:colcon.colcon_core.environment:checking '/home/zzy/ur_real/install/ferrobotics' for CMake module files
[1.147s] Level 1:colcon.colcon_core.environment:checking '/home/zzy/ur_real/install/ferrobotics' for CMake config files
[1.147s] Level 1:colcon.colcon_core.shell:create_environment_hook('ferrobotics', 'cmake_prefix_path')
[1.147s] INFO:colcon.colcon_core.shell:Creating environment hook '/home/zzy/ur_real/install/ferrobotics/share/ferrobotics/hook/cmake_prefix_path.ps1'
[1.148s] INFO:colcon.colcon_core.shell:Creating environment descriptor '/home/zzy/ur_real/install/ferrobotics/share/ferrobotics/hook/cmake_prefix_path.dsv'
[1.148s] INFO:colcon.colcon_core.shell:Creating environment hook '/home/zzy/ur_real/install/ferrobotics/share/ferrobotics/hook/cmake_prefix_path.sh'
[1.148s] Level 1:colcon.colcon_core.environment:checking '/home/zzy/ur_real/install/ferrobotics/lib'
[1.148s] Level 1:colcon.colcon_core.shell:create_environment_hook('ferrobotics', 'ld_library_path_lib')
[1.148s] INFO:colcon.colcon_core.shell:Creating environment hook '/home/zzy/ur_real/install/ferrobotics/share/ferrobotics/hook/ld_library_path_lib.ps1'
[1.149s] INFO:colcon.colcon_core.shell:Creating environment descriptor '/home/zzy/ur_real/install/ferrobotics/share/ferrobotics/hook/ld_library_path_lib.dsv'
[1.149s] INFO:colcon.colcon_core.shell:Creating environment hook '/home/zzy/ur_real/install/ferrobotics/share/ferrobotics/hook/ld_library_path_lib.sh'
[1.149s] Level 1:colcon.colcon_core.environment:checking '/home/zzy/ur_real/install/ferrobotics/bin'
[1.149s] Level 1:colcon.colcon_core.environment:checking '/home/zzy/ur_real/install/ferrobotics/lib/pkgconfig/ferrobotics.pc'
[1.149s] Level 1:colcon.colcon_core.environment:checking '/home/zzy/ur_real/install/ferrobotics/lib/python3.10/site-packages'
[1.149s] Level 1:colcon.colcon_core.environment:checking '/home/zzy/ur_real/install/ferrobotics/bin'
[1.149s] INFO:colcon.colcon_core.shell:Creating package script '/home/zzy/ur_real/install/ferrobotics/share/ferrobotics/package.ps1'
[1.150s] INFO:colcon.colcon_core.shell:Creating package descriptor '/home/zzy/ur_real/install/ferrobotics/share/ferrobotics/package.dsv'
[1.150s] INFO:colcon.colcon_core.shell:Creating package script '/home/zzy/ur_real/install/ferrobotics/share/ferrobotics/package.sh'
[1.150s] INFO:colcon.colcon_core.shell:Creating package script '/home/zzy/ur_real/install/ferrobotics/share/ferrobotics/package.bash'
[1.151s] INFO:colcon.colcon_core.shell:Creating package script '/home/zzy/ur_real/install/ferrobotics/share/ferrobotics/package.zsh'
[1.151s] Level 1:colcon.colcon_core.environment:create_file_with_runtime_dependencies(/home/zzy/ur_real/install/ferrobotics/share/colcon-core/packages/ferrobotics)
[1.152s] Level 1:colcon.colcon_core.environment:create_environment_scripts_only(pymoveit2)
[1.152s] Level 1:colcon.colcon_core.environment:checking '/home/zzy/ur_real/install/pymoveit2' for CMake module files
[1.153s] DEBUG:colcon.colcon_core.event_handler.log_command:Invoked command in '/home/zzy/ur_real/build/pymoveit2' returned '0': CMAKE_PREFIX_PATH=${CMAKE_PREFIX_PATH}:/home/zzy/ur_real/install/ur10_vel:/home/zzy/ur_real/install/gravity_compensation:/home/zzy/ur_real/install/ferrobotics_acf:/home/zzy/ur_real/install/camera:/home/zzy/ur_real/install/ati_sensor:/opt/ros/humble /usr/bin/cmake --install /home/zzy/ur_real/build/pymoveit2
[1.153s] Level 1:colcon.colcon_core.environment:checking '/home/zzy/ur_real/install/pymoveit2' for CMake config files
[1.153s] Level 1:colcon.colcon_core.shell:create_environment_hook('pymoveit2', 'cmake_prefix_path')
[1.154s] INFO:colcon.colcon_core.shell:Creating environment hook '/home/zzy/ur_real/install/pymoveit2/share/pymoveit2/hook/cmake_prefix_path.ps1'
[1.154s] INFO:colcon.colcon_core.shell:Creating environment descriptor '/home/zzy/ur_real/install/pymoveit2/share/pymoveit2/hook/cmake_prefix_path.dsv'
[1.154s] INFO:colcon.colcon_core.shell:Creating environment hook '/home/zzy/ur_real/install/pymoveit2/share/pymoveit2/hook/cmake_prefix_path.sh'
[1.155s] Level 1:colcon.colcon_core.environment:checking '/home/zzy/ur_real/install/pymoveit2/lib'
[1.155s] Level 1:colcon.colcon_core.environment:checking '/home/zzy/ur_real/install/pymoveit2/bin'
[1.155s] Level 1:colcon.colcon_core.environment:checking '/home/zzy/ur_real/install/pymoveit2/lib/pkgconfig/pymoveit2.pc'
[1.155s] Level 1:colcon.colcon_core.environment:checking '/home/zzy/ur_real/install/pymoveit2/lib/python3.10/site-packages'
[1.155s] Level 1:colcon.colcon_core.environment:checking '/home/zzy/ur_real/install/pymoveit2/bin'
[1.156s] INFO:colcon.colcon_core.shell:Creating package script '/home/zzy/ur_real/install/pymoveit2/share/pymoveit2/package.ps1'
[1.156s] INFO:colcon.colcon_core.shell:Creating package descriptor '/home/zzy/ur_real/install/pymoveit2/share/pymoveit2/package.dsv'
[1.157s] INFO:colcon.colcon_core.shell:Creating package script '/home/zzy/ur_real/install/pymoveit2/share/pymoveit2/package.sh'
[1.157s] INFO:colcon.colcon_core.shell:Creating package script '/home/zzy/ur_real/install/pymoveit2/share/pymoveit2/package.bash'
[1.157s] INFO:colcon.colcon_core.shell:Creating package script '/home/zzy/ur_real/install/pymoveit2/share/pymoveit2/package.zsh'
[1.158s] Level 1:colcon.colcon_core.environment:create_file_with_runtime_dependencies(/home/zzy/ur_real/install/pymoveit2/share/colcon-core/packages/pymoveit2)
[1.171s] Level 1:colcon.colcon_core.environment:create_environment_scripts_only(pymoveit2)
[1.171s] Level 1:colcon.colcon_core.environment:checking '/home/zzy/ur_real/install/pymoveit2' for CMake module files
[1.171s] Level 1:colcon.colcon_core.environment:checking '/home/zzy/ur_real/install/pymoveit2' for CMake config files
[1.172s] Level 1:colcon.colcon_core.shell:create_environment_hook('pymoveit2', 'cmake_prefix_path')
[1.172s] INFO:colcon.colcon_core.shell:Creating environment hook '/home/zzy/ur_real/install/pymoveit2/share/pymoveit2/hook/cmake_prefix_path.ps1'
[1.172s] INFO:colcon.colcon_core.shell:Creating environment descriptor '/home/zzy/ur_real/install/pymoveit2/share/pymoveit2/hook/cmake_prefix_path.dsv'
[1.172s] INFO:colcon.colcon_core.shell:Creating environment hook '/home/zzy/ur_real/install/pymoveit2/share/pymoveit2/hook/cmake_prefix_path.sh'
[1.172s] Level 1:colcon.colcon_core.environment:checking '/home/zzy/ur_real/install/pymoveit2/lib'
[1.172s] Level 1:colcon.colcon_core.environment:checking '/home/zzy/ur_real/install/pymoveit2/bin'
[1.172s] Level 1:colcon.colcon_core.environment:checking '/home/zzy/ur_real/install/pymoveit2/lib/pkgconfig/pymoveit2.pc'
[1.173s] Level 1:colcon.colcon_core.environment:checking '/home/zzy/ur_real/install/pymoveit2/lib/python3.10/site-packages'
[1.173s] Level 1:colcon.colcon_core.environment:checking '/home/zzy/ur_real/install/pymoveit2/bin'
[1.173s] INFO:colcon.colcon_core.shell:Creating package script '/home/zzy/ur_real/install/pymoveit2/share/pymoveit2/package.ps1'
[1.173s] INFO:colcon.colcon_core.shell:Creating package descriptor '/home/zzy/ur_real/install/pymoveit2/share/pymoveit2/package.dsv'
[1.173s] INFO:colcon.colcon_core.shell:Creating package script '/home/zzy/ur_real/install/pymoveit2/share/pymoveit2/package.sh'
[1.174s] INFO:colcon.colcon_core.shell:Creating package script '/home/zzy/ur_real/install/pymoveit2/share/pymoveit2/package.bash'
[1.174s] INFO:colcon.colcon_core.shell:Creating package script '/home/zzy/ur_real/install/pymoveit2/share/pymoveit2/package.zsh'
[1.174s] Level 1:colcon.colcon_core.environment:create_file_with_runtime_dependencies(/home/zzy/ur_real/install/pymoveit2/share/colcon-core/packages/pymoveit2)
[1.305s] DEBUG:colcon.colcon_core.event_handler.log_command:Invoking command in '/home/zzy/ur_real/build/gravity_compensation': PYTHONPATH=/home/zzy/ur_real/build/gravity_compensation/prefix_override:/home/zzy/.local/lib/python3.10/site-packages/colcon_core/task/python/colcon_distutils_commands:/home/zzy/ur_real/install/gravity_compensation/lib/python3.10/site-packages:${PYTHONPATH} /usr/bin/python3 -W ignore:setup.py install is deprecated setup.py develop --editable --build-directory /home/zzy/ur_real/build/gravity_compensation/build --no-deps symlink_data
[1.306s] DEBUG:colcon.colcon_core.event_handler.log_command:Invoking command in '/home/zzy/ur_real/build/ferrobotics_acf': PYTHONPATH=/home/zzy/ur_real/build/ferrobotics_acf/prefix_override:/home/zzy/.local/lib/python3.10/site-packages/colcon_core/task/python/colcon_distutils_commands:/home/zzy/ur_real/install/ferrobotics_acf/lib/python3.10/site-packages:${PYTHONPATH} /usr/bin/python3 -W ignore:setup.py install is deprecated setup.py develop --editable --build-directory /home/zzy/ur_real/build/ferrobotics_acf/build --no-deps symlink_data
[1.309s] DEBUG:colcon.colcon_core.event_handler.log_command:Invoking command in '/home/zzy/ur_real/build/camera': PYTHONPATH=/home/zzy/ur_real/build/camera/prefix_override:/home/zzy/.local/lib/python3.10/site-packages/colcon_core/task/python/colcon_distutils_commands:/home/zzy/ur_real/install/camera/lib/python3.10/site-packages:${PYTHONPATH} /usr/bin/python3 -W ignore:setup.py install is deprecated setup.py develop --editable --build-directory /home/zzy/ur_real/build/camera/build --no-deps symlink_data
[1.310s] DEBUG:colcon.colcon_core.event_handler.log_command:Invoking command in '/home/zzy/ur_real/build/ati_sensor': PYTHONPATH=/home/zzy/ur_real/build/ati_sensor/prefix_override:/home/zzy/.local/lib/python3.10/site-packages/colcon_core/task/python/colcon_distutils_commands:/home/zzy/ur_real/install/ati_sensor/lib/python3.10/site-packages:${PYTHONPATH} /usr/bin/python3 -W ignore:setup.py install is deprecated setup.py develop --editable --build-directory /home/zzy/ur_real/build/ati_sensor/build --no-deps symlink_data
[1.310s] DEBUG:colcon.colcon_core.event_handler.log_command:Invoking command in '/home/zzy/ur_real/build/ur10_vel': PYTHONPATH=/home/zzy/ur_real/build/ur10_vel/prefix_override:/home/zzy/.local/lib/python3.10/site-packages/colcon_core/task/python/colcon_distutils_commands:/home/zzy/ur_real/install/ur10_vel/lib/python3.10/site-packages:${PYTHONPATH} /usr/bin/python3 -W ignore:setup.py install is deprecated setup.py develop --editable --build-directory /home/zzy/ur_real/build/ur10_vel/build --no-deps symlink_data
[1.717s] Level 1:colcon.colcon_core.shell:create_environment_hook('ur10_vel', 'pythonpath_develop')
[1.717s] INFO:colcon.colcon_core.shell:Creating environment hook '/home/zzy/ur_real/build/ur10_vel/share/ur10_vel/hook/pythonpath_develop.ps1'
[1.718s] DEBUG:colcon.colcon_core.event_handler.log_command:Invoked command in '/home/zzy/ur_real/build/ur10_vel' returned '0': PYTHONPATH=/home/zzy/ur_real/build/ur10_vel/prefix_override:/home/zzy/.local/lib/python3.10/site-packages/colcon_core/task/python/colcon_distutils_commands:/home/zzy/ur_real/install/ur10_vel/lib/python3.10/site-packages:${PYTHONPATH} /usr/bin/python3 -W ignore:setup.py install is deprecated setup.py develop --editable --build-directory /home/zzy/ur_real/build/ur10_vel/build --no-deps symlink_data
[1.718s] INFO:colcon.colcon_core.shell:Creating environment descriptor '/home/zzy/ur_real/build/ur10_vel/share/ur10_vel/hook/pythonpath_develop.dsv'
[1.718s] INFO:colcon.colcon_core.shell:Creating environment hook '/home/zzy/ur_real/build/ur10_vel/share/ur10_vel/hook/pythonpath_develop.sh'
[1.719s] Level 1:colcon.colcon_core.environment:checking '/home/zzy/ur_real/install/ur10_vel' for CMake module files
[1.719s] Level 1:colcon.colcon_core.environment:checking '/home/zzy/ur_real/install/ur10_vel' for CMake config files
[1.720s] Level 1:colcon.colcon_core.environment:checking '/home/zzy/ur_real/install/ur10_vel/lib'
[1.720s] Level 1:colcon.colcon_core.environment:checking '/home/zzy/ur_real/install/ur10_vel/bin'
[1.720s] Level 1:colcon.colcon_core.environment:checking '/home/zzy/ur_real/install/ur10_vel/lib/pkgconfig/ur10_vel.pc'
[1.720s] Level 1:colcon.colcon_core.environment:checking '/home/zzy/ur_real/install/ur10_vel/lib/python3.10/site-packages'
[1.720s] Level 1:colcon.colcon_core.shell:create_environment_hook('ur10_vel', 'pythonpath')
[1.720s] INFO:colcon.colcon_core.shell:Creating environment hook '/home/zzy/ur_real/install/ur10_vel/share/ur10_vel/hook/pythonpath.ps1'
[1.720s] INFO:colcon.colcon_core.shell:Creating environment descriptor '/home/zzy/ur_real/install/ur10_vel/share/ur10_vel/hook/pythonpath.dsv'
[1.721s] INFO:colcon.colcon_core.shell:Creating environment hook '/home/zzy/ur_real/install/ur10_vel/share/ur10_vel/hook/pythonpath.sh'
[1.721s] Level 1:colcon.colcon_core.environment:checking '/home/zzy/ur_real/install/ur10_vel/bin'
[1.721s] Level 1:colcon.colcon_core.environment:create_environment_scripts_only(ur10_vel)
[1.721s] INFO:colcon.colcon_core.shell:Creating package script '/home/zzy/ur_real/install/ur10_vel/share/ur10_vel/package.ps1'
[1.721s] INFO:colcon.colcon_core.shell:Creating package descriptor '/home/zzy/ur_real/install/ur10_vel/share/ur10_vel/package.dsv'
[1.722s] INFO:colcon.colcon_core.shell:Creating package script '/home/zzy/ur_real/install/ur10_vel/share/ur10_vel/package.sh'
[1.722s] INFO:colcon.colcon_core.shell:Creating package script '/home/zzy/ur_real/install/ur10_vel/share/ur10_vel/package.bash'
[1.722s] INFO:colcon.colcon_core.shell:Creating package script '/home/zzy/ur_real/install/ur10_vel/share/ur10_vel/package.zsh'
[1.722s] Level 1:colcon.colcon_core.environment:create_file_with_runtime_dependencies(/home/zzy/ur_real/install/ur10_vel/share/colcon-core/packages/ur10_vel)
[1.723s] Level 1:colcon.colcon_core.shell:create_environment_hook('ferrobotics_acf', 'pythonpath_develop')
[1.723s] INFO:colcon.colcon_core.shell:Creating environment hook '/home/zzy/ur_real/build/ferrobotics_acf/share/ferrobotics_acf/hook/pythonpath_develop.ps1'
[1.724s] DEBUG:colcon.colcon_core.event_handler.log_command:Invoked command in '/home/zzy/ur_real/build/ferrobotics_acf' returned '0': PYTHONPATH=/home/zzy/ur_real/build/ferrobotics_acf/prefix_override:/home/zzy/.local/lib/python3.10/site-packages/colcon_core/task/python/colcon_distutils_commands:/home/zzy/ur_real/install/ferrobotics_acf/lib/python3.10/site-packages:${PYTHONPATH} /usr/bin/python3 -W ignore:setup.py install is deprecated setup.py develop --editable --build-directory /home/zzy/ur_real/build/ferrobotics_acf/build --no-deps symlink_data
[1.724s] INFO:colcon.colcon_core.shell:Creating environment descriptor '/home/zzy/ur_real/build/ferrobotics_acf/share/ferrobotics_acf/hook/pythonpath_develop.dsv'
[1.724s] INFO:colcon.colcon_core.shell:Creating environment hook '/home/zzy/ur_real/build/ferrobotics_acf/share/ferrobotics_acf/hook/pythonpath_develop.sh'
[1.724s] Level 1:colcon.colcon_core.environment:checking '/home/zzy/ur_real/install/ferrobotics_acf' for CMake module files
[1.725s] Level 1:colcon.colcon_core.environment:checking '/home/zzy/ur_real/install/ferrobotics_acf' for CMake config files
[1.725s] Level 1:colcon.colcon_core.environment:checking '/home/zzy/ur_real/install/ferrobotics_acf/lib'
[1.725s] Level 1:colcon.colcon_core.environment:checking '/home/zzy/ur_real/install/ferrobotics_acf/bin'
[1.725s] Level 1:colcon.colcon_core.environment:checking '/home/zzy/ur_real/install/ferrobotics_acf/lib/pkgconfig/ferrobotics_acf.pc'
[1.725s] Level 1:colcon.colcon_core.environment:checking '/home/zzy/ur_real/install/ferrobotics_acf/lib/python3.10/site-packages'
[1.725s] Level 1:colcon.colcon_core.shell:create_environment_hook('ferrobotics_acf', 'pythonpath')
[1.725s] INFO:colcon.colcon_core.shell:Creating environment hook '/home/zzy/ur_real/install/ferrobotics_acf/share/ferrobotics_acf/hook/pythonpath.ps1'
[1.725s] INFO:colcon.colcon_core.shell:Creating environment descriptor '/home/zzy/ur_real/install/ferrobotics_acf/share/ferrobotics_acf/hook/pythonpath.dsv'
[1.726s] INFO:colcon.colcon_core.shell:Creating environment hook '/home/zzy/ur_real/install/ferrobotics_acf/share/ferrobotics_acf/hook/pythonpath.sh'
[1.726s] Level 1:colcon.colcon_core.environment:checking '/home/zzy/ur_real/install/ferrobotics_acf/bin'
[1.726s] Level 1:colcon.colcon_core.environment:create_environment_scripts_only(ferrobotics_acf)
[1.726s] INFO:colcon.colcon_core.shell:Creating package script '/home/zzy/ur_real/install/ferrobotics_acf/share/ferrobotics_acf/package.ps1'
[1.726s] INFO:colcon.colcon_core.shell:Creating package descriptor '/home/zzy/ur_real/install/ferrobotics_acf/share/ferrobotics_acf/package.dsv'
[1.727s] INFO:colcon.colcon_core.shell:Creating package script '/home/zzy/ur_real/install/ferrobotics_acf/share/ferrobotics_acf/package.sh'
[1.727s] INFO:colcon.colcon_core.shell:Creating package script '/home/zzy/ur_real/install/ferrobotics_acf/share/ferrobotics_acf/package.bash'
[1.727s] INFO:colcon.colcon_core.shell:Creating package script '/home/zzy/ur_real/install/ferrobotics_acf/share/ferrobotics_acf/package.zsh'
[1.727s] Level 1:colcon.colcon_core.environment:create_file_with_runtime_dependencies(/home/zzy/ur_real/install/ferrobotics_acf/share/colcon-core/packages/ferrobotics_acf)
[1.727s] Level 1:colcon.colcon_core.shell:create_environment_hook('camera', 'pythonpath_develop')
[1.728s] INFO:colcon.colcon_core.shell:Creating environment hook '/home/zzy/ur_real/build/camera/share/camera/hook/pythonpath_develop.ps1'
[1.728s] INFO:colcon.colcon_core.shell:Creating environment descriptor '/home/zzy/ur_real/build/camera/share/camera/hook/pythonpath_develop.dsv'
[1.728s] DEBUG:colcon.colcon_core.event_handler.log_command:Invoked command in '/home/zzy/ur_real/build/camera' returned '0': PYTHONPATH=/home/zzy/ur_real/build/camera/prefix_override:/home/zzy/.local/lib/python3.10/site-packages/colcon_core/task/python/colcon_distutils_commands:/home/zzy/ur_real/install/camera/lib/python3.10/site-packages:${PYTHONPATH} /usr/bin/python3 -W ignore:setup.py install is deprecated setup.py develop --editable --build-directory /home/zzy/ur_real/build/camera/build --no-deps symlink_data
[1.728s] INFO:colcon.colcon_core.shell:Creating environment hook '/home/zzy/ur_real/build/camera/share/camera/hook/pythonpath_develop.sh'
[1.729s] Level 1:colcon.colcon_core.environment:checking '/home/zzy/ur_real/install/camera' for CMake module files
[1.729s] Level 1:colcon.colcon_core.environment:checking '/home/zzy/ur_real/install/camera' for CMake config files
[1.729s] Level 1:colcon.colcon_core.environment:checking '/home/zzy/ur_real/install/camera/lib'
[1.729s] Level 1:colcon.colcon_core.environment:checking '/home/zzy/ur_real/install/camera/bin'
[1.729s] Level 1:colcon.colcon_core.environment:checking '/home/zzy/ur_real/install/camera/lib/pkgconfig/camera.pc'
[1.729s] Level 1:colcon.colcon_core.environment:checking '/home/zzy/ur_real/install/camera/lib/python3.10/site-packages'
[1.729s] Level 1:colcon.colcon_core.shell:create_environment_hook('camera', 'pythonpath')
[1.729s] INFO:colcon.colcon_core.shell:Creating environment hook '/home/zzy/ur_real/install/camera/share/camera/hook/pythonpath.ps1'
[1.730s] INFO:colcon.colcon_core.shell:Creating environment descriptor '/home/zzy/ur_real/install/camera/share/camera/hook/pythonpath.dsv'
[1.730s] INFO:colcon.colcon_core.shell:Creating environment hook '/home/zzy/ur_real/install/camera/share/camera/hook/pythonpath.sh'
[1.730s] Level 1:colcon.colcon_core.environment:checking '/home/zzy/ur_real/install/camera/bin'
[1.730s] Level 1:colcon.colcon_core.environment:create_environment_scripts_only(camera)
[1.730s] INFO:colcon.colcon_core.shell:Creating package script '/home/zzy/ur_real/install/camera/share/camera/package.ps1'
[1.731s] INFO:colcon.colcon_core.shell:Creating package descriptor '/home/zzy/ur_real/install/camera/share/camera/package.dsv'
[1.731s] INFO:colcon.colcon_core.shell:Creating package script '/home/zzy/ur_real/install/camera/share/camera/package.sh'
[1.731s] INFO:colcon.colcon_core.shell:Creating package script '/home/zzy/ur_real/install/camera/share/camera/package.bash'
[1.731s] INFO:colcon.colcon_core.shell:Creating package script '/home/zzy/ur_real/install/camera/share/camera/package.zsh'
[1.731s] Level 1:colcon.colcon_core.environment:create_file_with_runtime_dependencies(/home/zzy/ur_real/install/camera/share/colcon-core/packages/camera)
[1.731s] Level 1:colcon.colcon_core.shell:create_environment_hook('gravity_compensation', 'pythonpath_develop')
[1.732s] INFO:colcon.colcon_core.shell:Creating environment hook '/home/zzy/ur_real/build/gravity_compensation/share/gravity_compensation/hook/pythonpath_develop.ps1'
[1.732s] INFO:colcon.colcon_core.shell:Creating environment descriptor '/home/zzy/ur_real/build/gravity_compensation/share/gravity_compensation/hook/pythonpath_develop.dsv'
[1.732s] DEBUG:colcon.colcon_core.event_handler.log_command:Invoked command in '/home/zzy/ur_real/build/gravity_compensation' returned '0': PYTHONPATH=/home/zzy/ur_real/build/gravity_compensation/prefix_override:/home/zzy/.local/lib/python3.10/site-packages/colcon_core/task/python/colcon_distutils_commands:/home/zzy/ur_real/install/gravity_compensation/lib/python3.10/site-packages:${PYTHONPATH} /usr/bin/python3 -W ignore:setup.py install is deprecated setup.py develop --editable --build-directory /home/zzy/ur_real/build/gravity_compensation/build --no-deps symlink_data
[1.732s] INFO:colcon.colcon_core.shell:Creating environment hook '/home/zzy/ur_real/build/gravity_compensation/share/gravity_compensation/hook/pythonpath_develop.sh'
[1.733s] Level 1:colcon.colcon_core.environment:checking '/home/zzy/ur_real/install/gravity_compensation' for CMake module files
[1.733s] Level 1:colcon.colcon_core.environment:checking '/home/zzy/ur_real/install/gravity_compensation' for CMake config files
[1.733s] Level 1:colcon.colcon_core.environment:checking '/home/zzy/ur_real/install/gravity_compensation/lib'
[1.733s] Level 1:colcon.colcon_core.environment:checking '/home/zzy/ur_real/install/gravity_compensation/bin'
[1.733s] Level 1:colcon.colcon_core.environment:checking '/home/zzy/ur_real/install/gravity_compensation/lib/pkgconfig/gravity_compensation.pc'
[1.733s] Level 1:colcon.colcon_core.environment:checking '/home/zzy/ur_real/install/gravity_compensation/lib/python3.10/site-packages'
[1.733s] Level 1:colcon.colcon_core.shell:create_environment_hook('gravity_compensation', 'pythonpath')
[1.733s] INFO:colcon.colcon_core.shell:Creating environment hook '/home/zzy/ur_real/install/gravity_compensation/share/gravity_compensation/hook/pythonpath.ps1'
[1.734s] INFO:colcon.colcon_core.shell:Creating environment descriptor '/home/zzy/ur_real/install/gravity_compensation/share/gravity_compensation/hook/pythonpath.dsv'
[1.734s] INFO:colcon.colcon_core.shell:Creating environment hook '/home/zzy/ur_real/install/gravity_compensation/share/gravity_compensation/hook/pythonpath.sh'
[1.734s] Level 1:colcon.colcon_core.environment:checking '/home/zzy/ur_real/install/gravity_compensation/bin'
[1.734s] Level 1:colcon.colcon_core.environment:create_environment_scripts_only(gravity_compensation)
[1.734s] INFO:colcon.colcon_core.shell:Creating package script '/home/zzy/ur_real/install/gravity_compensation/share/gravity_compensation/package.ps1'
[1.734s] INFO:colcon.colcon_core.shell:Creating package descriptor '/home/zzy/ur_real/install/gravity_compensation/share/gravity_compensation/package.dsv'
[1.735s] INFO:colcon.colcon_core.shell:Creating package script '/home/zzy/ur_real/install/gravity_compensation/share/gravity_compensation/package.sh'
[1.735s] INFO:colcon.colcon_core.shell:Creating package script '/home/zzy/ur_real/install/gravity_compensation/share/gravity_compensation/package.bash'
[1.735s] INFO:colcon.colcon_core.shell:Creating package script '/home/zzy/ur_real/install/gravity_compensation/share/gravity_compensation/package.zsh'
[1.735s] Level 1:colcon.colcon_core.environment:create_file_with_runtime_dependencies(/home/zzy/ur_real/install/gravity_compensation/share/colcon-core/packages/gravity_compensation)
[1.735s] Level 1:colcon.colcon_core.shell:create_environment_hook('ati_sensor', 'pythonpath_develop')
[1.735s] INFO:colcon.colcon_core.shell:Creating environment hook '/home/zzy/ur_real/build/ati_sensor/share/ati_sensor/hook/pythonpath_develop.ps1'
[1.736s] INFO:colcon.colcon_core.shell:Creating environment descriptor '/home/zzy/ur_real/build/ati_sensor/share/ati_sensor/hook/pythonpath_develop.dsv'
[1.736s] DEBUG:colcon.colcon_core.event_handler.log_command:Invoked command in '/home/zzy/ur_real/build/ati_sensor' returned '0': PYTHONPATH=/home/zzy/ur_real/build/ati_sensor/prefix_override:/home/zzy/.local/lib/python3.10/site-packages/colcon_core/task/python/colcon_distutils_commands:/home/zzy/ur_real/install/ati_sensor/lib/python3.10/site-packages:${PYTHONPATH} /usr/bin/python3 -W ignore:setup.py install is deprecated setup.py develop --editable --build-directory /home/zzy/ur_real/build/ati_sensor/build --no-deps symlink_data
[1.736s] INFO:colcon.colcon_core.shell:Creating environment hook '/home/zzy/ur_real/build/ati_sensor/share/ati_sensor/hook/pythonpath_develop.sh'
[1.736s] Level 1:colcon.colcon_core.environment:checking '/home/zzy/ur_real/install/ati_sensor' for CMake module files
[1.737s] Level 1:colcon.colcon_core.environment:checking '/home/zzy/ur_real/install/ati_sensor' for CMake config files
[1.737s] Level 1:colcon.colcon_core.environment:checking '/home/zzy/ur_real/install/ati_sensor/lib'
[1.737s] Level 1:colcon.colcon_core.environment:checking '/home/zzy/ur_real/install/ati_sensor/bin'
[1.737s] Level 1:colcon.colcon_core.environment:checking '/home/zzy/ur_real/install/ati_sensor/lib/pkgconfig/ati_sensor.pc'
[1.737s] Level 1:colcon.colcon_core.environment:checking '/home/zzy/ur_real/install/ati_sensor/lib/python3.10/site-packages'
[1.737s] Level 1:colcon.colcon_core.shell:create_environment_hook('ati_sensor', 'pythonpath')
[1.737s] INFO:colcon.colcon_core.shell:Creating environment hook '/home/zzy/ur_real/install/ati_sensor/share/ati_sensor/hook/pythonpath.ps1'
[1.737s] INFO:colcon.colcon_core.shell:Creating environment descriptor '/home/zzy/ur_real/install/ati_sensor/share/ati_sensor/hook/pythonpath.dsv'
[1.737s] INFO:colcon.colcon_core.shell:Creating environment hook '/home/zzy/ur_real/install/ati_sensor/share/ati_sensor/hook/pythonpath.sh'
[1.738s] Level 1:colcon.colcon_core.environment:checking '/home/zzy/ur_real/install/ati_sensor/bin'
[1.738s] Level 1:colcon.colcon_core.environment:create_environment_scripts_only(ati_sensor)
[1.738s] INFO:colcon.colcon_core.shell:Creating package script '/home/zzy/ur_real/install/ati_sensor/share/ati_sensor/package.ps1'
[1.738s] INFO:colcon.colcon_core.shell:Creating package descriptor '/home/zzy/ur_real/install/ati_sensor/share/ati_sensor/package.dsv'
[1.738s] INFO:colcon.colcon_core.shell:Creating package script '/home/zzy/ur_real/install/ati_sensor/share/ati_sensor/package.sh'
[1.739s] INFO:colcon.colcon_core.shell:Creating package script '/home/zzy/ur_real/install/ati_sensor/share/ati_sensor/package.bash'
[1.739s] INFO:colcon.colcon_core.shell:Creating package script '/home/zzy/ur_real/install/ati_sensor/share/ati_sensor/package.zsh'
[1.739s] Level 1:colcon.colcon_core.environment:create_file_with_runtime_dependencies(/home/zzy/ur_real/install/ati_sensor/share/colcon-core/packages/ati_sensor)
[2.478s] DEBUG:colcon.colcon_core.event_handler.log_command:Invoked command in '/home/zzy/ur_real/build/easy_handeye2_msgs' returned '0': CMAKE_PREFIX_PATH=${CMAKE_PREFIX_PATH}:/home/zzy/ur_real/install/ur10_vel:/home/zzy/ur_real/install/gravity_compensation:/home/zzy/ur_real/install/ferrobotics_acf:/home/zzy/ur_real/install/camera:/home/zzy/ur_real/install/ati_sensor:/opt/ros/humble /usr/bin/cmake /home/zzy/ur_real/src/easy_handeye2/easy_handeye2_msgs -DAMENT_CMAKE_SYMLINK_INSTALL=1 -DCMAKE_INSTALL_PREFIX=/home/zzy/ur_real/install/easy_handeye2_msgs
[2.479s] DEBUG:colcon.colcon_core.event_handler.log_command:Invoking command in '/home/zzy/ur_real/build/easy_handeye2_msgs': CMAKE_PREFIX_PATH=${CMAKE_PREFIX_PATH}:/home/zzy/ur_real/install/ur10_vel:/home/zzy/ur_real/install/gravity_compensation:/home/zzy/ur_real/install/ferrobotics_acf:/home/zzy/ur_real/install/camera:/home/zzy/ur_real/install/ati_sensor:/opt/ros/humble /usr/bin/cmake --build /home/zzy/ur_real/build/easy_handeye2_msgs -- -j24 -l24
[7.307s] DEBUG:colcon.colcon_core.event_handler.log_command:Invoked command in '/home/zzy/ur_real/build/easy_handeye2_msgs' returned '0': CMAKE_PREFIX_PATH=${CMAKE_PREFIX_PATH}:/home/zzy/ur_real/install/ur10_vel:/home/zzy/ur_real/install/gravity_compensation:/home/zzy/ur_real/install/ferrobotics_acf:/home/zzy/ur_real/install/camera:/home/zzy/ur_real/install/ati_sensor:/opt/ros/humble /usr/bin/cmake --build /home/zzy/ur_real/build/easy_handeye2_msgs -- -j24 -l24
[7.828s] DEBUG:colcon.colcon_core.event_handler.log_command:Invoking command in '/home/zzy/ur_real/build/easy_handeye2_msgs': CMAKE_PREFIX_PATH=${CMAKE_PREFIX_PATH}:/home/zzy/ur_real/install/ur10_vel:/home/zzy/ur_real/install/gravity_compensation:/home/zzy/ur_real/install/ferrobotics_acf:/home/zzy/ur_real/install/camera:/home/zzy/ur_real/install/ati_sensor:/opt/ros/humble /usr/bin/cmake --install /home/zzy/ur_real/build/easy_handeye2_msgs
[10.424s] Level 1:colcon.colcon_core.environment:create_environment_scripts_only(easy_handeye2_msgs)
[10.424s] DEBUG:colcon.colcon_core.event_handler.log_command:Invoked command in '/home/zzy/ur_real/build/easy_handeye2_msgs' returned '0': CMAKE_PREFIX_PATH=${CMAKE_PREFIX_PATH}:/home/zzy/ur_real/install/ur10_vel:/home/zzy/ur_real/install/gravity_compensation:/home/zzy/ur_real/install/ferrobotics_acf:/home/zzy/ur_real/install/camera:/home/zzy/ur_real/install/ati_sensor:/opt/ros/humble /usr/bin/cmake --install /home/zzy/ur_real/build/easy_handeye2_msgs
[10.424s] Level 1:colcon.colcon_core.environment:checking '/home/zzy/ur_real/install/easy_handeye2_msgs' for CMake module files
[10.425s] Level 1:colcon.colcon_core.environment:checking '/home/zzy/ur_real/install/easy_handeye2_msgs' for CMake config files
[10.425s] Level 1:colcon.colcon_core.shell:create_environment_hook('easy_handeye2_msgs', 'cmake_prefix_path')
[10.425s] INFO:colcon.colcon_core.shell:Creating environment hook '/home/zzy/ur_real/install/easy_handeye2_msgs/share/easy_handeye2_msgs/hook/cmake_prefix_path.ps1'
[10.425s] INFO:colcon.colcon_core.shell:Creating environment descriptor '/home/zzy/ur_real/install/easy_handeye2_msgs/share/easy_handeye2_msgs/hook/cmake_prefix_path.dsv'
[10.426s] INFO:colcon.colcon_core.shell:Creating environment hook '/home/zzy/ur_real/install/easy_handeye2_msgs/share/easy_handeye2_msgs/hook/cmake_prefix_path.sh'
[10.426s] Level 1:colcon.colcon_core.environment:checking '/home/zzy/ur_real/install/easy_handeye2_msgs/lib'
[10.426s] Level 1:colcon.colcon_core.shell:create_environment_hook('easy_handeye2_msgs', 'ld_library_path_lib')
[10.426s] INFO:colcon.colcon_core.shell:Creating environment hook '/home/zzy/ur_real/install/easy_handeye2_msgs/share/easy_handeye2_msgs/hook/ld_library_path_lib.ps1'
[10.426s] INFO:colcon.colcon_core.shell:Creating environment descriptor '/home/zzy/ur_real/install/easy_handeye2_msgs/share/easy_handeye2_msgs/hook/ld_library_path_lib.dsv'
[10.426s] INFO:colcon.colcon_core.shell:Creating environment hook '/home/zzy/ur_real/install/easy_handeye2_msgs/share/easy_handeye2_msgs/hook/ld_library_path_lib.sh'
[10.426s] Level 1:colcon.colcon_core.environment:checking '/home/zzy/ur_real/install/easy_handeye2_msgs/bin'
[10.426s] Level 1:colcon.colcon_core.environment:checking '/home/zzy/ur_real/install/easy_handeye2_msgs/lib/pkgconfig/easy_handeye2_msgs.pc'
[10.427s] Level 1:colcon.colcon_core.environment:checking '/home/zzy/ur_real/install/easy_handeye2_msgs/lib/python3.10/site-packages'
[10.427s] Level 1:colcon.colcon_core.environment:checking '/home/zzy/ur_real/install/easy_handeye2_msgs/bin'
[10.427s] INFO:colcon.colcon_core.shell:Creating package script '/home/zzy/ur_real/install/easy_handeye2_msgs/share/easy_handeye2_msgs/package.ps1'
[10.427s] INFO:colcon.colcon_core.shell:Creating package descriptor '/home/zzy/ur_real/install/easy_handeye2_msgs/share/easy_handeye2_msgs/package.dsv'
[10.427s] INFO:colcon.colcon_core.shell:Creating package script '/home/zzy/ur_real/install/easy_handeye2_msgs/share/easy_handeye2_msgs/package.sh'
[10.428s] INFO:colcon.colcon_core.shell:Creating package script '/home/zzy/ur_real/install/easy_handeye2_msgs/share/easy_handeye2_msgs/package.bash'
[10.428s] INFO:colcon.colcon_core.shell:Creating package script '/home/zzy/ur_real/install/easy_handeye2_msgs/share/easy_handeye2_msgs/package.zsh'
[10.428s] Level 1:colcon.colcon_core.environment:create_file_with_runtime_dependencies(/home/zzy/ur_real/install/easy_handeye2_msgs/share/colcon-core/packages/easy_handeye2_msgs)
[10.964s] Level 1:colcon.colcon_core.environment:create_environment_scripts_only(easy_handeye2_msgs)
[10.964s] Level 1:colcon.colcon_core.environment:checking '/home/zzy/ur_real/install/easy_handeye2_msgs' for CMake module files
[10.965s] Level 1:colcon.colcon_core.environment:checking '/home/zzy/ur_real/install/easy_handeye2_msgs' for CMake config files
[10.965s] Level 1:colcon.colcon_core.shell:create_environment_hook('easy_handeye2_msgs', 'cmake_prefix_path')
[10.966s] INFO:colcon.colcon_core.shell:Creating environment hook '/home/zzy/ur_real/install/easy_handeye2_msgs/share/easy_handeye2_msgs/hook/cmake_prefix_path.ps1'
[10.966s] INFO:colcon.colcon_core.shell:Creating environment descriptor '/home/zzy/ur_real/install/easy_handeye2_msgs/share/easy_handeye2_msgs/hook/cmake_prefix_path.dsv'
[10.966s] INFO:colcon.colcon_core.shell:Creating environment hook '/home/zzy/ur_real/install/easy_handeye2_msgs/share/easy_handeye2_msgs/hook/cmake_prefix_path.sh'
[10.967s] Level 1:colcon.colcon_core.environment:checking '/home/zzy/ur_real/install/easy_handeye2_msgs/lib'
[10.968s] Level 1:colcon.colcon_core.shell:create_environment_hook('easy_handeye2_msgs', 'ld_library_path_lib')
[10.968s] INFO:colcon.colcon_core.shell:Creating environment hook '/home/zzy/ur_real/install/easy_handeye2_msgs/share/easy_handeye2_msgs/hook/ld_library_path_lib.ps1'
[10.968s] INFO:colcon.colcon_core.shell:Creating environment descriptor '/home/zzy/ur_real/install/easy_handeye2_msgs/share/easy_handeye2_msgs/hook/ld_library_path_lib.dsv'
[10.969s] INFO:colcon.colcon_core.shell:Creating environment hook '/home/zzy/ur_real/install/easy_handeye2_msgs/share/easy_handeye2_msgs/hook/ld_library_path_lib.sh'
[10.969s] Level 1:colcon.colcon_core.environment:checking '/home/zzy/ur_real/install/easy_handeye2_msgs/bin'
[10.969s] Level 1:colcon.colcon_core.environment:checking '/home/zzy/ur_real/install/easy_handeye2_msgs/lib/pkgconfig/easy_handeye2_msgs.pc'
[10.970s] Level 1:colcon.colcon_core.environment:checking '/home/zzy/ur_real/install/easy_handeye2_msgs/lib/python3.10/site-packages'
[10.970s] Level 1:colcon.colcon_core.environment:checking '/home/zzy/ur_real/install/easy_handeye2_msgs/bin'
[10.970s] INFO:colcon.colcon_core.shell:Creating package script '/home/zzy/ur_real/install/easy_handeye2_msgs/share/easy_handeye2_msgs/package.ps1'
[10.971s] INFO:colcon.colcon_core.shell:Creating package descriptor '/home/zzy/ur_real/install/easy_handeye2_msgs/share/easy_handeye2_msgs/package.dsv'
[10.971s] INFO:colcon.colcon_core.shell:Creating package script '/home/zzy/ur_real/install/easy_handeye2_msgs/share/easy_handeye2_msgs/package.sh'
[10.973s] INFO:colcon.colcon_core.shell:Creating package script '/home/zzy/ur_real/install/easy_handeye2_msgs/share/easy_handeye2_msgs/package.bash'
[10.973s] INFO:colcon.colcon_core.shell:Creating package script '/home/zzy/ur_real/install/easy_handeye2_msgs/share/easy_handeye2_msgs/package.zsh'
[10.973s] Level 1:colcon.colcon_core.environment:create_file_with_runtime_dependencies(/home/zzy/ur_real/install/easy_handeye2_msgs/share/colcon-core/packages/easy_handeye2_msgs)
[10.974s] INFO:colcon.colcon_ros.task.ament_python.build:Building ROS package in '/home/zzy/ur_real/src/easy_handeye2/easy_handeye2' with build type 'ament_python'
[10.974s] Level 1:colcon.colcon_core.shell:create_environment_hook('easy_handeye2', 'ament_prefix_path')
[10.975s] INFO:colcon.colcon_core.shell:Creating environment hook '/home/zzy/ur_real/install/easy_handeye2/share/easy_handeye2/hook/ament_prefix_path.ps1'
[10.976s] INFO:colcon.colcon_core.shell:Creating environment descriptor '/home/zzy/ur_real/install/easy_handeye2/share/easy_handeye2/hook/ament_prefix_path.dsv'
[10.976s] INFO:colcon.colcon_core.shell:Creating environment hook '/home/zzy/ur_real/install/easy_handeye2/share/easy_handeye2/hook/ament_prefix_path.sh'
[10.977s] INFO:colcon.colcon_core.shell:Skip shell extension 'powershell' for command environment: Not usable outside of PowerShell
[10.977s] DEBUG:colcon.colcon_core.shell:Skip shell extension 'dsv' for command environment
[11.132s] INFO:colcon.colcon_core.task.python.build:Building Python package in '/home/zzy/ur_real/src/easy_handeye2/easy_handeye2'
[11.132s] INFO:colcon.colcon_core.shell:Skip shell extension 'powershell' for command environment: Not usable outside of PowerShell
[11.132s] DEBUG:colcon.colcon_core.shell:Skip shell extension 'dsv' for command environment
[11.475s] DEBUG:colcon.colcon_core.event_handler.log_command:Invoking command in '/home/zzy/ur_real/build/easy_handeye2': AMENT_PREFIX_PATH=/home/zzy/ur_real/install/easy_handeye2_msgs:${AMENT_PREFIX_PATH} CMAKE_PREFIX_PATH=/home/zzy/ur_real/install/easy_handeye2_msgs:${CMAKE_PREFIX_PATH} LD_LIBRARY_PATH=/home/zzy/ur_real/install/easy_handeye2_msgs/lib:/home/zzy/ur_real/install/ferrobotics/lib:/opt/ros/humble/opt/rviz_ogre_vendor/lib:/opt/ros/humble/lib/x86_64-linux-gnu:/opt/ros/humble/lib:/home/zzy/mujoco-3.1.6/bin PYTHONPATH=/home/zzy/ur_real/build/easy_handeye2/prefix_override:/home/zzy/.local/lib/python3.10/site-packages/colcon_core/task/python/colcon_distutils_commands:/home/zzy/ur_real/install/easy_handeye2/lib/python3.10/site-packages:/home/zzy/ur_real/install/easy_handeye2_msgs/local/lib/python3.10/dist-packages:${PYTHONPATH} /usr/bin/python3 -W ignore:setup.py install is deprecated setup.py develop --editable --build-directory /home/zzy/ur_real/build/easy_handeye2/build --no-deps symlink_data
[11.888s] Level 1:colcon.colcon_core.shell:create_environment_hook('easy_handeye2', 'pythonpath_develop')
[11.889s] INFO:colcon.colcon_core.shell:Creating environment hook '/home/zzy/ur_real/build/easy_handeye2/share/easy_handeye2/hook/pythonpath_develop.ps1'
[11.889s] DEBUG:colcon.colcon_core.event_handler.log_command:Invoked command in '/home/zzy/ur_real/build/easy_handeye2' returned '0': AMENT_PREFIX_PATH=/home/zzy/ur_real/install/easy_handeye2_msgs:${AMENT_PREFIX_PATH} CMAKE_PREFIX_PATH=/home/zzy/ur_real/install/easy_handeye2_msgs:${CMAKE_PREFIX_PATH} LD_LIBRARY_PATH=/home/zzy/ur_real/install/easy_handeye2_msgs/lib:/home/zzy/ur_real/install/ferrobotics/lib:/opt/ros/humble/opt/rviz_ogre_vendor/lib:/opt/ros/humble/lib/x86_64-linux-gnu:/opt/ros/humble/lib:/home/zzy/mujoco-3.1.6/bin PYTHONPATH=/home/zzy/ur_real/build/easy_handeye2/prefix_override:/home/zzy/.local/lib/python3.10/site-packages/colcon_core/task/python/colcon_distutils_commands:/home/zzy/ur_real/install/easy_handeye2/lib/python3.10/site-packages:/home/zzy/ur_real/install/easy_handeye2_msgs/local/lib/python3.10/dist-packages:${PYTHONPATH} /usr/bin/python3 -W ignore:setup.py install is deprecated setup.py develop --editable --build-directory /home/zzy/ur_real/build/easy_handeye2/build --no-deps symlink_data
[11.889s] INFO:colcon.colcon_core.shell:Creating environment descriptor '/home/zzy/ur_real/build/easy_handeye2/share/easy_handeye2/hook/pythonpath_develop.dsv'
[11.889s] INFO:colcon.colcon_core.shell:Creating environment hook '/home/zzy/ur_real/build/easy_handeye2/share/easy_handeye2/hook/pythonpath_develop.sh'
[11.890s] Level 1:colcon.colcon_core.environment:checking '/home/zzy/ur_real/install/easy_handeye2' for CMake module files
[11.890s] Level 1:colcon.colcon_core.environment:checking '/home/zzy/ur_real/install/easy_handeye2' for CMake config files
[11.890s] Level 1:colcon.colcon_core.environment:checking '/home/zzy/ur_real/install/easy_handeye2/lib'
[11.890s] Level 1:colcon.colcon_core.environment:checking '/home/zzy/ur_real/install/easy_handeye2/bin'
[11.890s] Level 1:colcon.colcon_core.environment:checking '/home/zzy/ur_real/install/easy_handeye2/lib/pkgconfig/easy_handeye2.pc'
[11.891s] Level 1:colcon.colcon_core.environment:checking '/home/zzy/ur_real/install/easy_handeye2/lib/python3.10/site-packages'
[11.891s] Level 1:colcon.colcon_core.shell:create_environment_hook('easy_handeye2', 'pythonpath')
[11.891s] INFO:colcon.colcon_core.shell:Creating environment hook '/home/zzy/ur_real/install/easy_handeye2/share/easy_handeye2/hook/pythonpath.ps1'
[11.891s] INFO:colcon.colcon_core.shell:Creating environment descriptor '/home/zzy/ur_real/install/easy_handeye2/share/easy_handeye2/hook/pythonpath.dsv'
[11.891s] INFO:colcon.colcon_core.shell:Creating environment hook '/home/zzy/ur_real/install/easy_handeye2/share/easy_handeye2/hook/pythonpath.sh'
[11.892s] Level 1:colcon.colcon_core.environment:checking '/home/zzy/ur_real/install/easy_handeye2/bin'
[11.892s] Level 1:colcon.colcon_core.environment:create_environment_scripts_only(easy_handeye2)
[11.892s] INFO:colcon.colcon_core.shell:Creating package script '/home/zzy/ur_real/install/easy_handeye2/share/easy_handeye2/package.ps1'
[11.892s] INFO:colcon.colcon_core.shell:Creating package descriptor '/home/zzy/ur_real/install/easy_handeye2/share/easy_handeye2/package.dsv'
[11.893s] INFO:colcon.colcon_core.shell:Creating package script '/home/zzy/ur_real/install/easy_handeye2/share/easy_handeye2/package.sh'
[11.893s] INFO:colcon.colcon_core.shell:Creating package script '/home/zzy/ur_real/install/easy_handeye2/share/easy_handeye2/package.bash'
[11.893s] INFO:colcon.colcon_core.shell:Creating package script '/home/zzy/ur_real/install/easy_handeye2/share/easy_handeye2/package.zsh'
[11.893s] Level 1:colcon.colcon_core.environment:create_file_with_runtime_dependencies(/home/zzy/ur_real/install/easy_handeye2/share/colcon-core/packages/easy_handeye2)
[11.893s] DEBUG:colcon.colcon_parallel_executor.executor.parallel:closing loop
[11.893s] DEBUG:colcon.colcon_parallel_executor.executor.parallel:loop closed
[11.893s] DEBUG:colcon.colcon_parallel_executor.executor.parallel:run_until_complete finished with '0'
[11.893s] DEBUG:colcon.colcon_core.event_reactor:joining thread
[11.897s] INFO:colcon.colcon_core.plugin_system:Skipping extension 'colcon_notification.desktop_notification.terminal_notifier': Not used on non-Darwin systems
[11.897s] INFO:colcon.colcon_core.plugin_system:Skipping extension 'colcon_notification.desktop_notification.win32': Not used on non-Windows systems
[11.898s] INFO:colcon.colcon_notification.desktop_notification:Sending desktop notification using 'notify2'
[11.906s] DEBUG:colcon.colcon_core.event_reactor:joined thread
[11.906s] INFO:colcon.colcon_core.shell:Creating prefix script '/home/zzy/ur_real/install/local_setup.ps1'
[11.907s] INFO:colcon.colcon_core.shell:Creating prefix util module '/home/zzy/ur_real/install/_local_setup_util_ps1.py'
[11.908s] INFO:colcon.colcon_core.shell:Creating prefix chain script '/home/zzy/ur_real/install/setup.ps1'
[11.909s] INFO:colcon.colcon_core.shell:Creating prefix script '/home/zzy/ur_real/install/local_setup.sh'
[11.909s] INFO:colcon.colcon_core.shell:Creating prefix util module '/home/zzy/ur_real/install/_local_setup_util_sh.py'
[11.909s] INFO:colcon.colcon_core.shell:Creating prefix chain script '/home/zzy/ur_real/install/setup.sh'
[11.910s] INFO:colcon.colcon_core.shell:Creating prefix script '/home/zzy/ur_real/install/local_setup.bash'
[11.911s] INFO:colcon.colcon_core.shell:Creating prefix chain script '/home/zzy/ur_real/install/setup.bash'
[11.912s] INFO:colcon.colcon_core.shell:Creating prefix script '/home/zzy/ur_real/install/local_setup.zsh'
[11.912s] INFO:colcon.colcon_core.shell:Creating prefix chain script '/home/zzy/ur_real/install/setup.zsh'
